{
  "demo": false,
  "temperature": 0.5,
  "pre": {
    "ece": 0.17631782435102408,
    "mce": 0.2368211403508771,
    "brier": 0.03580458771739382
  },
  "post": {
    "ece": 0.05450182249430846,
    "mce": 0.10963031040045745,
    "brier": 0.004396394253652181
  }
}