window_id,composition,semantic_attack_family,sender,is_kinematic_attacker,is_semantic_attacker,decision,contributors,b3_label,mbd_evidence
mix-00000,semantic_only,authority_override,6147,False,True,REJECT,"B1,B2,CP,B3",MALICIOUS,No history yet; baseline assumed valid.
mix-00000,semantic_only,authority_override,6117,False,False,ACCEPT,"B1,B2,CP,B3",BENIGN,No history yet; baseline assumed valid.
mix-00000,semantic_only,authority_override,6141,False,False,ACCEPT,"B1,B2,CP,B3",BENIGN,No history yet; baseline assumed valid.
mix-00000,semantic_only,authority_override,6147,False,True,REJECT,"B1,B2,CP,B3",MALICIOUS,
mix-00000,semantic_only,authority_override,6117,False,False,CAUTION,"B1,B2,CP,B3",BENIGN,
mix-00000,semantic_only,authority_override,6141,False,False,CAUTION,"B1,B2,CP,B3",BENIGN,
mix-00000,semantic_only,authority_override,6147,False,True,REJECT,"B1,B2,CP,B3",MALICIOUS,
mix-00000,semantic_only,authority_override,6117,False,False,CAUTION,"B1,B2,CP,B3",BENIGN,
mix-00000,semantic_only,authority_override,6141,False,False,CAUTION,"B1,B2,CP,B3",BENIGN,
mix-00000,semantic_only,authority_override,6147,False,True,REJECT,"B1,B2,CP,B3",MALICIOUS,
mix-00000,semantic_only,authority_override,6117,False,False,CAUTION,"B1,B2,CP,B3",BENIGN,
mix-00000,semantic_only,authority_override,6141,False,False,CAUTION,"B1,B2,CP,B3",BENIGN,
mix-00000,semantic_only,authority_override,6147,False,True,REJECT,"B1,B2,CP,B3",MALICIOUS,
mix-00000,semantic_only,authority_override,6117,False,False,CAUTION,"B1,B2,CP,B3",BENIGN,
mix-00000,semantic_only,authority_override,6141,False,False,CAUTION,"B1,B2,CP,B3",BENIGN,
mix-00000,semantic_only,authority_override,6147,False,True,REJECT,"B1,B2,CP,B3",MALICIOUS,
mix-00000,semantic_only,authority_override,6117,False,False,CAUTION,"B1,B2,CP,B3",BENIGN,
mix-00000,semantic_only,authority_override,6141,False,False,CAUTION,"B1,B2,CP,B3",BENIGN,
mix-00000,semantic_only,authority_override,6147,False,True,REJECT,"B1,B2,CP,B3",MALICIOUS,
mix-00000,semantic_only,authority_override,6117,False,False,CAUTION,"B1,B2,CP,B3",BENIGN,
mix-00000,semantic_only,authority_override,6141,False,False,CAUTION,"B1,B2,CP,B3",BENIGN,
mix-00000,semantic_only,authority_override,6147,False,True,REJECT,"B1,B2,CP,B3",MALICIOUS,
mix-00000,semantic_only,authority_override,6117,False,False,CAUTION,"B1,B2,CP,B3",BENIGN,
mix-00000,semantic_only,authority_override,6141,False,False,CAUTION,"B1,B2,CP,B3",BENIGN,
mix-00001,semantic_only,role_manipulation,9849,False,False,ACCEPT,"B1,B2,CP,B3",BENIGN,No history yet; baseline assumed valid.
mix-00001,semantic_only,role_manipulation,9669,False,True,ACCEPT,"B1,B2,CP,B3",BENIGN,No history yet; baseline assumed valid.
mix-00001,semantic_only,role_manipulation,9723,False,False,ACCEPT,"B1,B2,CP,B3",BENIGN,No history yet; baseline assumed valid.
mix-00001,semantic_only,role_manipulation,9849,False,False,ACCEPT,"B1,B2,CP,B3",BENIGN,
mix-00001,semantic_only,role_manipulation,9669,False,True,ACCEPT,"B1,B2,CP,B3",BENIGN,
mix-00001,semantic_only,role_manipulation,9723,False,False,CAUTION,"B1,B2,CP,B3",BENIGN,
mix-00001,semantic_only,role_manipulation,9849,False,False,CAUTION,"B1,B2,CP,B3",BENIGN,"Speed out of bounds: 231.0 km/h (limit: [0, 180.0])"
mix-00001,semantic_only,role_manipulation,9669,False,True,CAUTION,"B1,B2,CP,B3",BENIGN,
mix-00001,semantic_only,role_manipulation,9723,False,False,CAUTION,"B1,B2,CP,B3",BENIGN,
mix-00001,semantic_only,role_manipulation,9849,False,False,ACCEPT,"B1,B2,CP,B3",BENIGN,
mix-00001,semantic_only,role_manipulation,9669,False,True,CAUTION,"B1,B2,CP,B3",BENIGN,
mix-00001,semantic_only,role_manipulation,9723,False,False,CAUTION,"B1,B2,CP,B3",BENIGN,
mix-00001,semantic_only,role_manipulation,9849,False,False,ACCEPT,"B1,B2,CP,B3",BENIGN,
mix-00001,semantic_only,role_manipulation,9669,False,True,CAUTION,"B1,B2,CP,B3",BENIGN,
mix-00001,semantic_only,role_manipulation,9723,False,False,CAUTION,"B1,B2,CP,B3",BENIGN,
mix-00001,semantic_only,role_manipulation,9849,False,False,ACCEPT,"B1,B2,CP,B3",BENIGN,
mix-00001,semantic_only,role_manipulation,9669,False,True,CAUTION,"B1,B2,CP,B3",BENIGN,
mix-00001,semantic_only,role_manipulation,9723,False,False,ACCEPT,"B1,B2,CP,B3",BENIGN,
mix-00001,semantic_only,role_manipulation,9849,False,False,ACCEPT,"B1,B2,CP,B3",BENIGN,
mix-00001,semantic_only,role_manipulation,9669,False,True,CAUTION,"B1,B2,CP,B3",BENIGN,
mix-00001,semantic_only,role_manipulation,9723,False,False,ACCEPT,"B1,B2,CP,B3",BENIGN,
mix-00001,semantic_only,role_manipulation,9849,False,False,CAUTION,"B1,B2,CP,B3",BENIGN,Constant Position check: Vehicle reports movement (avg speed 46.20 km/h) but displacement is only 0.50m over 5000.01s.
mix-00001,semantic_only,role_manipulation,9669,False,True,CAUTION,"B1,B2,CP,B3",BENIGN,
mix-00001,semantic_only,role_manipulation,9723,False,False,ACCEPT,"B1,B2,CP,B3",BENIGN,
mix-00001,semantic_only,role_manipulation,9849,False,False,ACCEPT,"B1,B2,CP,B3",BENIGN,
mix-00001,semantic_only,role_manipulation,9669,False,True,CAUTION,"B1,B2,CP,B3",BENIGN,
mix-00001,semantic_only,role_manipulation,9723,False,False,CAUTION,"B1,B2,CP,B3",BENIGN,
mix-00001,semantic_only,role_manipulation,9849,False,False,ACCEPT,"B1,B2,CP,B3",BENIGN,
mix-00001,semantic_only,role_manipulation,9669,False,True,ACCEPT,"B1,B2,CP,B3",BENIGN,
mix-00001,semantic_only,role_manipulation,9723,False,False,CAUTION,"B1,B2,CP,B3",BENIGN,
mix-00001,semantic_only,role_manipulation,9849,False,False,ACCEPT,"B1,B2,CP,B3",BENIGN,
mix-00001,semantic_only,role_manipulation,9669,False,True,ACCEPT,"B1,B2,CP,B3",BENIGN,
mix-00001,semantic_only,role_manipulation,9723,False,False,CAUTION,"B1,B2,CP,B3",BENIGN,
mix-00001,semantic_only,role_manipulation,9849,False,False,ACCEPT,"B1,B2,CP,B3",BENIGN,
mix-00001,semantic_only,role_manipulation,9669,False,True,ACCEPT,"B1,B2,CP,B3",BENIGN,
mix-00001,semantic_only,role_manipulation,9723,False,False,CAUTION,"B1,B2,CP,B3",BENIGN,
mix-00002,semantic_only,false_clearance,6885,False,False,ACCEPT,"B1,B2,CP,B3",BENIGN,No history yet; baseline assumed valid.
mix-00002,semantic_only,false_clearance,6777,False,False,ACCEPT,"B1,B2,CP,B3",BENIGN,No history yet; baseline assumed valid.
mix-00002,semantic_only,false_clearance,6783,False,False,ACCEPT,"B1,B2,CP,B3",BENIGN,No history yet; baseline assumed valid.
mix-00002,semantic_only,false_clearance,6879,False,True,CAUTION,"B1,B2,CP,B3",MALICIOUS,No history yet; baseline assumed valid.
mix-00002,semantic_only,false_clearance,6885,False,False,CAUTION,"B1,B2,CP,B3",BENIGN,
mix-00002,semantic_only,false_clearance,6777,False,False,CAUTION,"B1,B2,CP,B3",BENIGN,
mix-00002,semantic_only,false_clearance,6783,False,False,ACCEPT,"B1,B2,CP,B3",BENIGN,
mix-00002,semantic_only,false_clearance,6879,False,True,CAUTION,"B1,B2,CP,B3",MALICIOUS,
mix-00002,semantic_only,false_clearance,6885,False,False,CAUTION,"B1,B2,CP,B3",BENIGN,
mix-00002,semantic_only,false_clearance,6777,False,False,CAUTION,"B1,B2,CP,B3",BENIGN,
mix-00002,semantic_only,false_clearance,6783,False,False,CAUTION,"B1,B2,CP,B3",BENIGN,
mix-00002,semantic_only,false_clearance,6879,False,True,CAUTION,"B1,B2,CP,B3",MALICIOUS,
mix-00002,semantic_only,false_clearance,6885,False,False,CAUTION,"B1,B2,CP,B3",BENIGN,
mix-00002,semantic_only,false_clearance,6777,False,False,CAUTION,"B1,B2,CP,B3",BENIGN,
mix-00002,semantic_only,false_clearance,6783,False,False,CAUTION,"B1,B2,CP,B3",BENIGN,
mix-00002,semantic_only,false_clearance,6879,False,True,CAUTION,"B1,B2,CP,B3",MALICIOUS,
mix-00002,semantic_only,false_clearance,6885,False,False,CAUTION,"B1,B2,CP,B3",BENIGN,
mix-00002,semantic_only,false_clearance,6777,False,False,CAUTION,"B1,B2,CP,B3",BENIGN,
mix-00002,semantic_only,false_clearance,6783,False,False,CAUTION,"B1,B2,CP,B3",BENIGN,
mix-00002,semantic_only,false_clearance,6879,False,True,CAUTION,"B1,B2,CP,B3",MALICIOUS,
mix-00002,semantic_only,false_clearance,6885,False,False,CAUTION,"B1,B2,CP,B3",BENIGN,
mix-00002,semantic_only,false_clearance,6777,False,False,CAUTION,"B1,B2,CP,B3",BENIGN,
mix-00002,semantic_only,false_clearance,6783,False,False,CAUTION,"B1,B2,CP,B3",BENIGN,
mix-00002,semantic_only,false_clearance,6879,False,True,CAUTION,"B1,B2,CP,B3",MALICIOUS,
mix-00002,semantic_only,false_clearance,6885,False,False,ACCEPT,"B1,B2,CP,B3",BENIGN,
mix-00002,semantic_only,false_clearance,6777,False,False,CAUTION,"B1,B2,CP,B3",BENIGN,
mix-00002,semantic_only,false_clearance,6783,False,False,CAUTION,"B1,B2,CP,B3",BENIGN,
mix-00002,semantic_only,false_clearance,6879,False,True,CAUTION,"B1,B2,CP,B3",MALICIOUS,
mix-00003,clean,,8907,False,False,ACCEPT,"B1,B2,CP,B3",BENIGN,No history yet; baseline assumed valid.
mix-00003,clean,,9039,False,False,ACCEPT,"B1,B2,CP,B3",BENIGN,No history yet; baseline assumed valid.
mix-00003,clean,,9045,False,False,ACCEPT,"B1,B2,CP,B3",BENIGN,No history yet; baseline assumed valid.
mix-00003,clean,,9009,False,False,ACCEPT,"B1,B2,CP,B3",BENIGN,No history yet; baseline assumed valid.
mix-00003,clean,,8907,False,False,CAUTION,"B1,B2,CP,B3",BENIGN,
mix-00003,clean,,9039,False,False,CAUTION,"B1,B2,CP,B3",BENIGN,
mix-00003,clean,,9045,False,False,CAUTION,"B1,B2,CP,B3",BENIGN,
mix-00003,clean,,9009,False,False,CAUTION,"B1,B2,CP,B3",BENIGN,
mix-00003,clean,,8907,False,False,ACCEPT,"B1,B2,CP,B3",BENIGN,
mix-00003,clean,,9039,False,False,CAUTION,"B1,B2,CP,B3",BENIGN,
mix-00003,clean,,9045,False,False,CAUTION,"B1,B2,CP,B3",BENIGN,
mix-00003,clean,,9009,False,False,CAUTION,"B1,B2,CP,B3",BENIGN,
mix-00003,clean,,8907,False,False,ACCEPT,"B1,B2,CP,B3",BENIGN,
mix-00003,clean,,9039,False,False,CAUTION,"B1,B2,CP,B3",BENIGN,
mix-00003,clean,,9045,False,False,CAUTION,"B1,B2,CP,B3",BENIGN,
mix-00003,clean,,9009,False,False,CAUTION,"B1,B2,CP,B3",BENIGN,
mix-00003,clean,,8907,False,False,CAUTION,"B1,B2,CP,B3",BENIGN,
mix-00003,clean,,9039,False,False,CAUTION,"B1,B2,CP,B3",BENIGN,
mix-00003,clean,,9045,False,False,CAUTION,"B1,B2,CP,B3",BENIGN,
mix-00003,clean,,9009,False,False,CAUTION,"B1,B2,CP,B3",BENIGN,
mix-00004,semantic_only,context_inversion,7029,False,False,ACCEPT,"B1,B2,CP,B3",BENIGN,No history yet; baseline assumed valid.
mix-00004,semantic_only,context_inversion,7017,False,False,ACCEPT,"B1,B2,CP,B3",BENIGN,No history yet; baseline assumed valid.
mix-00004,semantic_only,context_inversion,7023,False,True,CAUTION,"B1,B2,CP,B3",BENIGN,No history yet; baseline assumed valid.
mix-00004,semantic_only,context_inversion,7029,False,False,CAUTION,"B1,B2,CP,B3",BENIGN,
mix-00004,semantic_only,context_inversion,7017,False,False,CAUTION,"B1,B2,CP,B3",BENIGN,
mix-00004,semantic_only,context_inversion,7023,False,True,CAUTION,"B1,B2,CP,B3",BENIGN,
mix-00004,semantic_only,context_inversion,7029,False,False,CAUTION,"B1,B2,CP,B3",BENIGN,
mix-00004,semantic_only,context_inversion,7017,False,False,CAUTION,"B1,B2,CP,B3",BENIGN,
mix-00004,semantic_only,context_inversion,7023,False,True,CAUTION,"B1,B2,CP,B3",BENIGN,
mix-00004,semantic_only,context_inversion,7029,False,False,CAUTION,"B1,B2,CP,B3",BENIGN,
mix-00004,semantic_only,context_inversion,7017,False,False,CAUTION,"B1,B2,CP,B3",BENIGN,
mix-00004,semantic_only,context_inversion,7023,False,True,CAUTION,"B1,B2,CP,B3",BENIGN,
mix-00004,semantic_only,context_inversion,7029,False,False,CAUTION,"B1,B2,CP,B3",BENIGN,
mix-00004,semantic_only,context_inversion,7017,False,False,CAUTION,"B1,B2,CP,B3",BENIGN,
mix-00004,semantic_only,context_inversion,7023,False,True,CAUTION,"B1,B2,CP,B3",BENIGN,
mix-00004,semantic_only,context_inversion,7029,False,False,CAUTION,"B1,B2,CP,B3",BENIGN,
mix-00004,semantic_only,context_inversion,7017,False,False,CAUTION,"B1,B2,CP,B3",BENIGN,
mix-00004,semantic_only,context_inversion,7023,False,True,CAUTION,"B1,B2,CP,B3",BENIGN,
mix-00004,semantic_only,context_inversion,7029,False,False,CAUTION,"B1,B2,CP,B3",BENIGN,
mix-00004,semantic_only,context_inversion,7017,False,False,CAUTION,"B1,B2,CP,B3",BENIGN,
mix-00004,semantic_only,context_inversion,7023,False,True,CAUTION,"B1,B2,CP,B3",BENIGN,
mix-00004,semantic_only,context_inversion,7029,False,False,CAUTION,"B1,B2,CP,B3",BENIGN,
mix-00004,semantic_only,context_inversion,7017,False,False,CAUTION,"B1,B2,CP,B3",BENIGN,
mix-00004,semantic_only,context_inversion,7023,False,True,CAUTION,"B1,B2,CP,B3",BENIGN,
mix-00004,semantic_only,context_inversion,7029,False,False,CAUTION,"B1,B2,CP,B3",BENIGN,
mix-00004,semantic_only,context_inversion,7017,False,False,CAUTION,"B1,B2,CP,B3",BENIGN,
mix-00004,semantic_only,context_inversion,7023,False,True,CAUTION,"B1,B2,CP,B3",BENIGN,
mix-00004,semantic_only,context_inversion,7029,False,False,CAUTION,"B1,B2,CP,B3",BENIGN,
mix-00004,semantic_only,context_inversion,7017,False,False,CAUTION,"B1,B2,CP,B3",BENIGN,
mix-00004,semantic_only,context_inversion,7023,False,True,CAUTION,"B1,B2,CP,B3",BENIGN,
mix-00004,semantic_only,context_inversion,7029,False,False,CAUTION,"B1,B2,CP,B3",BENIGN,
mix-00004,semantic_only,context_inversion,7017,False,False,CAUTION,"B1,B2,CP,B3",BENIGN,
mix-00004,semantic_only,context_inversion,7023,False,True,CAUTION,"B1,B2,CP,B3",BENIGN,
mix-00004,semantic_only,context_inversion,7029,False,False,CAUTION,"B1,B2,CP,B3",BENIGN,
mix-00004,semantic_only,context_inversion,7017,False,False,CAUTION,"B1,B2,CP,B3",BENIGN,
mix-00004,semantic_only,context_inversion,7023,False,True,CAUTION,"B1,B2,CP,B3",BENIGN,
mix-00004,semantic_only,context_inversion,7029,False,False,CAUTION,"B1,B2,CP,B3",BENIGN,
mix-00004,semantic_only,context_inversion,7017,False,False,CAUTION,"B1,B2,CP,B3",BENIGN,
mix-00004,semantic_only,context_inversion,7023,False,True,CAUTION,"B1,B2,CP,B3",BENIGN,
mix-00004,semantic_only,context_inversion,7029,False,False,CAUTION,"B1,B2,CP,B3",BENIGN,
mix-00004,semantic_only,context_inversion,7017,False,False,CAUTION,"B1,B2,CP,B3",BENIGN,
mix-00004,semantic_only,context_inversion,7023,False,True,CAUTION,"B1,B2,CP,B3",BENIGN,
mix-00004,semantic_only,context_inversion,7029,False,False,CAUTION,"B1,B2,CP,B3",BENIGN,
mix-00004,semantic_only,context_inversion,7017,False,False,CAUTION,"B1,B2,CP,B3",BENIGN,
mix-00004,semantic_only,context_inversion,7023,False,True,CAUTION,"B1,B2,CP,B3",BENIGN,
mix-00004,semantic_only,context_inversion,7029,False,False,CAUTION,"B1,B2,CP,B3",BENIGN,
mix-00004,semantic_only,context_inversion,7017,False,False,CAUTION,"B1,B2,CP,B3",BENIGN,
mix-00004,semantic_only,context_inversion,7023,False,True,CAUTION,"B1,B2,CP,B3",BENIGN,
mix-00004,semantic_only,context_inversion,7029,False,False,CAUTION,"B1,B2,CP,B3",BENIGN,
mix-00004,semantic_only,context_inversion,7017,False,False,ACCEPT,"B1,B2,CP,B3",BENIGN,
mix-00004,semantic_only,context_inversion,7023,False,True,CAUTION,"B1,B2,CP,B3",BENIGN,
mix-00004,semantic_only,context_inversion,7029,False,False,CAUTION,"B1,B2,CP,B3",BENIGN,
mix-00004,semantic_only,context_inversion,7017,False,False,ACCEPT,"B1,B2,CP,B3",BENIGN,
mix-00004,semantic_only,context_inversion,7023,False,True,CAUTION,"B1,B2,CP,B3",BENIGN,
mix-00004,semantic_only,context_inversion,7029,False,False,CAUTION,"B1,B2,CP,B3",BENIGN,
mix-00004,semantic_only,context_inversion,7017,False,False,ACCEPT,"B1,B2,CP,B3",BENIGN,
mix-00004,semantic_only,context_inversion,7023,False,True,CAUTION,"B1,B2,CP,B3",BENIGN,
mix-00004,semantic_only,context_inversion,7029,False,False,ACCEPT,"B1,B2,CP,B3",BENIGN,
mix-00004,semantic_only,context_inversion,7017,False,False,CAUTION,"B1,B2,CP,B3",BENIGN,
mix-00004,semantic_only,context_inversion,7023,False,True,CAUTION,"B1,B2,CP,B3",BENIGN,
mix-00004,semantic_only,context_inversion,7029,False,False,ACCEPT,"B1,B2,CP,B3",BENIGN,
mix-00004,semantic_only,context_inversion,7017,False,False,CAUTION,"B1,B2,CP,B3",BENIGN,
mix-00004,semantic_only,context_inversion,7023,False,True,CAUTION,"B1,B2,CP,B3",BENIGN,
mix-00004,semantic_only,context_inversion,7029,False,False,ACCEPT,"B1,B2,CP,B3",BENIGN,
mix-00004,semantic_only,context_inversion,7017,False,False,CAUTION,"B1,B2,CP,B3",BENIGN,
mix-00004,semantic_only,context_inversion,7023,False,True,CAUTION,"B1,B2,CP,B3",BENIGN,
mix-00004,semantic_only,context_inversion,7029,False,False,CAUTION,"B1,B2,CP,B3",BENIGN,
mix-00004,semantic_only,context_inversion,7017,False,False,CAUTION,"B1,B2,CP,B3",BENIGN,
mix-00004,semantic_only,context_inversion,7023,False,True,CAUTION,"B1,B2,CP,B3",BENIGN,
mix-00004,semantic_only,context_inversion,7029,False,False,CAUTION,"B1,B2,CP,B3",BENIGN,
mix-00004,semantic_only,context_inversion,7017,False,False,CAUTION,"B1,B2,CP,B3",BENIGN,
mix-00004,semantic_only,context_inversion,7023,False,True,CAUTION,"B1,B2,CP,B3",BENIGN,
mix-00004,semantic_only,context_inversion,7029,False,False,CAUTION,"B1,B2,CP,B3",BENIGN,
mix-00004,semantic_only,context_inversion,7017,False,False,CAUTION,"B1,B2,CP,B3",BENIGN,
mix-00004,semantic_only,context_inversion,7023,False,True,CAUTION,"B1,B2,CP,B3",BENIGN,
mix-00004,semantic_only,context_inversion,7029,False,False,CAUTION,"B1,B2,CP,B3",BENIGN,
mix-00004,semantic_only,context_inversion,7017,False,False,CAUTION,"B1,B2,CP,B3",BENIGN,
mix-00004,semantic_only,context_inversion,7023,False,True,CAUTION,"B1,B2,CP,B3",BENIGN,
mix-00004,semantic_only,context_inversion,7029,False,False,CAUTION,"B1,B2,CP,B3",BENIGN,
mix-00004,semantic_only,context_inversion,7017,False,False,CAUTION,"B1,B2,CP,B3",BENIGN,
mix-00004,semantic_only,context_inversion,7023,False,True,CAUTION,"B1,B2,CP,B3",BENIGN,
mix-00004,semantic_only,context_inversion,7029,False,False,CAUTION,"B1,B2,CP,B3",BENIGN,
mix-00004,semantic_only,context_inversion,7017,False,False,CAUTION,"B1,B2,CP,B3",BENIGN,
mix-00004,semantic_only,context_inversion,7023,False,True,CAUTION,"B1,B2,CP,B3",BENIGN,
mix-00004,semantic_only,context_inversion,7029,False,False,CAUTION,"B1,B2,CP,B3",BENIGN,
mix-00004,semantic_only,context_inversion,7017,False,False,CAUTION,"B1,B2,CP,B3",BENIGN,
mix-00004,semantic_only,context_inversion,7023,False,True,CAUTION,"B1,B2,CP,B3",BENIGN,
mix-00004,semantic_only,context_inversion,7029,False,False,CAUTION,"B1,B2,CP,B3",BENIGN,
mix-00004,semantic_only,context_inversion,7017,False,False,CAUTION,"B1,B2,CP,B3",BENIGN,
mix-00004,semantic_only,context_inversion,7023,False,True,CAUTION,"B1,B2,CP,B3",BENIGN,
mix-00004,semantic_only,context_inversion,7029,False,False,CAUTION,"B1,B2,CP,B3",BENIGN,
mix-00004,semantic_only,context_inversion,7017,False,False,ACCEPT,"B1,B2,CP,B3",BENIGN,
mix-00004,semantic_only,context_inversion,7023,False,True,CAUTION,"B1,B2,CP,B3",BENIGN,
mix-00004,semantic_only,context_inversion,7029,False,False,CAUTION,"B1,B2,CP,B3",BENIGN,
mix-00004,semantic_only,context_inversion,7017,False,False,ACCEPT,"B1,B2,CP,B3",BENIGN,
mix-00004,semantic_only,context_inversion,7023,False,True,CAUTION,"B1,B2,CP,B3",BENIGN,
mix-00004,semantic_only,context_inversion,7029,False,False,CAUTION,"B1,B2,CP,B3",BENIGN,
mix-00004,semantic_only,context_inversion,7017,False,False,ACCEPT,"B1,B2,CP,B3",BENIGN,
mix-00004,semantic_only,context_inversion,7023,False,True,CAUTION,"B1,B2,CP,B3",BENIGN,
mix-00004,semantic_only,context_inversion,7029,False,False,CAUTION,"B1,B2,CP,B3",BENIGN,
mix-00004,semantic_only,context_inversion,7017,False,False,ACCEPT,"B1,B2,CP,B3",BENIGN,
mix-00004,semantic_only,context_inversion,7023,False,True,CAUTION,"B1,B2,CP,B3",BENIGN,
mix-00004,semantic_only,context_inversion,7029,False,False,ACCEPT,"B1,B2,CP,B3",BENIGN,
mix-00004,semantic_only,context_inversion,7017,False,False,CAUTION,"B1,B2,CP,B3",BENIGN,
mix-00004,semantic_only,context_inversion,7023,False,True,CAUTION,"B1,B2,CP,B3",BENIGN,
mix-00005,clean,,6363,False,False,ACCEPT,"B1,B2,CP,B3",BENIGN,No history yet; baseline assumed valid.
mix-00005,clean,,6369,False,False,ACCEPT,"B1,B2,CP,B3",BENIGN,No history yet; baseline assumed valid.
mix-00005,clean,,6357,False,False,ACCEPT,"B1,B2,CP,B3",BENIGN,No history yet; baseline assumed valid.
mix-00005,clean,,6363,False,False,CAUTION,"B1,B2,CP,B3",BENIGN,
mix-00005,clean,,6369,False,False,CAUTION,"B1,B2,CP,B3",BENIGN,
mix-00005,clean,,6357,False,False,CAUTION,"B1,B2,CP,B3",BENIGN,
mix-00005,clean,,6363,False,False,CAUTION,"B1,B2,CP,B3",BENIGN,
mix-00005,clean,,6369,False,False,CAUTION,"B1,B2,CP,B3",BENIGN,
mix-00005,clean,,6357,False,False,CAUTION,"B1,B2,CP,B3",BENIGN,
mix-00005,clean,,6363,False,False,CAUTION,"B1,B2,CP,B3",BENIGN,
mix-00005,clean,,6369,False,False,CAUTION,"B1,B2,CP,B3",BENIGN,
mix-00005,clean,,6357,False,False,CAUTION,"B1,B2,CP,B3",BENIGN,
mix-00005,clean,,6363,False,False,CAUTION,"B1,B2,CP,B3",BENIGN,
mix-00005,clean,,6369,False,False,CAUTION,"B1,B2,CP,B3",BENIGN,
mix-00005,clean,,6357,False,False,CAUTION,"B1,B2,CP,B3",BENIGN,
mix-00005,clean,,6363,False,False,CAUTION,"B1,B2,CP,B3",BENIGN,
mix-00005,clean,,6369,False,False,CAUTION,"B1,B2,CP,B3",BENIGN,
mix-00005,clean,,6357,False,False,CAUTION,"B1,B2,CP,B3",BENIGN,
mix-00005,clean,,6363,False,False,CAUTION,"B1,B2,CP,B3",BENIGN,
mix-00005,clean,,6369,False,False,CAUTION,"B1,B2,CP,B3",BENIGN,
mix-00005,clean,,6357,False,False,CAUTION,"B1,B2,CP,B3",BENIGN,
mix-00005,clean,,6363,False,False,CAUTION,"B1,B2,CP,B3",BENIGN,
mix-00005,clean,,6369,False,False,CAUTION,"B1,B2,CP,B3",BENIGN,
mix-00005,clean,,6357,False,False,CAUTION,"B1,B2,CP,B3",BENIGN,
mix-00005,clean,,6363,False,False,CAUTION,"B1,B2,CP,B3",BENIGN,
mix-00005,clean,,6369,False,False,CAUTION,"B1,B2,CP,B3",BENIGN,
mix-00005,clean,,6357,False,False,CAUTION,"B1,B2,CP,B3",BENIGN,
mix-00005,clean,,6363,False,False,CAUTION,"B1,B2,CP,B3",BENIGN,
mix-00005,clean,,6369,False,False,CAUTION,"B1,B2,CP,B3",BENIGN,
mix-00005,clean,,6357,False,False,CAUTION,"B1,B2,CP,B3",BENIGN,
mix-00005,clean,,6363,False,False,CAUTION,"B1,B2,CP,B3",BENIGN,
mix-00005,clean,,6369,False,False,CAUTION,"B1,B2,CP,B3",BENIGN,
mix-00005,clean,,6357,False,False,CAUTION,"B1,B2,CP,B3",BENIGN,
mix-00005,clean,,6363,False,False,CAUTION,"B1,B2,CP,B3",BENIGN,
mix-00005,clean,,6369,False,False,CAUTION,"B1,B2,CP,B3",BENIGN,
mix-00005,clean,,6357,False,False,CAUTION,"B1,B2,CP,B3",BENIGN,
mix-00005,clean,,6363,False,False,CAUTION,"B1,B2,CP,B3",BENIGN,
mix-00005,clean,,6369,False,False,CAUTION,"B1,B2,CP,B3",BENIGN,
mix-00005,clean,,6357,False,False,CAUTION,"B1,B2,CP,B3",BENIGN,
mix-00005,clean,,6363,False,False,CAUTION,"B1,B2,CP,B3",BENIGN,
mix-00005,clean,,6369,False,False,CAUTION,"B1,B2,CP,B3",BENIGN,
mix-00005,clean,,6357,False,False,CAUTION,"B1,B2,CP,B3",BENIGN,
mix-00005,clean,,6363,False,False,CAUTION,"B1,B2,CP,B3",BENIGN,
mix-00005,clean,,6369,False,False,CAUTION,"B1,B2,CP,B3",BENIGN,
mix-00005,clean,,6357,False,False,CAUTION,"B1,B2,CP,B3",BENIGN,
mix-00005,clean,,6363,False,False,CAUTION,"B1,B2,CP,B3",BENIGN,
mix-00005,clean,,6369,False,False,CAUTION,"B1,B2,CP,B3",BENIGN,
mix-00005,clean,,6357,False,False,CAUTION,"B1,B2,CP,B3",BENIGN,
mix-00005,clean,,6363,False,False,CAUTION,"B1,B2,CP,B3",BENIGN,
mix-00005,clean,,6369,False,False,CAUTION,"B1,B2,CP,B3",BENIGN,
mix-00005,clean,,6357,False,False,CAUTION,"B1,B2,CP,B3",BENIGN,
mix-00005,clean,,6363,False,False,CAUTION,"B1,B2,CP,B3",BENIGN,
mix-00005,clean,,6369,False,False,CAUTION,"B1,B2,CP,B3",BENIGN,
mix-00005,clean,,6357,False,False,CAUTION,"B1,B2,CP,B3",BENIGN,
mix-00005,clean,,6363,False,False,CAUTION,"B1,B2,CP,B3",BENIGN,
mix-00005,clean,,6369,False,False,CAUTION,"B1,B2,CP,B3",BENIGN,
mix-00005,clean,,6357,False,False,CAUTION,"B1,B2,CP,B3",BENIGN,
mix-00005,clean,,6363,False,False,CAUTION,"B1,B2,CP,B3",BENIGN,
mix-00005,clean,,6369,False,False,CAUTION,"B1,B2,CP,B3",BENIGN,
mix-00005,clean,,6357,False,False,CAUTION,"B1,B2,CP,B3",BENIGN,
mix-00005,clean,,6363,False,False,CAUTION,"B1,B2,CP,B3",BENIGN,
mix-00005,clean,,6369,False,False,CAUTION,"B1,B2,CP,B3",BENIGN,
mix-00005,clean,,6357,False,False,CAUTION,"B1,B2,CP,B3",BENIGN,
mix-00005,clean,,6363,False,False,CAUTION,"B1,B2,CP,B3",BENIGN,
mix-00005,clean,,6369,False,False,CAUTION,"B1,B2,CP,B3",BENIGN,
mix-00005,clean,,6357,False,False,CAUTION,"B1,B2,CP,B3",BENIGN,
mix-00005,clean,,6363,False,False,CAUTION,"B1,B2,CP,B3",BENIGN,
mix-00005,clean,,6369,False,False,CAUTION,"B1,B2,CP,B3",BENIGN,
mix-00005,clean,,6357,False,False,CAUTION,"B1,B2,CP,B3",BENIGN,
mix-00005,clean,,6363,False,False,CAUTION,"B1,B2,CP,B3",BENIGN,
mix-00005,clean,,6369,False,False,CAUTION,"B1,B2,CP,B3",BENIGN,
mix-00005,clean,,6357,False,False,CAUTION,"B1,B2,CP,B3",BENIGN,
mix-00005,clean,,6363,False,False,CAUTION,"B1,B2,CP,B3",BENIGN,
mix-00005,clean,,6369,False,False,CAUTION,"B1,B2,CP,B3",BENIGN,
mix-00005,clean,,6357,False,False,CAUTION,"B1,B2,CP,B3",BENIGN,
mix-00005,clean,,6363,False,False,CAUTION,"B1,B2,CP,B3",BENIGN,
mix-00005,clean,,6369,False,False,CAUTION,"B1,B2,CP,B3",BENIGN,
mix-00005,clean,,6357,False,False,CAUTION,"B1,B2,CP,B3",BENIGN,
mix-00005,clean,,6363,False,False,CAUTION,"B1,B2,CP,B3",BENIGN,
mix-00005,clean,,6369,False,False,CAUTION,"B1,B2,CP,B3",BENIGN,
mix-00005,clean,,6357,False,False,CAUTION,"B1,B2,CP,B3",BENIGN,
mix-00005,clean,,6363,False,False,CAUTION,"B1,B2,CP,B3",BENIGN,
mix-00005,clean,,6369,False,False,CAUTION,"B1,B2,CP,B3",BENIGN,
mix-00005,clean,,6357,False,False,CAUTION,"B1,B2,CP,B3",BENIGN,
mix-00005,clean,,6363,False,False,CAUTION,"B1,B2,CP,B3",BENIGN,
mix-00005,clean,,6369,False,False,CAUTION,"B1,B2,CP,B3",BENIGN,
mix-00005,clean,,6357,False,False,CAUTION,"B1,B2,CP,B3",BENIGN,
mix-00005,clean,,6363,False,False,CAUTION,"B1,B2,CP,B3",BENIGN,
mix-00005,clean,,6369,False,False,CAUTION,"B1,B2,CP,B3",BENIGN,
mix-00005,clean,,6357,False,False,CAUTION,"B1,B2,CP,B3",BENIGN,
mix-00005,clean,,6363,False,False,CAUTION,"B1,B2,CP,B3",BENIGN,
mix-00005,clean,,6369,False,False,CAUTION,"B1,B2,CP,B3",BENIGN,
mix-00005,clean,,6357,False,False,CAUTION,"B1,B2,CP,B3",BENIGN,
mix-00005,clean,,6363,False,False,CAUTION,"B1,B2,CP,B3",BENIGN,
mix-00005,clean,,6369,False,False,CAUTION,"B1,B2,CP,B3",BENIGN,
mix-00005,clean,,6357,False,False,CAUTION,"B1,B2,CP,B3",BENIGN,
mix-00005,clean,,6363,False,False,CAUTION,"B1,B2,CP,B3",BENIGN,
mix-00005,clean,,6369,False,False,CAUTION,"B1,B2,CP,B3",BENIGN,
mix-00005,clean,,6357,False,False,CAUTION,"B1,B2,CP,B3",BENIGN,
mix-00005,clean,,6363,False,False,CAUTION,"B1,B2,CP,B3",BENIGN,
mix-00005,clean,,6369,False,False,CAUTION,"B1,B2,CP,B3",BENIGN,
mix-00005,clean,,6357,False,False,CAUTION,"B1,B2,CP,B3",BENIGN,
mix-00005,clean,,6363,False,False,CAUTION,"B1,B2,CP,B3",BENIGN,
mix-00005,clean,,6369,False,False,CAUTION,"B1,B2,CP,B3",BENIGN,
mix-00005,clean,,6357,False,False,CAUTION,"B1,B2,CP,B3",BENIGN,
mix-00005,clean,,6363,False,False,CAUTION,"B1,B2,CP,B3",BENIGN,
mix-00005,clean,,6369,False,False,CAUTION,"B1,B2,CP,B3",BENIGN,
mix-00005,clean,,6357,False,False,CAUTION,"B1,B2,CP,B3",BENIGN,
mix-00005,clean,,6363,False,False,CAUTION,"B1,B2,CP,B3",BENIGN,
mix-00005,clean,,6369,False,False,CAUTION,"B1,B2,CP,B3",BENIGN,
mix-00005,clean,,6357,False,False,CAUTION,"B1,B2,CP,B3",BENIGN,
mix-00005,clean,,6363,False,False,CAUTION,"B1,B2,CP,B3",BENIGN,
mix-00005,clean,,6369,False,False,CAUTION,"B1,B2,CP,B3",BENIGN,
mix-00005,clean,,6357,False,False,CAUTION,"B1,B2,CP,B3",BENIGN,
mix-00005,clean,,6363,False,False,CAUTION,"B1,B2,CP,B3",BENIGN,
mix-00005,clean,,6369,False,False,CAUTION,"B1,B2,CP,B3",BENIGN,
mix-00005,clean,,6357,False,False,CAUTION,"B1,B2,CP,B3",BENIGN,
mix-00005,clean,,6363,False,False,CAUTION,"B1,B2,CP,B3",BENIGN,
mix-00005,clean,,6369,False,False,CAUTION,"B1,B2,CP,B3",BENIGN,
mix-00005,clean,,6357,False,False,CAUTION,"B1,B2,CP,B3",BENIGN,
mix-00005,clean,,6363,False,False,CAUTION,"B1,B2,CP,B3",BENIGN,
mix-00005,clean,,6369,False,False,CAUTION,"B1,B2,CP,B3",BENIGN,
mix-00005,clean,,6357,False,False,CAUTION,"B1,B2,CP,B3",BENIGN,
mix-00005,clean,,6363,False,False,CAUTION,"B1,B2,CP,B3",BENIGN,
mix-00005,clean,,6369,False,False,CAUTION,"B1,B2,CP,B3",BENIGN,
mix-00005,clean,,6357,False,False,CAUTION,"B1,B2,CP,B3",BENIGN,
mix-00006,mixed,infrastructure_semantic_manipulation,6657,False,True,REJECT,"B1,B2,CP,B3",BENIGN,"Speed out of bounds: 239.0 km/h (limit: [0, 180.0]);No history yet; baseline assumed valid."
mix-00006,mixed,infrastructure_semantic_manipulation,6531,True,False,ACCEPT,"B1,B2,CP,B3",BENIGN,No history yet; baseline assumed valid.
mix-00006,mixed,infrastructure_semantic_manipulation,6663,False,False,ACCEPT,"B1,B2,CP,B3",BENIGN,No history yet; baseline assumed valid.
mix-00006,mixed,infrastructure_semantic_manipulation,6657,False,True,CAUTION,"B1,B2,CP,B3",BENIGN,
mix-00006,mixed,infrastructure_semantic_manipulation,6531,True,False,CAUTION,"B1,B2,CP,B3",BENIGN,Constant Position check: Vehicle reports movement (avg speed 39.60 km/h) but displacement is only 0.00m over 999.99s.
mix-00006,mixed,infrastructure_semantic_manipulation,6663,False,False,ACCEPT,"B1,B2,CP,B3",BENIGN,
mix-00007,semantic_only,indirect_prompt_injection,9843,False,False,ACCEPT,"B1,B2,CP,B3",BENIGN,No history yet; baseline assumed valid.
mix-00007,semantic_only,indirect_prompt_injection,9819,False,True,ACCEPT,"B1,B2,CP,B3",BENIGN,No history yet; baseline assumed valid.
mix-00007,semantic_only,indirect_prompt_injection,9837,False,False,ACCEPT,"B1,B2,CP,B3",BENIGN,No history yet; baseline assumed valid.
mix-00007,semantic_only,indirect_prompt_injection,9843,False,False,CAUTION,"B1,B2,CP,B3",BENIGN,
mix-00007,semantic_only,indirect_prompt_injection,9819,False,True,CAUTION,"B1,B2,CP,B3",BENIGN,
mix-00007,semantic_only,indirect_prompt_injection,9837,False,False,CAUTION,"B1,B2,CP,B3",BENIGN,
mix-00007,semantic_only,indirect_prompt_injection,9843,False,False,CAUTION,"B1,B2,CP,B3",BENIGN,
mix-00007,semantic_only,indirect_prompt_injection,9819,False,True,CAUTION,"B1,B2,CP,B3",BENIGN,
mix-00007,semantic_only,indirect_prompt_injection,9837,False,False,CAUTION,"B1,B2,CP,B3",BENIGN,
mix-00007,semantic_only,indirect_prompt_injection,9843,False,False,CAUTION,"B1,B2,CP,B3",BENIGN,
mix-00007,semantic_only,indirect_prompt_injection,9819,False,True,CAUTION,"B1,B2,CP,B3",BENIGN,
mix-00007,semantic_only,indirect_prompt_injection,9837,False,False,CAUTION,"B1,B2,CP,B3",BENIGN,
mix-00007,semantic_only,indirect_prompt_injection,9843,False,False,CAUTION,"B1,B2,CP,B3",BENIGN,
mix-00007,semantic_only,indirect_prompt_injection,9819,False,True,CAUTION,"B1,B2,CP,B3",BENIGN,
mix-00007,semantic_only,indirect_prompt_injection,9837,False,False,ACCEPT,"B1,B2,CP,B3",BENIGN,
mix-00007,semantic_only,indirect_prompt_injection,9843,False,False,CAUTION,"B1,B2,CP,B3",BENIGN,
mix-00007,semantic_only,indirect_prompt_injection,9819,False,True,CAUTION,"B1,B2,CP,B3",BENIGN,
mix-00007,semantic_only,indirect_prompt_injection,9837,False,False,ACCEPT,"B1,B2,CP,B3",BENIGN,
mix-00008,semantic_only,false_clearance,6519,False,False,ACCEPT,"B1,B2,CP,B3",BENIGN,No history yet; baseline assumed valid.
mix-00008,semantic_only,false_clearance,6465,False,True,REJECT,"B1,B2,CP,B3",BENIGN,No history yet; baseline assumed valid.
mix-00008,semantic_only,false_clearance,6483,False,False,ACCEPT,"B1,B2,CP,B3",BENIGN,No history yet; baseline assumed valid.
mix-00008,semantic_only,false_clearance,6477,False,False,ACCEPT,"B1,B2,CP,B3",BENIGN,No history yet; baseline assumed valid.
mix-00008,semantic_only,false_clearance,6519,False,False,ACCEPT,"B1,B2,CP,B3",BENIGN,
mix-00008,semantic_only,false_clearance,6465,False,True,CAUTION,"B1,B2,CP,B3",BENIGN,
mix-00008,semantic_only,false_clearance,6483,False,False,CAUTION,"B1,B2,CP,B3",BENIGN,
mix-00008,semantic_only,false_clearance,6477,False,False,CAUTION,"B1,B2,CP,B3",BENIGN,
mix-00008,semantic_only,false_clearance,6519,False,False,ACCEPT,"B1,B2,CP,B3",BENIGN,
mix-00008,semantic_only,false_clearance,6465,False,True,CAUTION,"B1,B2,CP,B3",BENIGN,
mix-00008,semantic_only,false_clearance,6483,False,False,CAUTION,"B1,B2,CP,B3",BENIGN,
mix-00008,semantic_only,false_clearance,6477,False,False,CAUTION,"B1,B2,CP,B3",BENIGN,
mix-00008,semantic_only,false_clearance,6519,False,False,ACCEPT,"B1,B2,CP,B3",BENIGN,
mix-00008,semantic_only,false_clearance,6465,False,True,CAUTION,"B1,B2,CP,B3",BENIGN,
mix-00008,semantic_only,false_clearance,6483,False,False,CAUTION,"B1,B2,CP,B3",BENIGN,
mix-00008,semantic_only,false_clearance,6477,False,False,CAUTION,"B1,B2,CP,B3",BENIGN,
mix-00008,semantic_only,false_clearance,6519,False,False,ACCEPT,"B1,B2,CP,B3",BENIGN,
mix-00008,semantic_only,false_clearance,6465,False,True,CAUTION,"B1,B2,CP,B3",BENIGN,
mix-00008,semantic_only,false_clearance,6483,False,False,CAUTION,"B1,B2,CP,B3",BENIGN,
mix-00008,semantic_only,false_clearance,6477,False,False,CAUTION,"B1,B2,CP,B3",BENIGN,
mix-00008,semantic_only,false_clearance,6519,False,False,ACCEPT,"B1,B2,CP,B3",BENIGN,
mix-00008,semantic_only,false_clearance,6465,False,True,CAUTION,"B1,B2,CP,B3",BENIGN,
mix-00008,semantic_only,false_clearance,6483,False,False,CAUTION,"B1,B2,CP,B3",BENIGN,
mix-00008,semantic_only,false_clearance,6477,False,False,CAUTION,"B1,B2,CP,B3",BENIGN,
mix-00008,semantic_only,false_clearance,6519,False,False,ACCEPT,"B1,B2,CP,B3",BENIGN,
mix-00008,semantic_only,false_clearance,6465,False,True,CAUTION,"B1,B2,CP,B3",BENIGN,
mix-00008,semantic_only,false_clearance,6483,False,False,CAUTION,"B1,B2,CP,B3",BENIGN,
mix-00008,semantic_only,false_clearance,6477,False,False,CAUTION,"B1,B2,CP,B3",BENIGN,
mix-00008,semantic_only,false_clearance,6519,False,False,ACCEPT,"B1,B2,CP,B3",BENIGN,
mix-00008,semantic_only,false_clearance,6465,False,True,CAUTION,"B1,B2,CP,B3",BENIGN,
mix-00008,semantic_only,false_clearance,6483,False,False,CAUTION,"B1,B2,CP,B3",BENIGN,
mix-00008,semantic_only,false_clearance,6477,False,False,CAUTION,"B1,B2,CP,B3",BENIGN,
mix-00008,semantic_only,false_clearance,6519,False,False,ACCEPT,"B1,B2,CP,B3",BENIGN,
mix-00008,semantic_only,false_clearance,6465,False,True,CAUTION,"B1,B2,CP,B3",BENIGN,
mix-00008,semantic_only,false_clearance,6483,False,False,CAUTION,"B1,B2,CP,B3",BENIGN,
mix-00008,semantic_only,false_clearance,6477,False,False,CAUTION,"B1,B2,CP,B3",BENIGN,
mix-00008,semantic_only,false_clearance,6519,False,False,ACCEPT,"B1,B2,CP,B3",BENIGN,
mix-00008,semantic_only,false_clearance,6465,False,True,CAUTION,"B1,B2,CP,B3",BENIGN,
mix-00008,semantic_only,false_clearance,6483,False,False,CAUTION,"B1,B2,CP,B3",BENIGN,
mix-00008,semantic_only,false_clearance,6477,False,False,CAUTION,"B1,B2,CP,B3",BENIGN,
mix-00008,semantic_only,false_clearance,6519,False,False,ACCEPT,"B1,B2,CP,B3",BENIGN,
mix-00008,semantic_only,false_clearance,6465,False,True,CAUTION,"B1,B2,CP,B3",BENIGN,
mix-00008,semantic_only,false_clearance,6483,False,False,CAUTION,"B1,B2,CP,B3",BENIGN,
mix-00008,semantic_only,false_clearance,6477,False,False,CAUTION,"B1,B2,CP,B3",BENIGN,
mix-00009,semantic_only,traffic_efficiency_lure,8181,False,False,ACCEPT,"B1,B2,CP,B3",BENIGN,No history yet; baseline assumed valid.
mix-00009,semantic_only,traffic_efficiency_lure,8205,False,True,ACCEPT,"B1,B2,CP,B3",BENIGN,No history yet; baseline assumed valid.
mix-00009,semantic_only,traffic_efficiency_lure,8187,False,False,ACCEPT,"B1,B2,CP,B3",BENIGN,No history yet; baseline assumed valid.
mix-00009,semantic_only,traffic_efficiency_lure,8181,False,False,CAUTION,"B1,B2,CP,B3",BENIGN,
mix-00009,semantic_only,traffic_efficiency_lure,8205,False,True,CAUTION,"B1,B2,CP,B3",BENIGN,
mix-00009,semantic_only,traffic_efficiency_lure,8187,False,False,CAUTION,"B1,B2,CP,B3",BENIGN,
mix-00009,semantic_only,traffic_efficiency_lure,8181,False,False,CAUTION,"B1,B2,CP,B3",BENIGN,
mix-00009,semantic_only,traffic_efficiency_lure,8205,False,True,CAUTION,"B1,B2,CP,B3",BENIGN,
mix-00009,semantic_only,traffic_efficiency_lure,8187,False,False,CAUTION,"B1,B2,CP,B3",BENIGN,
mix-00009,semantic_only,traffic_efficiency_lure,8181,False,False,CAUTION,"B1,B2,CP,B3",BENIGN,
mix-00009,semantic_only,traffic_efficiency_lure,8205,False,True,CAUTION,"B1,B2,CP,B3",BENIGN,
mix-00009,semantic_only,traffic_efficiency_lure,8187,False,False,CAUTION,"B1,B2,CP,B3",BENIGN,
mix-00009,semantic_only,traffic_efficiency_lure,8181,False,False,CAUTION,"B1,B2,CP,B3",BENIGN,
mix-00009,semantic_only,traffic_efficiency_lure,8205,False,True,CAUTION,"B1,B2,CP,B3",BENIGN,
mix-00009,semantic_only,traffic_efficiency_lure,8187,False,False,CAUTION,"B1,B2,CP,B3",BENIGN,
mix-00009,semantic_only,traffic_efficiency_lure,8181,False,False,CAUTION,"B1,B2,CP,B3",BENIGN,
mix-00009,semantic_only,traffic_efficiency_lure,8205,False,True,CAUTION,"B1,B2,CP,B3",BENIGN,
mix-00009,semantic_only,traffic_efficiency_lure,8187,False,False,CAUTION,"B1,B2,CP,B3",BENIGN,
mix-00009,semantic_only,traffic_efficiency_lure,8181,False,False,CAUTION,"B1,B2,CP,B3",BENIGN,
mix-00009,semantic_only,traffic_efficiency_lure,8205,False,True,CAUTION,"B1,B2,CP,B3",BENIGN,
mix-00009,semantic_only,traffic_efficiency_lure,8187,False,False,CAUTION,"B1,B2,CP,B3",BENIGN,
mix-00009,semantic_only,traffic_efficiency_lure,8181,False,False,CAUTION,"B1,B2,CP,B3",BENIGN,
mix-00009,semantic_only,traffic_efficiency_lure,8205,False,True,CAUTION,"B1,B2,CP,B3",BENIGN,
mix-00009,semantic_only,traffic_efficiency_lure,8187,False,False,CAUTION,"B1,B2,CP,B3",BENIGN,
mix-00010,mixed,hazard_suppression,6987,False,True,REJECT,"B1,B2,CP,B3",MALICIOUS,"Speed out of bounds: 242.0 km/h (limit: [0, 180.0]);No history yet; baseline assumed valid."
mix-00010,mixed,hazard_suppression,6993,True,False,CAUTION,"B1,B2,CP,B3",BENIGN,"Speed out of bounds: 207.0 km/h (limit: [0, 180.0]);No history yet; baseline assumed valid."
mix-00010,mixed,hazard_suppression,6933,True,False,ACCEPT,"B1,B2,CP,B3",BENIGN,No history yet; baseline assumed valid.
mix-00010,mixed,hazard_suppression,6987,False,True,REJECT,"B1,B2,CP,B3",MALICIOUS,
mix-00010,mixed,hazard_suppression,6993,True,False,CAUTION,"B1,B2,CP,B3",BENIGN,Constant Position check: Vehicle reports movement (avg speed 207.00 km/h) but displacement is only 0.00m over 1000.00s.
mix-00010,mixed,hazard_suppression,6933,True,False,CAUTION,"B1,B2,CP,B3",BENIGN,Constant Position check: Vehicle reports movement (avg speed 43.96 km/h) but displacement is only 0.00m over 999.99s.
mix-00010,mixed,hazard_suppression,6987,False,True,REJECT,"B1,B2,CP,B3",MALICIOUS,
mix-00010,mixed,hazard_suppression,6993,True,False,CAUTION,"B1,B2,CP,B3",BENIGN,Constant Position check: Vehicle reports movement (avg speed 111.40 km/h) but displacement is only 0.00m over 2000.00s.
mix-00010,mixed,hazard_suppression,6933,True,False,CAUTION,"B1,B2,CP,B3",BENIGN,Constant Position check: Vehicle reports movement (avg speed 43.90 km/h) but displacement is only 0.00m over 1999.99s.
mix-00010,mixed,hazard_suppression,6987,False,True,REJECT,"B1,B2,CP,B3",MALICIOUS,
mix-00010,mixed,hazard_suppression,6993,True,False,CAUTION,"B1,B2,CP,B3",BENIGN,Constant Position check: Vehicle reports movement (avg speed 82.15 km/h) but displacement is only 0.00m over 3000.00s.
mix-00010,mixed,hazard_suppression,6933,True,False,CAUTION,"B1,B2,CP,B3",BENIGN,Constant Position check: Vehicle reports movement (avg speed 43.96 km/h) but displacement is only 0.00m over 2999.99s.
mix-00010,mixed,hazard_suppression,6987,False,True,REJECT,"B1,B2,CP,B3",MALICIOUS,
mix-00010,mixed,hazard_suppression,6993,True,False,CAUTION,"B1,B2,CP,B3",BENIGN,Constant Position check: Vehicle reports movement (avg speed 69.37 km/h) but displacement is only 0.00m over 4000.00s.
mix-00010,mixed,hazard_suppression,6933,True,False,CAUTION,"B1,B2,CP,B3",BENIGN,Constant Position check: Vehicle reports movement (avg speed 44.04 km/h) but displacement is only 0.00m over 3999.99s.
mix-00010,mixed,hazard_suppression,6987,False,True,REJECT,"B1,B2,CP,B3",MALICIOUS,
mix-00010,mixed,hazard_suppression,6993,True,False,CAUTION,"B1,B2,CP,B3",BENIGN,Constant Position check: Vehicle reports movement (avg speed 63.25 km/h) but displacement is only 0.00m over 4999.99s.
mix-00010,mixed,hazard_suppression,6933,True,False,CAUTION,"B1,B2,CP,B3",BENIGN,Constant Position check: Vehicle reports movement (avg speed 44.09 km/h) but displacement is only 0.00m over 4999.99s.
mix-00010,mixed,hazard_suppression,6987,False,True,REJECT,"B1,B2,CP,B3",MALICIOUS,
mix-00010,mixed,hazard_suppression,6993,True,False,CAUTION,"B1,B2,CP,B3",BENIGN,Constant Position check: Vehicle reports movement (avg speed 31.10 km/h) but displacement is only 0.00m over 5000.00s.
mix-00010,mixed,hazard_suppression,6933,True,False,CAUTION,"B1,B2,CP,B3",BENIGN,Constant Position check: Vehicle reports movement (avg speed 44.06 km/h) but displacement is only 0.00m over 5000.00s.
mix-00010,mixed,hazard_suppression,6987,False,True,REJECT,"B1,B2,CP,B3",MALICIOUS,
mix-00010,mixed,hazard_suppression,6993,True,False,CAUTION,"B1,B2,CP,B3",BENIGN,Constant Position check: Vehicle reports movement (avg speed 38.15 km/h) but displacement is only 0.00m over 5000.00s.
mix-00010,mixed,hazard_suppression,6933,True,False,CAUTION,"B1,B2,CP,B3",BENIGN,Constant Position check: Vehicle reports movement (avg speed 44.10 km/h) but displacement is only 0.00m over 5000.00s.
mix-00010,mixed,hazard_suppression,6987,False,True,REJECT,"B1,B2,CP,B3",MALICIOUS,
mix-00010,mixed,hazard_suppression,6993,True,False,CAUTION,"B1,B2,CP,B3",BENIGN,Constant Position check: Vehicle reports movement (avg speed 43.58 km/h) but displacement is only 0.00m over 5000.00s.
mix-00010,mixed,hazard_suppression,6933,True,False,CAUTION,"B1,B2,CP,B3",BENIGN,Constant Position check: Vehicle reports movement (avg speed 44.10 km/h) but displacement is only 0.00m over 5000.00s.
mix-00010,mixed,hazard_suppression,6987,False,True,REJECT,"B1,B2,CP,B3",MALICIOUS,
mix-00010,mixed,hazard_suppression,6993,True,False,CAUTION,"B1,B2,CP,B3",BENIGN,Constant Position check: Vehicle reports movement (avg speed 47.56 km/h) but displacement is only 0.00m over 4999.99s.
mix-00010,mixed,hazard_suppression,6933,True,False,CAUTION,"B1,B2,CP,B3",BENIGN,Constant Position check: Vehicle reports movement (avg speed 44.01 km/h) but displacement is only 0.00m over 5000.00s.
mix-00010,mixed,hazard_suppression,6987,False,True,REJECT,"B1,B2,CP,B3",MALICIOUS,
mix-00010,mixed,hazard_suppression,6993,True,False,CAUTION,"B1,B2,CP,B3",BENIGN,Constant Position check: Vehicle reports movement (avg speed 49.93 km/h) but displacement is only 0.00m over 5000.01s.
mix-00010,mixed,hazard_suppression,6933,True,False,CAUTION,"B1,B2,CP,B3",BENIGN,Constant Position check: Vehicle reports movement (avg speed 43.98 km/h) but displacement is only 0.00m over 5000.01s.
mix-00010,mixed,hazard_suppression,6987,False,True,REJECT,"B1,B2,CP,B3",MALICIOUS,
mix-00010,mixed,hazard_suppression,6993,True,False,CAUTION,"B1,B2,CP,B3",BENIGN,Constant Position check: Vehicle reports movement (avg speed 50.83 km/h) but displacement is only 0.00m over 5000.00s.
mix-00010,mixed,hazard_suppression,6933,True,False,CAUTION,"B1,B2,CP,B3",BENIGN,Constant Position check: Vehicle reports movement (avg speed 44.04 km/h) but displacement is only 0.00m over 5000.00s.
mix-00010,mixed,hazard_suppression,6987,False,True,REJECT,"B1,B2,CP,B3",MALICIOUS,
mix-00010,mixed,hazard_suppression,6993,True,False,CAUTION,"B1,B2,CP,B3",BENIGN,Constant Position check: Vehicle reports movement (avg speed 50.80 km/h) but displacement is only 0.00m over 4999.99s.
mix-00010,mixed,hazard_suppression,6933,True,False,CAUTION,"B1,B2,CP,B3",BENIGN,Constant Position check: Vehicle reports movement (avg speed 44.07 km/h) but displacement is only 0.00m over 5000.00s.
mix-00010,mixed,hazard_suppression,6987,False,True,REJECT,"B1,B2,CP,B3",MALICIOUS,
mix-00010,mixed,hazard_suppression,6993,True,False,CAUTION,"B1,B2,CP,B3",BENIGN,Constant Position check: Vehicle reports movement (avg speed 50.75 km/h) but displacement is only 0.00m over 5000.00s.
mix-00010,mixed,hazard_suppression,6933,True,False,CAUTION,"B1,B2,CP,B3",BENIGN,Constant Position check: Vehicle reports movement (avg speed 44.09 km/h) but displacement is only 0.00m over 5000.00s.
mix-00011,clean,,8769,False,False,ACCEPT,"B1,B2,CP,B3",BENIGN,No history yet; baseline assumed valid.
mix-00011,clean,,8583,False,False,ACCEPT,"B1,B2,CP,B3",BENIGN,No history yet; baseline assumed valid.
mix-00011,clean,,8781,False,False,ACCEPT,"B1,B2,CP,B3",BENIGN,No history yet; baseline assumed valid.
mix-00011,clean,,8769,False,False,CAUTION,"B1,B2,CP,B3",BENIGN,
mix-00011,clean,,8583,False,False,ACCEPT,"B1,B2,CP,B3",BENIGN,
mix-00011,clean,,8781,False,False,CAUTION,"B1,B2,CP,B3",BENIGN,
mix-00011,clean,,8769,False,False,CAUTION,"B1,B2,CP,B3",BENIGN,
mix-00011,clean,,8583,False,False,ACCEPT,"B1,B2,CP,B3",BENIGN,
mix-00011,clean,,8781,False,False,CAUTION,"B1,B2,CP,B3",BENIGN,
mix-00011,clean,,8769,False,False,CAUTION,"B1,B2,CP,B3",BENIGN,
mix-00011,clean,,8583,False,False,ACCEPT,"B1,B2,CP,B3",BENIGN,
mix-00011,clean,,8781,False,False,CAUTION,"B1,B2,CP,B3",BENIGN,
mix-00011,clean,,8769,False,False,CAUTION,"B1,B2,CP,B3",BENIGN,
mix-00011,clean,,8583,False,False,ACCEPT,"B1,B2,CP,B3",BENIGN,
mix-00011,clean,,8781,False,False,CAUTION,"B1,B2,CP,B3",BENIGN,
mix-00011,clean,,8769,False,False,CAUTION,"B1,B2,CP,B3",BENIGN,
mix-00011,clean,,8583,False,False,ACCEPT,"B1,B2,CP,B3",BENIGN,
mix-00011,clean,,8781,False,False,CAUTION,"B1,B2,CP,B3",BENIGN,
mix-00011,clean,,8769,False,False,ACCEPT,"B1,B2,CP,B3",BENIGN,
mix-00011,clean,,8583,False,False,ACCEPT,"B1,B2,CP,B3",BENIGN,
mix-00011,clean,,8781,False,False,CAUTION,"B1,B2,CP,B3",BENIGN,
mix-00011,clean,,8769,False,False,ACCEPT,"B1,B2,CP,B3",BENIGN,
mix-00011,clean,,8583,False,False,ACCEPT,"B1,B2,CP,B3",BENIGN,
mix-00011,clean,,8781,False,False,CAUTION,"B1,B2,CP,B3",BENIGN,
mix-00012,clean,,8889,False,False,ACCEPT,"B1,B2,CP,B3",BENIGN,No history yet; baseline assumed valid.
mix-00012,clean,,8877,False,False,ACCEPT,"B1,B2,CP,B3",BENIGN,No history yet; baseline assumed valid.
mix-00012,clean,,8883,False,False,ACCEPT,"B1,B2,CP,B3",BENIGN,No history yet; baseline assumed valid.
mix-00012,clean,,8889,False,False,CAUTION,"B1,B2,CP,B3",BENIGN,
mix-00012,clean,,8877,False,False,CAUTION,"B1,B2,CP,B3",BENIGN,
mix-00012,clean,,8883,False,False,ACCEPT,"B1,B2,CP,B3",BENIGN,
mix-00012,clean,,8889,False,False,CAUTION,"B1,B2,CP,B3",BENIGN,
mix-00012,clean,,8877,False,False,CAUTION,"B1,B2,CP,B3",BENIGN,
mix-00012,clean,,8883,False,False,CAUTION,"B1,B2,CP,B3",BENIGN,
mix-00012,clean,,8889,False,False,CAUTION,"B1,B2,CP,B3",BENIGN,
mix-00012,clean,,8877,False,False,CAUTION,"B1,B2,CP,B3",BENIGN,
mix-00012,clean,,8883,False,False,CAUTION,"B1,B2,CP,B3",BENIGN,
mix-00012,clean,,8889,False,False,CAUTION,"B1,B2,CP,B3",BENIGN,
mix-00012,clean,,8877,False,False,CAUTION,"B1,B2,CP,B3",BENIGN,
mix-00012,clean,,8883,False,False,CAUTION,"B1,B2,CP,B3",BENIGN,
mix-00012,clean,,8889,False,False,CAUTION,"B1,B2,CP,B3",BENIGN,
mix-00012,clean,,8877,False,False,CAUTION,"B1,B2,CP,B3",BENIGN,
mix-00012,clean,,8883,False,False,CAUTION,"B1,B2,CP,B3",BENIGN,
mix-00012,clean,,8889,False,False,ACCEPT,"B1,B2,CP,B3",BENIGN,
mix-00012,clean,,8877,False,False,CAUTION,"B1,B2,CP,B3",BENIGN,
mix-00012,clean,,8883,False,False,CAUTION,"B1,B2,CP,B3",BENIGN,
mix-00012,clean,,8889,False,False,ACCEPT,"B1,B2,CP,B3",BENIGN,
mix-00012,clean,,8877,False,False,CAUTION,"B1,B2,CP,B3",BENIGN,
mix-00012,clean,,8883,False,False,CAUTION,"B1,B2,CP,B3",BENIGN,
mix-00012,clean,,8889,False,False,ACCEPT,"B1,B2,CP,B3",BENIGN,
mix-00012,clean,,8877,False,False,CAUTION,"B1,B2,CP,B3",BENIGN,
mix-00012,clean,,8883,False,False,CAUTION,"B1,B2,CP,B3",BENIGN,
mix-00012,clean,,8889,False,False,CAUTION,"B1,B2,CP,B3",BENIGN,
mix-00012,clean,,8877,False,False,CAUTION,"B1,B2,CP,B3",BENIGN,
mix-00012,clean,,8883,False,False,CAUTION,"B1,B2,CP,B3",BENIGN,
mix-00012,clean,,8889,False,False,CAUTION,"B1,B2,CP,B3",BENIGN,
mix-00012,clean,,8877,False,False,CAUTION,"B1,B2,CP,B3",BENIGN,
mix-00012,clean,,8883,False,False,CAUTION,"B1,B2,CP,B3",BENIGN,
mix-00012,clean,,8889,False,False,CAUTION,"B1,B2,CP,B3",BENIGN,
mix-00012,clean,,8877,False,False,CAUTION,"B1,B2,CP,B3",BENIGN,
mix-00012,clean,,8883,False,False,CAUTION,"B1,B2,CP,B3",BENIGN,
mix-00012,clean,,8889,False,False,CAUTION,"B1,B2,CP,B3",BENIGN,
mix-00012,clean,,8877,False,False,ACCEPT,"B1,B2,CP,B3",BENIGN,
mix-00012,clean,,8883,False,False,CAUTION,"B1,B2,CP,B3",BENIGN,
mix-00013,mixed,hazard_suppression,9975,True,False,ACCEPT,"B1,B2,CP,B3",BENIGN,No history yet; baseline assumed valid.
mix-00013,mixed,hazard_suppression,9987,False,True,REJECT,"B1,B2,CP,B3",MALICIOUS,No history yet; baseline assumed valid.
mix-00013,mixed,hazard_suppression,9945,False,False,ACCEPT,"B1,B2,CP,B3",BENIGN,No history yet; baseline assumed valid.
mix-00013,mixed,hazard_suppression,9957,False,False,ACCEPT,"B1,B2,CP,B3",BENIGN,No history yet; baseline assumed valid.
mix-00013,mixed,hazard_suppression,9975,True,False,CAUTION,"B1,B2,CP,B3",BENIGN,Constant Position check: Vehicle reports movement (avg speed 46.76 km/h) but displacement is only 0.00m over 1000.00s.
mix-00013,mixed,hazard_suppression,9987,False,True,REJECT,"B1,B2,CP,B3",MALICIOUS,
mix-00013,mixed,hazard_suppression,9945,False,False,CAUTION,"B1,B2,CP,B3",BENIGN,
mix-00013,mixed,hazard_suppression,9957,False,False,CAUTION,"B1,B2,CP,B3",BENIGN,
mix-00013,mixed,hazard_suppression,9975,True,False,CAUTION,"B1,B2,CP,B3",BENIGN,Constant Position check: Vehicle reports movement (avg speed 46.76 km/h) but displacement is only 0.00m over 2000.00s.
mix-00013,mixed,hazard_suppression,9987,False,True,REJECT,"B1,B2,CP,B3",MALICIOUS,
mix-00013,mixed,hazard_suppression,9945,False,False,CAUTION,"B1,B2,CP,B3",BENIGN,
mix-00013,mixed,hazard_suppression,9957,False,False,CAUTION,"B1,B2,CP,B3",BENIGN,
mix-00013,mixed,hazard_suppression,9975,True,False,CAUTION,"B1,B2,CP,B3",BENIGN,Constant Position check: Vehicle reports movement (avg speed 46.74 km/h) but displacement is only 0.00m over 3000.00s.
mix-00013,mixed,hazard_suppression,9987,False,True,REJECT,"B1,B2,CP,B3",MALICIOUS,
mix-00013,mixed,hazard_suppression,9945,False,False,CAUTION,"B1,B2,CP,B3",BENIGN,
mix-00013,mixed,hazard_suppression,9957,False,False,CAUTION,"B1,B2,CP,B3",BENIGN,
mix-00013,mixed,hazard_suppression,9975,True,False,CAUTION,"B1,B2,CP,B3",BENIGN,Constant Position check: Vehicle reports movement (avg speed 46.75 km/h) but displacement is only 0.00m over 64536.01s.
mix-00013,mixed,hazard_suppression,9987,False,True,REJECT,"B1,B2,CP,B3",MALICIOUS,
mix-00013,mixed,hazard_suppression,9945,False,False,CAUTION,"B1,B2,CP,B3",BENIGN,
mix-00013,mixed,hazard_suppression,9957,False,False,CAUTION,"B1,B2,CP,B3",BENIGN,
mix-00014,kinematic_only,,6657,False,False,ACCEPT,"B1,B2,CP,B3",BENIGN,No history yet; baseline assumed valid.
mix-00014,kinematic_only,,6543,False,False,ACCEPT,"B1,B2,CP,B3",BENIGN,No history yet; baseline assumed valid.
mix-00014,kinematic_only,,6531,True,False,ACCEPT,"B1,B2,CP,B3",BENIGN,No history yet; baseline assumed valid.
mix-00014,kinematic_only,,6537,False,False,ACCEPT,"B1,B2,CP,B3",BENIGN,No history yet; baseline assumed valid.
mix-00014,kinematic_only,,6657,False,False,CAUTION,"B1,B2,CP,B3",BENIGN,
mix-00014,kinematic_only,,6543,False,False,CAUTION,"B1,B2,CP,B3",BENIGN,
mix-00014,kinematic_only,,6531,True,False,CAUTION,"B1,B2,CP,B3",BENIGN,Constant Position check: Vehicle reports movement (avg speed 34.88 km/h) but displacement is only 0.00m over 1000.00s.
mix-00014,kinematic_only,,6537,False,False,CAUTION,"B1,B2,CP,B3",BENIGN,
mix-00014,kinematic_only,,6657,False,False,CAUTION,"B1,B2,CP,B3",BENIGN,
mix-00014,kinematic_only,,6543,False,False,CAUTION,"B1,B2,CP,B3",BENIGN,
mix-00014,kinematic_only,,6531,True,False,CAUTION,"B1,B2,CP,B3",BENIGN,Constant Position check: Vehicle reports movement (avg speed 37.26 km/h) but displacement is only 0.00m over 2000.00s.
mix-00014,kinematic_only,,6537,False,False,CAUTION,"B1,B2,CP,B3",BENIGN,
mix-00015,semantic_only,hazard_amplification,8823,False,True,REJECT,"B1,B2,CP,B3",BENIGN,"Speed out of bounds: 220.0 km/h (limit: [0, 180.0]);No history yet; baseline assumed valid."
mix-00015,semantic_only,hazard_amplification,8829,False,False,CAUTION,"B1,B2,CP,B3",BENIGN,"Speed out of bounds: 223.0 km/h (limit: [0, 180.0]);No history yet; baseline assumed valid."
mix-00015,semantic_only,hazard_amplification,8643,False,False,ACCEPT,"B1,B2,CP,B3",BENIGN,No history yet; baseline assumed valid.
mix-00015,semantic_only,hazard_amplification,8823,False,True,CAUTION,"B1,B2,CP,B3",BENIGN,
mix-00015,semantic_only,hazard_amplification,8829,False,False,ACCEPT,"B1,B2,CP,B3",BENIGN,
mix-00015,semantic_only,hazard_amplification,8643,False,False,ACCEPT,"B1,B2,CP,B3",BENIGN,
mix-00016,semantic_only,temporal_context_drift,6219,False,False,ACCEPT,"B1,B2,CP,B3",BENIGN,No history yet; baseline assumed valid.
mix-00016,semantic_only,temporal_context_drift,6117,False,True,REJECT,"B1,B2,CP,B3",BENIGN,No history yet; baseline assumed valid.
mix-00016,semantic_only,temporal_context_drift,6159,False,False,ACCEPT,"B1,B2,CP,B3",BENIGN,No history yet; baseline assumed valid.
mix-00016,semantic_only,temporal_context_drift,6219,False,False,CAUTION,"B1,B2,CP,B3",BENIGN,
mix-00016,semantic_only,temporal_context_drift,6117,False,True,REJECT,"B1,B2,CP,B3",BENIGN,
mix-00016,semantic_only,temporal_context_drift,6159,False,False,ACCEPT,"B1,B2,CP,B3",BENIGN,
mix-00017,clean,,8487,False,False,ACCEPT,"B1,B2,CP,B3",BENIGN,No history yet; baseline assumed valid.
mix-00017,clean,,8469,False,False,ACCEPT,"B1,B2,CP,B3",BENIGN,No history yet; baseline assumed valid.
mix-00017,clean,,8481,False,False,ACCEPT,"B1,B2,CP,B3",BENIGN,No history yet; baseline assumed valid.
mix-00017,clean,,8487,False,False,CAUTION,"B1,B2,CP,B3",BENIGN,
mix-00017,clean,,8469,False,False,CAUTION,"B1,B2,CP,B3",BENIGN,
mix-00017,clean,,8481,False,False,ACCEPT,"B1,B2,CP,B3",BENIGN,
mix-00017,clean,,8487,False,False,CAUTION,"B1,B2,CP,B3",BENIGN,
mix-00017,clean,,8469,False,False,CAUTION,"B1,B2,CP,B3",BENIGN,
mix-00017,clean,,8481,False,False,CAUTION,"B1,B2,CP,B3",BENIGN,
mix-00017,clean,,8487,False,False,CAUTION,"B1,B2,CP,B3",BENIGN,
mix-00017,clean,,8469,False,False,CAUTION,"B1,B2,CP,B3",BENIGN,
mix-00017,clean,,8481,False,False,CAUTION,"B1,B2,CP,B3",BENIGN,
mix-00017,clean,,8487,False,False,CAUTION,"B1,B2,CP,B3",BENIGN,
mix-00017,clean,,8469,False,False,CAUTION,"B1,B2,CP,B3",BENIGN,
mix-00017,clean,,8481,False,False,CAUTION,"B1,B2,CP,B3",BENIGN,
mix-00018,clean,,6327,False,False,ACCEPT,"B1,B2,CP,B3",BENIGN,No history yet; baseline assumed valid.
mix-00018,clean,,6219,False,False,ACCEPT,"B1,B2,CP,B3",BENIGN,No history yet; baseline assumed valid.
mix-00018,clean,,6243,False,False,ACCEPT,"B1,B2,CP,B3",BENIGN,No history yet; baseline assumed valid.
mix-00018,clean,,6327,False,False,CAUTION,"B1,B2,CP,B3",BENIGN,
mix-00018,clean,,6219,False,False,CAUTION,"B1,B2,CP,B3",BENIGN,
mix-00018,clean,,6243,False,False,ACCEPT,"B1,B2,CP,B3",BENIGN,
mix-00018,clean,,6327,False,False,CAUTION,"B1,B2,CP,B3",BENIGN,
mix-00018,clean,,6219,False,False,CAUTION,"B1,B2,CP,B3",BENIGN,
mix-00018,clean,,6243,False,False,ACCEPT,"B1,B2,CP,B3",BENIGN,
mix-00018,clean,,6327,False,False,CAUTION,"B1,B2,CP,B3",BENIGN,
mix-00018,clean,,6219,False,False,CAUTION,"B1,B2,CP,B3",BENIGN,
mix-00018,clean,,6243,False,False,ACCEPT,"B1,B2,CP,B3",BENIGN,
mix-00018,clean,,6327,False,False,CAUTION,"B1,B2,CP,B3",BENIGN,
mix-00018,clean,,6219,False,False,CAUTION,"B1,B2,CP,B3",BENIGN,
mix-00018,clean,,6243,False,False,CAUTION,"B1,B2,CP,B3",BENIGN,
mix-00018,clean,,6327,False,False,CAUTION,"B1,B2,CP,B3",BENIGN,
mix-00018,clean,,6219,False,False,CAUTION,"B1,B2,CP,B3",BENIGN,
mix-00018,clean,,6243,False,False,CAUTION,"B1,B2,CP,B3",BENIGN,
mix-00019,clean,,6567,False,False,ACCEPT,"B1,B2,CP,B3",BENIGN,No history yet; baseline assumed valid.
mix-00019,clean,,6543,False,False,ACCEPT,"B1,B2,CP,B3",BENIGN,No history yet; baseline assumed valid.
mix-00019,clean,,6519,False,False,ACCEPT,"B1,B2,CP,B3",BENIGN,No history yet; baseline assumed valid.
mix-00019,clean,,6537,False,False,ACCEPT,"B1,B2,CP,B3",BENIGN,No history yet; baseline assumed valid.
mix-00019,clean,,6567,False,False,ACCEPT,"B1,B2,CP,B3",BENIGN,
mix-00019,clean,,6543,False,False,CAUTION,"B1,B2,CP,B3",BENIGN,
mix-00019,clean,,6519,False,False,ACCEPT,"B1,B2,CP,B3",BENIGN,
mix-00019,clean,,6537,False,False,ACCEPT,"B1,B2,CP,B3",BENIGN,
mix-00020,semantic_only,multi_message_context_poisoning,9861,False,False,CAUTION,"B1,B2,CP,B3",BENIGN,"Speed out of bounds: 218.0 km/h (limit: [0, 180.0]);No history yet; baseline assumed valid."
mix-00020,semantic_only,multi_message_context_poisoning,9849,False,True,ACCEPT,"B1,B2,CP,B3",BENIGN,No history yet; baseline assumed valid.
mix-00020,semantic_only,multi_message_context_poisoning,9945,False,False,ACCEPT,"B1,B2,CP,B3",BENIGN,No history yet; baseline assumed valid.
mix-00020,semantic_only,multi_message_context_poisoning,9867,False,False,ACCEPT,"B1,B2,CP,B3",BENIGN,No history yet; baseline assumed valid.
mix-00020,semantic_only,multi_message_context_poisoning,9957,False,False,ACCEPT,"B1,B2,CP,B3",BENIGN,No history yet; baseline assumed valid.
mix-00020,semantic_only,multi_message_context_poisoning,9861,False,False,ACCEPT,"B1,B2,CP,B3",BENIGN,
mix-00020,semantic_only,multi_message_context_poisoning,9849,False,True,ACCEPT,"B1,B2,CP,B3",BENIGN,
mix-00020,semantic_only,multi_message_context_poisoning,9945,False,False,ACCEPT,"B1,B2,CP,B3",BENIGN,
mix-00020,semantic_only,multi_message_context_poisoning,9867,False,False,ACCEPT,"B1,B2,CP,B3",BENIGN,
mix-00020,semantic_only,multi_message_context_poisoning,9957,False,False,CAUTION,"B1,B2,CP,B3",BENIGN,
mix-00020,semantic_only,multi_message_context_poisoning,9861,False,False,ACCEPT,"B1,B2,CP,B3",BENIGN,
mix-00020,semantic_only,multi_message_context_poisoning,9849,False,True,ACCEPT,"B1,B2,CP,B3",BENIGN,
mix-00020,semantic_only,multi_message_context_poisoning,9945,False,False,ACCEPT,"B1,B2,CP,B3",BENIGN,
mix-00020,semantic_only,multi_message_context_poisoning,9867,False,False,ACCEPT,"B1,B2,CP,B3",BENIGN,
mix-00020,semantic_only,multi_message_context_poisoning,9957,False,False,CAUTION,"B1,B2,CP,B3",BENIGN,
mix-00020,semantic_only,multi_message_context_poisoning,9861,False,False,ACCEPT,"B1,B2,CP,B3",BENIGN,
mix-00020,semantic_only,multi_message_context_poisoning,9849,False,True,CAUTION,"B1,B2,CP,B3",BENIGN,
mix-00020,semantic_only,multi_message_context_poisoning,9945,False,False,ACCEPT,"B1,B2,CP,B3",BENIGN,
mix-00020,semantic_only,multi_message_context_poisoning,9867,False,False,CAUTION,"B1,B2,CP,B3",BENIGN,
mix-00020,semantic_only,multi_message_context_poisoning,9957,False,False,CAUTION,"B1,B2,CP,B3",BENIGN,
mix-00020,semantic_only,multi_message_context_poisoning,9861,False,False,ACCEPT,"B1,B2,CP,B3",BENIGN,
mix-00020,semantic_only,multi_message_context_poisoning,9849,False,True,CAUTION,"B1,B2,CP,B3",BENIGN,
mix-00020,semantic_only,multi_message_context_poisoning,9945,False,False,CAUTION,"B1,B2,CP,B3",BENIGN,
mix-00020,semantic_only,multi_message_context_poisoning,9867,False,False,ACCEPT,"B1,B2,CP,B3",BENIGN,
mix-00020,semantic_only,multi_message_context_poisoning,9957,False,False,CAUTION,"B1,B2,CP,B3",BENIGN,
mix-00020,semantic_only,multi_message_context_poisoning,9861,False,False,ACCEPT,"B1,B2,CP,B3",BENIGN,
mix-00020,semantic_only,multi_message_context_poisoning,9849,False,True,CAUTION,"B1,B2,CP,B3",BENIGN,
mix-00020,semantic_only,multi_message_context_poisoning,9945,False,False,CAUTION,"B1,B2,CP,B3",BENIGN,
mix-00020,semantic_only,multi_message_context_poisoning,9867,False,False,ACCEPT,"B1,B2,CP,B3",BENIGN,
mix-00020,semantic_only,multi_message_context_poisoning,9957,False,False,CAUTION,"B1,B2,CP,B3",BENIGN,
mix-00020,semantic_only,multi_message_context_poisoning,9861,False,False,ACCEPT,"B1,B2,CP,B3",BENIGN,
mix-00020,semantic_only,multi_message_context_poisoning,9849,False,True,CAUTION,"B1,B2,CP,B3",BENIGN,
mix-00020,semantic_only,multi_message_context_poisoning,9945,False,False,CAUTION,"B1,B2,CP,B3",BENIGN,
mix-00020,semantic_only,multi_message_context_poisoning,9867,False,False,CAUTION,"B1,B2,CP,B3",BENIGN,
mix-00020,semantic_only,multi_message_context_poisoning,9957,False,False,CAUTION,"B1,B2,CP,B3",BENIGN,
mix-00020,semantic_only,multi_message_context_poisoning,9861,False,False,CAUTION,"B1,B2,CP,B3",BENIGN,
mix-00020,semantic_only,multi_message_context_poisoning,9849,False,True,CAUTION,"B1,B2,CP,B3",BENIGN,
mix-00020,semantic_only,multi_message_context_poisoning,9945,False,False,CAUTION,"B1,B2,CP,B3",BENIGN,
mix-00020,semantic_only,multi_message_context_poisoning,9867,False,False,CAUTION,"B1,B2,CP,B3",BENIGN,
mix-00020,semantic_only,multi_message_context_poisoning,9957,False,False,CAUTION,"B1,B2,CP,B3",BENIGN,
mix-00021,mixed,false_clearance,10011,True,False,ACCEPT,"B1,B2,CP,B3",BENIGN,No history yet; baseline assumed valid.
mix-00021,mixed,false_clearance,10029,False,True,CAUTION,"B1,B2,CP,B3",MALICIOUS,No history yet; baseline assumed valid.
mix-00021,mixed,false_clearance,9981,False,False,ACCEPT,"B1,B2,CP,B3",BENIGN,No history yet; baseline assumed valid.
mix-00021,mixed,false_clearance,10011,True,False,CAUTION,"B1,B2,CP,B3",BENIGN,Constant Position check: Vehicle reports movement (avg speed 49.25 km/h) but displacement is only 0.00m over 999.99s.
mix-00021,mixed,false_clearance,10029,False,True,REJECT,"B1,B2,CP,B3",MALICIOUS,
mix-00021,mixed,false_clearance,9981,False,False,CAUTION,"B1,B2,CP,B3",BENIGN,
mix-00021,mixed,false_clearance,10011,True,False,CAUTION,"B1,B2,CP,B3",BENIGN,Constant Position check: Vehicle reports movement (avg speed 49.23 km/h) but displacement is only 0.00m over 1999.99s.
mix-00021,mixed,false_clearance,10029,False,True,CAUTION,"B1,B2,CP,B3",MALICIOUS,
mix-00021,mixed,false_clearance,9981,False,False,CAUTION,"B1,B2,CP,B3",BENIGN,
mix-00021,mixed,false_clearance,10011,True,False,CAUTION,"B1,B2,CP,B3",BENIGN,Constant Position check: Vehicle reports movement (avg speed 49.26 km/h) but displacement is only 0.00m over 2999.99s.
mix-00021,mixed,false_clearance,10029,False,True,CAUTION,"B1,B2,CP,B3",MALICIOUS,
mix-00021,mixed,false_clearance,9981,False,False,CAUTION,"B1,B2,CP,B3",BENIGN,
mix-00021,mixed,false_clearance,10011,True,False,CAUTION,"B1,B2,CP,B3",BENIGN,Constant Position check: Vehicle reports movement (avg speed 49.19 km/h) but displacement is only 0.00m over 4000.00s.
mix-00021,mixed,false_clearance,10029,False,True,CAUTION,"B1,B2,CP,B3",MALICIOUS,
mix-00021,mixed,false_clearance,9981,False,False,CAUTION,"B1,B2,CP,B3",BENIGN,
mix-00022,mixed,false_clearance,8715,True,False,ACCEPT,"B1,B2,CP,B3",BENIGN,No history yet; baseline assumed valid.
mix-00022,mixed,false_clearance,8757,False,True,REJECT,"B1,B2,CP,B3",BENIGN,No history yet; baseline assumed valid.
mix-00022,mixed,false_clearance,8799,False,False,ACCEPT,"B1,B2,CP,B3",BENIGN,No history yet; baseline assumed valid.
mix-00022,mixed,false_clearance,8715,True,False,CAUTION,"B1,B2,CP,B3",BENIGN,Constant Position check: Vehicle reports movement (avg speed 48.74 km/h) but displacement is only 0.00m over 1000.00s.
mix-00022,mixed,false_clearance,8757,False,True,CAUTION,"B1,B2,CP,B3",BENIGN,
mix-00022,mixed,false_clearance,8799,False,False,CAUTION,"B1,B2,CP,B3",BENIGN,
mix-00022,mixed,false_clearance,8715,True,False,CAUTION,"B1,B2,CP,B3",BENIGN,Constant Position check: Vehicle reports movement (avg speed 48.65 km/h) but displacement is only 0.00m over 1999.99s.
mix-00022,mixed,false_clearance,8757,False,True,CAUTION,"B1,B2,CP,B3",BENIGN,
mix-00022,mixed,false_clearance,8799,False,False,CAUTION,"B1,B2,CP,B3",BENIGN,
mix-00022,mixed,false_clearance,8715,True,False,CAUTION,"B1,B2,CP,B3",BENIGN,Constant Position check: Vehicle reports movement (avg speed 48.62 km/h) but displacement is only 0.00m over 3000.00s.
mix-00022,mixed,false_clearance,8757,False,True,CAUTION,"B1,B2,CP,B3",BENIGN,
mix-00022,mixed,false_clearance,8799,False,False,CAUTION,"B1,B2,CP,B3",BENIGN,
mix-00022,mixed,false_clearance,8715,True,False,CAUTION,"B1,B2,CP,B3",BENIGN,Constant Position check: Vehicle reports movement (avg speed 48.55 km/h) but displacement is only 0.00m over 3999.99s.
mix-00022,mixed,false_clearance,8757,False,True,CAUTION,"B1,B2,CP,B3",BENIGN,
mix-00022,mixed,false_clearance,8799,False,False,CAUTION,"B1,B2,CP,B3",BENIGN,
mix-00022,mixed,false_clearance,8715,True,False,CAUTION,"B1,B2,CP,B3",BENIGN,Constant Position check: Vehicle reports movement (avg speed 48.55 km/h) but displacement is only 0.00m over 4999.99s.
mix-00022,mixed,false_clearance,8757,False,True,CAUTION,"B1,B2,CP,B3",BENIGN,
mix-00022,mixed,false_clearance,8799,False,False,CAUTION,"B1,B2,CP,B3",BENIGN,
mix-00022,mixed,false_clearance,8715,True,False,CAUTION,"B1,B2,CP,B3",BENIGN,Constant Position check: Vehicle reports movement (avg speed 48.48 km/h) but displacement is only 0.00m over 5000.00s.
mix-00022,mixed,false_clearance,8757,False,True,CAUTION,"B1,B2,CP,B3",BENIGN,
mix-00022,mixed,false_clearance,8799,False,False,CAUTION,"B1,B2,CP,B3",BENIGN,
mix-00023,clean,,7929,False,False,ACCEPT,"B1,B2,CP,B3",BENIGN,No history yet; baseline assumed valid.
mix-00023,clean,,7923,False,False,ACCEPT,"B1,B2,CP,B3",BENIGN,No history yet; baseline assumed valid.
mix-00023,clean,,7917,False,False,ACCEPT,"B1,B2,CP,B3",BENIGN,No history yet; baseline assumed valid.
mix-00023,clean,,7929,False,False,CAUTION,"B1,B2,CP,B3",BENIGN,"Speed out of bounds: 286.0 km/h (limit: [0, 180.0])"
mix-00023,clean,,7923,False,False,ACCEPT,"B1,B2,CP,B3",BENIGN,
mix-00023,clean,,7917,False,False,ACCEPT,"B1,B2,CP,B3",BENIGN,
mix-00023,clean,,7929,False,False,ACCEPT,"B1,B2,CP,B3",BENIGN,
mix-00023,clean,,7923,False,False,ACCEPT,"B1,B2,CP,B3",BENIGN,
mix-00023,clean,,7917,False,False,ACCEPT,"B1,B2,CP,B3",BENIGN,
mix-00023,clean,,7929,False,False,CAUTION,"B1,B2,CP,B3",BENIGN,"Speed out of bounds: 254.0 km/h (limit: [0, 180.0])"
mix-00023,clean,,7923,False,False,ACCEPT,"B1,B2,CP,B3",BENIGN,
mix-00023,clean,,7917,False,False,ACCEPT,"B1,B2,CP,B3",BENIGN,
mix-00023,clean,,7929,False,False,ACCEPT,"B1,B2,CP,B3",BENIGN,
mix-00023,clean,,7923,False,False,CAUTION,"B1,B2,CP,B3",BENIGN,
mix-00023,clean,,7917,False,False,ACCEPT,"B1,B2,CP,B3",BENIGN,
mix-00023,clean,,7929,False,False,ACCEPT,"B1,B2,CP,B3",BENIGN,
mix-00023,clean,,7923,False,False,CAUTION,"B1,B2,CP,B3",BENIGN,
mix-00023,clean,,7917,False,False,ACCEPT,"B1,B2,CP,B3",BENIGN,
mix-00023,clean,,7929,False,False,ACCEPT,"B1,B2,CP,B3",BENIGN,
mix-00023,clean,,7923,False,False,CAUTION,"B1,B2,CP,B3",BENIGN,
mix-00023,clean,,7917,False,False,ACCEPT,"B1,B2,CP,B3",BENIGN,
mix-00023,clean,,7929,False,False,ACCEPT,"B1,B2,CP,B3",BENIGN,
mix-00023,clean,,7923,False,False,CAUTION,"B1,B2,CP,B3",BENIGN,
mix-00023,clean,,7917,False,False,ACCEPT,"B1,B2,CP,B3",BENIGN,
mix-00023,clean,,7929,False,False,CAUTION,"B1,B2,CP,B3",BENIGN,Constant Position check: Vehicle reports movement (avg speed 50.80 km/h) but displacement is only 0.67m over 5000.00s.
mix-00023,clean,,7923,False,False,CAUTION,"B1,B2,CP,B3",BENIGN,
mix-00023,clean,,7917,False,False,ACCEPT,"B1,B2,CP,B3",BENIGN,
mix-00024,clean,,8061,False,False,ACCEPT,"B1,B2,CP,B3",BENIGN,No history yet; baseline assumed valid.
mix-00024,clean,,8169,False,False,ACCEPT,"B1,B2,CP,B3",BENIGN,No history yet; baseline assumed valid.
mix-00024,clean,,8163,False,False,ACCEPT,"B1,B2,CP,B3",BENIGN,No history yet; baseline assumed valid.
mix-00024,clean,,8061,False,False,CAUTION,"B1,B2,CP,B3",BENIGN,"Speed out of bounds: 199.0 km/h (limit: [0, 180.0])"
mix-00024,clean,,8169,False,False,ACCEPT,"B1,B2,CP,B3",BENIGN,
mix-00024,clean,,8163,False,False,ACCEPT,"B1,B2,CP,B3",BENIGN,
mix-00025,semantic_only,context_inversion,7701,False,False,ACCEPT,"B1,B2,CP,B3",BENIGN,No history yet; baseline assumed valid.
mix-00025,semantic_only,context_inversion,7677,False,False,ACCEPT,"B1,B2,CP,B3",BENIGN,No history yet; baseline assumed valid.
mix-00025,semantic_only,context_inversion,7647,False,True,REJECT,"B1,B2,CP,B3",BENIGN,No history yet; baseline assumed valid.
mix-00025,semantic_only,context_inversion,7683,False,False,ACCEPT,"B1,B2,CP,B3",BENIGN,No history yet; baseline assumed valid.
mix-00025,semantic_only,context_inversion,7689,False,False,ACCEPT,"B1,B2,CP,B3",BENIGN,No history yet; baseline assumed valid.
mix-00025,semantic_only,context_inversion,7701,False,False,ACCEPT,"B1,B2,CP,B3",BENIGN,
mix-00025,semantic_only,context_inversion,7677,False,False,CAUTION,"B1,B2,CP,B3",BENIGN,
mix-00025,semantic_only,context_inversion,7647,False,True,CAUTION,"B1,B2,CP,B3",BENIGN,
mix-00025,semantic_only,context_inversion,7683,False,False,CAUTION,"B1,B2,CP,B3",BENIGN,
mix-00025,semantic_only,context_inversion,7689,False,False,CAUTION,"B1,B2,CP,B3",BENIGN,
mix-00025,semantic_only,context_inversion,7701,False,False,ACCEPT,"B1,B2,CP,B3",BENIGN,
mix-00025,semantic_only,context_inversion,7677,False,False,CAUTION,"B1,B2,CP,B3",BENIGN,
mix-00025,semantic_only,context_inversion,7647,False,True,CAUTION,"B1,B2,CP,B3",BENIGN,
mix-00025,semantic_only,context_inversion,7683,False,False,CAUTION,"B1,B2,CP,B3",BENIGN,
mix-00025,semantic_only,context_inversion,7689,False,False,CAUTION,"B1,B2,CP,B3",BENIGN,
mix-00025,semantic_only,context_inversion,7701,False,False,CAUTION,"B1,B2,CP,B3",BENIGN,
mix-00025,semantic_only,context_inversion,7677,False,False,ACCEPT,"B1,B2,CP,B3",BENIGN,
mix-00025,semantic_only,context_inversion,7647,False,True,CAUTION,"B1,B2,CP,B3",BENIGN,
mix-00025,semantic_only,context_inversion,7683,False,False,CAUTION,"B1,B2,CP,B3",BENIGN,
mix-00025,semantic_only,context_inversion,7689,False,False,CAUTION,"B1,B2,CP,B3",BENIGN,
mix-00025,semantic_only,context_inversion,7701,False,False,CAUTION,"B1,B2,CP,B3",BENIGN,
mix-00025,semantic_only,context_inversion,7677,False,False,ACCEPT,"B1,B2,CP,B3",BENIGN,
mix-00025,semantic_only,context_inversion,7647,False,True,CAUTION,"B1,B2,CP,B3",BENIGN,
mix-00025,semantic_only,context_inversion,7683,False,False,CAUTION,"B1,B2,CP,B3",BENIGN,
mix-00025,semantic_only,context_inversion,7689,False,False,CAUTION,"B1,B2,CP,B3",BENIGN,
mix-00025,semantic_only,context_inversion,7701,False,False,CAUTION,"B1,B2,CP,B3",BENIGN,
mix-00025,semantic_only,context_inversion,7677,False,False,ACCEPT,"B1,B2,CP,B3",BENIGN,
mix-00025,semantic_only,context_inversion,7647,False,True,CAUTION,"B1,B2,CP,B3",BENIGN,
mix-00025,semantic_only,context_inversion,7683,False,False,ACCEPT,"B1,B2,CP,B3",BENIGN,
mix-00025,semantic_only,context_inversion,7689,False,False,ACCEPT,"B1,B2,CP,B3",BENIGN,
mix-00025,semantic_only,context_inversion,7701,False,False,CAUTION,"B1,B2,CP,B3",BENIGN,"Speed out of bounds: 266.0 km/h (limit: [0, 180.0])"
mix-00025,semantic_only,context_inversion,7677,False,False,CAUTION,"B1,B2,CP,B3",BENIGN,
mix-00025,semantic_only,context_inversion,7647,False,True,CAUTION,"B1,B2,CP,B3",BENIGN,
mix-00025,semantic_only,context_inversion,7683,False,False,ACCEPT,"B1,B2,CP,B3",BENIGN,
mix-00025,semantic_only,context_inversion,7689,False,False,ACCEPT,"B1,B2,CP,B3",BENIGN,
mix-00025,semantic_only,context_inversion,7701,False,False,ACCEPT,"B1,B2,CP,B3",BENIGN,
mix-00025,semantic_only,context_inversion,7677,False,False,CAUTION,"B1,B2,CP,B3",BENIGN,
mix-00025,semantic_only,context_inversion,7647,False,True,CAUTION,"B1,B2,CP,B3",BENIGN,
mix-00025,semantic_only,context_inversion,7683,False,False,ACCEPT,"B1,B2,CP,B3",BENIGN,
mix-00025,semantic_only,context_inversion,7689,False,False,ACCEPT,"B1,B2,CP,B3",BENIGN,
mix-00025,semantic_only,context_inversion,7701,False,False,ACCEPT,"B1,B2,CP,B3",BENIGN,
mix-00025,semantic_only,context_inversion,7677,False,False,CAUTION,"B1,B2,CP,B3",BENIGN,
mix-00025,semantic_only,context_inversion,7647,False,True,CAUTION,"B1,B2,CP,B3",BENIGN,
mix-00025,semantic_only,context_inversion,7683,False,False,ACCEPT,"B1,B2,CP,B3",BENIGN,
mix-00025,semantic_only,context_inversion,7689,False,False,ACCEPT,"B1,B2,CP,B3",BENIGN,
mix-00025,semantic_only,context_inversion,7701,False,False,ACCEPT,"B1,B2,CP,B3",BENIGN,
mix-00025,semantic_only,context_inversion,7677,False,False,CAUTION,"B1,B2,CP,B3",BENIGN,
mix-00025,semantic_only,context_inversion,7647,False,True,CAUTION,"B1,B2,CP,B3",BENIGN,
mix-00025,semantic_only,context_inversion,7683,False,False,CAUTION,"B1,B2,CP,B3",BENIGN,
mix-00025,semantic_only,context_inversion,7689,False,False,ACCEPT,"B1,B2,CP,B3",BENIGN,
mix-00025,semantic_only,context_inversion,7701,False,False,ACCEPT,"B1,B2,CP,B3",BENIGN,
mix-00025,semantic_only,context_inversion,7677,False,False,CAUTION,"B1,B2,CP,B3",BENIGN,
mix-00025,semantic_only,context_inversion,7647,False,True,CAUTION,"B1,B2,CP,B3",BENIGN,
mix-00025,semantic_only,context_inversion,7683,False,False,CAUTION,"B1,B2,CP,B3",BENIGN,
mix-00025,semantic_only,context_inversion,7689,False,False,CAUTION,"B1,B2,CP,B3",BENIGN,
mix-00025,semantic_only,context_inversion,7701,False,False,CAUTION,"B1,B2,CP,B3",BENIGN,
mix-00025,semantic_only,context_inversion,7677,False,False,CAUTION,"B1,B2,CP,B3",BENIGN,
mix-00025,semantic_only,context_inversion,7647,False,True,CAUTION,"B1,B2,CP,B3",BENIGN,
mix-00025,semantic_only,context_inversion,7683,False,False,CAUTION,"B1,B2,CP,B3",BENIGN,
mix-00025,semantic_only,context_inversion,7689,False,False,CAUTION,"B1,B2,CP,B3",BENIGN,
mix-00025,semantic_only,context_inversion,7701,False,False,CAUTION,"B1,B2,CP,B3",BENIGN,
mix-00025,semantic_only,context_inversion,7677,False,False,CAUTION,"B1,B2,CP,B3",BENIGN,
mix-00025,semantic_only,context_inversion,7647,False,True,CAUTION,"B1,B2,CP,B3",BENIGN,
mix-00025,semantic_only,context_inversion,7683,False,False,CAUTION,"B1,B2,CP,B3",BENIGN,
mix-00025,semantic_only,context_inversion,7689,False,False,CAUTION,"B1,B2,CP,B3",BENIGN,
mix-00025,semantic_only,context_inversion,7701,False,False,CAUTION,"B1,B2,CP,B3",BENIGN,
mix-00025,semantic_only,context_inversion,7677,False,False,CAUTION,"B1,B2,CP,B3",BENIGN,
mix-00025,semantic_only,context_inversion,7647,False,True,CAUTION,"B1,B2,CP,B3",BENIGN,
mix-00025,semantic_only,context_inversion,7683,False,False,CAUTION,"B1,B2,CP,B3",BENIGN,
mix-00025,semantic_only,context_inversion,7689,False,False,CAUTION,"B1,B2,CP,B3",BENIGN,
mix-00025,semantic_only,context_inversion,7701,False,False,CAUTION,"B1,B2,CP,B3",BENIGN,
mix-00025,semantic_only,context_inversion,7677,False,False,CAUTION,"B1,B2,CP,B3",BENIGN,
mix-00025,semantic_only,context_inversion,7647,False,True,CAUTION,"B1,B2,CP,B3",BENIGN,
mix-00025,semantic_only,context_inversion,7683,False,False,CAUTION,"B1,B2,CP,B3",BENIGN,
mix-00025,semantic_only,context_inversion,7689,False,False,CAUTION,"B1,B2,CP,B3",BENIGN,
mix-00025,semantic_only,context_inversion,7701,False,False,CAUTION,"B1,B2,CP,B3",BENIGN,
mix-00025,semantic_only,context_inversion,7677,False,False,CAUTION,"B1,B2,CP,B3",BENIGN,
mix-00025,semantic_only,context_inversion,7647,False,True,CAUTION,"B1,B2,CP,B3",BENIGN,
mix-00025,semantic_only,context_inversion,7683,False,False,CAUTION,"B1,B2,CP,B3",BENIGN,
mix-00025,semantic_only,context_inversion,7689,False,False,CAUTION,"B1,B2,CP,B3",BENIGN,
mix-00025,semantic_only,context_inversion,7701,False,False,CAUTION,"B1,B2,CP,B3",BENIGN,
mix-00025,semantic_only,context_inversion,7677,False,False,CAUTION,"B1,B2,CP,B3",BENIGN,
mix-00025,semantic_only,context_inversion,7647,False,True,CAUTION,"B1,B2,CP,B3",BENIGN,
mix-00025,semantic_only,context_inversion,7683,False,False,CAUTION,"B1,B2,CP,B3",BENIGN,
mix-00025,semantic_only,context_inversion,7689,False,False,CAUTION,"B1,B2,CP,B3",BENIGN,
mix-00025,semantic_only,context_inversion,7701,False,False,CAUTION,"B1,B2,CP,B3",BENIGN,
mix-00025,semantic_only,context_inversion,7677,False,False,CAUTION,"B1,B2,CP,B3",BENIGN,
mix-00025,semantic_only,context_inversion,7647,False,True,CAUTION,"B1,B2,CP,B3",BENIGN,
mix-00025,semantic_only,context_inversion,7683,False,False,CAUTION,"B1,B2,CP,B3",BENIGN,
mix-00025,semantic_only,context_inversion,7689,False,False,CAUTION,"B1,B2,CP,B3",BENIGN,
mix-00025,semantic_only,context_inversion,7701,False,False,CAUTION,"B1,B2,CP,B3",BENIGN,
mix-00025,semantic_only,context_inversion,7677,False,False,CAUTION,"B1,B2,CP,B3",BENIGN,
mix-00025,semantic_only,context_inversion,7647,False,True,CAUTION,"B1,B2,CP,B3",BENIGN,
mix-00025,semantic_only,context_inversion,7683,False,False,CAUTION,"B1,B2,CP,B3",BENIGN,
mix-00025,semantic_only,context_inversion,7689,False,False,CAUTION,"B1,B2,CP,B3",BENIGN,
mix-00025,semantic_only,context_inversion,7701,False,False,CAUTION,"B1,B2,CP,B3",BENIGN,
mix-00025,semantic_only,context_inversion,7677,False,False,CAUTION,"B1,B2,CP,B3",BENIGN,
mix-00025,semantic_only,context_inversion,7647,False,True,CAUTION,"B1,B2,CP,B3",BENIGN,
mix-00025,semantic_only,context_inversion,7683,False,False,CAUTION,"B1,B2,CP,B3",BENIGN,
mix-00025,semantic_only,context_inversion,7689,False,False,CAUTION,"B1,B2,CP,B3",BENIGN,
mix-00025,semantic_only,context_inversion,7701,False,False,CAUTION,"B1,B2,CP,B3",BENIGN,
mix-00025,semantic_only,context_inversion,7677,False,False,CAUTION,"B1,B2,CP,B3",BENIGN,
mix-00025,semantic_only,context_inversion,7647,False,True,CAUTION,"B1,B2,CP,B3",BENIGN,
mix-00025,semantic_only,context_inversion,7683,False,False,CAUTION,"B1,B2,CP,B3",BENIGN,
mix-00025,semantic_only,context_inversion,7689,False,False,CAUTION,"B1,B2,CP,B3",BENIGN,
mix-00025,semantic_only,context_inversion,7701,False,False,CAUTION,"B1,B2,CP,B3",BENIGN,
mix-00025,semantic_only,context_inversion,7677,False,False,CAUTION,"B1,B2,CP,B3",BENIGN,
mix-00025,semantic_only,context_inversion,7647,False,True,CAUTION,"B1,B2,CP,B3",BENIGN,
mix-00025,semantic_only,context_inversion,7683,False,False,CAUTION,"B1,B2,CP,B3",BENIGN,
mix-00025,semantic_only,context_inversion,7689,False,False,CAUTION,"B1,B2,CP,B3",BENIGN,
mix-00025,semantic_only,context_inversion,7701,False,False,ACCEPT,"B1,B2,CP,B3",BENIGN,
mix-00025,semantic_only,context_inversion,7677,False,False,CAUTION,"B1,B2,CP,B3",BENIGN,
mix-00025,semantic_only,context_inversion,7647,False,True,CAUTION,"B1,B2,CP,B3",BENIGN,
mix-00025,semantic_only,context_inversion,7683,False,False,CAUTION,"B1,B2,CP,B3",BENIGN,
mix-00025,semantic_only,context_inversion,7689,False,False,CAUTION,"B1,B2,CP,B3",BENIGN,
mix-00026,mixed,semantic_narrative_poisoning,6741,False,False,ACCEPT,"B1,B2,CP,B3",BENIGN,No history yet; baseline assumed valid.
mix-00026,mixed,semantic_narrative_poisoning,6693,True,False,ACCEPT,"B1,B2,CP,B3",BENIGN,No history yet; baseline assumed valid.
mix-00026,mixed,semantic_narrative_poisoning,6759,False,True,ACCEPT,"B1,B2,CP,B3",BENIGN,No history yet; baseline assumed valid.
mix-00026,mixed,semantic_narrative_poisoning,6741,False,False,ACCEPT,"B1,B2,CP,B3",BENIGN,
mix-00026,mixed,semantic_narrative_poisoning,6693,True,False,CAUTION,"B1,B2,CP,B3",BENIGN,Constant Position check: Vehicle reports movement (avg speed 48.13 km/h) but displacement is only 0.00m over 999.99s.
mix-00026,mixed,semantic_narrative_poisoning,6759,False,True,ACCEPT,"B1,B2,CP,B3",BENIGN,
mix-00026,mixed,semantic_narrative_poisoning,6741,False,False,ACCEPT,"B1,B2,CP,B3",BENIGN,
mix-00026,mixed,semantic_narrative_poisoning,6693,True,False,CAUTION,"B1,B2,CP,B3",BENIGN,Constant Position check: Vehicle reports movement (avg speed 48.29 km/h) but displacement is only 0.00m over 2000.00s.
mix-00026,mixed,semantic_narrative_poisoning,6759,False,True,ACCEPT,"B1,B2,CP,B3",BENIGN,
mix-00026,mixed,semantic_narrative_poisoning,6741,False,False,ACCEPT,"B1,B2,CP,B3",BENIGN,
mix-00026,mixed,semantic_narrative_poisoning,6693,True,False,CAUTION,"B1,B2,CP,B3",BENIGN,Constant Position check: Vehicle reports movement (avg speed 48.23 km/h) but displacement is only 0.00m over 3000.00s.
mix-00026,mixed,semantic_narrative_poisoning,6759,False,True,ACCEPT,"B1,B2,CP,B3",BENIGN,
mix-00026,mixed,semantic_narrative_poisoning,6741,False,False,ACCEPT,"B1,B2,CP,B3",BENIGN,
mix-00026,mixed,semantic_narrative_poisoning,6693,True,False,CAUTION,"B1,B2,CP,B3",BENIGN,Constant Position check: Vehicle reports movement (avg speed 48.28 km/h) but displacement is only 0.00m over 4000.00s.
mix-00026,mixed,semantic_narrative_poisoning,6759,False,True,ACCEPT,"B1,B2,CP,B3",BENIGN,
mix-00026,mixed,semantic_narrative_poisoning,6741,False,False,ACCEPT,"B1,B2,CP,B3",BENIGN,
mix-00026,mixed,semantic_narrative_poisoning,6693,True,False,CAUTION,"B1,B2,CP,B3",BENIGN,Constant Position check: Vehicle reports movement (avg speed 48.31 km/h) but displacement is only 0.00m over 4999.99s.
mix-00026,mixed,semantic_narrative_poisoning,6759,False,True,ACCEPT,"B1,B2,CP,B3",BENIGN,
mix-00026,mixed,semantic_narrative_poisoning,6741,False,False,ACCEPT,"B1,B2,CP,B3",BENIGN,
mix-00026,mixed,semantic_narrative_poisoning,6693,True,False,CAUTION,"B1,B2,CP,B3",BENIGN,Constant Position check: Vehicle reports movement (avg speed 48.36 km/h) but displacement is only 0.00m over 5000.00s.
mix-00026,mixed,semantic_narrative_poisoning,6759,False,True,ACCEPT,"B1,B2,CP,B3",BENIGN,
mix-00026,mixed,semantic_narrative_poisoning,6741,False,False,ACCEPT,"B1,B2,CP,B3",BENIGN,
mix-00026,mixed,semantic_narrative_poisoning,6693,True,False,CAUTION,"B1,B2,CP,B3",BENIGN,Constant Position check: Vehicle reports movement (avg speed 48.27 km/h) but displacement is only 0.00m over 5000.00s.
mix-00026,mixed,semantic_narrative_poisoning,6759,False,True,ACCEPT,"B1,B2,CP,B3",BENIGN,
mix-00026,mixed,semantic_narrative_poisoning,6741,False,False,ACCEPT,"B1,B2,CP,B3",BENIGN,
mix-00026,mixed,semantic_narrative_poisoning,6693,True,False,CAUTION,"B1,B2,CP,B3",BENIGN,Constant Position check: Vehicle reports movement (avg speed 48.28 km/h) but displacement is only 0.00m over 5000.00s.
mix-00026,mixed,semantic_narrative_poisoning,6759,False,True,ACCEPT,"B1,B2,CP,B3",BENIGN,
mix-00026,mixed,semantic_narrative_poisoning,6741,False,False,ACCEPT,"B1,B2,CP,B3",BENIGN,
mix-00026,mixed,semantic_narrative_poisoning,6693,True,False,CAUTION,"B1,B2,CP,B3",BENIGN,Constant Position check: Vehicle reports movement (avg speed 48.24 km/h) but displacement is only 0.00m over 5000.00s.
mix-00026,mixed,semantic_narrative_poisoning,6759,False,True,ACCEPT,"B1,B2,CP,B3",BENIGN,
mix-00026,mixed,semantic_narrative_poisoning,6741,False,False,ACCEPT,"B1,B2,CP,B3",BENIGN,
mix-00026,mixed,semantic_narrative_poisoning,6693,True,False,CAUTION,"B1,B2,CP,B3",BENIGN,Constant Position check: Vehicle reports movement (avg speed 48.18 km/h) but displacement is only 0.00m over 5000.01s.
mix-00026,mixed,semantic_narrative_poisoning,6759,False,True,ACCEPT,"B1,B2,CP,B3",BENIGN,
mix-00026,mixed,semantic_narrative_poisoning,6741,False,False,ACCEPT,"B1,B2,CP,B3",BENIGN,
mix-00026,mixed,semantic_narrative_poisoning,6693,True,False,CAUTION,"B1,B2,CP,B3",BENIGN,Constant Position check: Vehicle reports movement (avg speed 48.15 km/h) but displacement is only 0.00m over 5000.00s.
mix-00026,mixed,semantic_narrative_poisoning,6759,False,True,ACCEPT,"B1,B2,CP,B3",BENIGN,
mix-00026,mixed,semantic_narrative_poisoning,6741,False,False,ACCEPT,"B1,B2,CP,B3",BENIGN,
mix-00026,mixed,semantic_narrative_poisoning,6693,True,False,CAUTION,"B1,B2,CP,B3",BENIGN,Constant Position check: Vehicle reports movement (avg speed 48.18 km/h) but displacement is only 0.00m over 4999.99s.
mix-00026,mixed,semantic_narrative_poisoning,6759,False,True,REJECT,"B1,B2,CP,B3",BENIGN,"Speed out of bounds: 204.0 km/h (limit: [0, 180.0])"
mix-00026,mixed,semantic_narrative_poisoning,6741,False,False,CAUTION,"B1,B2,CP,B3",BENIGN,"Speed out of bounds: 239.0 km/h (limit: [0, 180.0])"
mix-00026,mixed,semantic_narrative_poisoning,6693,True,False,CAUTION,"B1,B2,CP,B3",BENIGN,Constant Position check: Vehicle reports movement (avg speed 48.18 km/h) but displacement is only 0.00m over 5000.00s.
mix-00026,mixed,semantic_narrative_poisoning,6759,False,True,CAUTION,"B1,B2,CP,B3",BENIGN,
mix-00026,mixed,semantic_narrative_poisoning,6741,False,False,ACCEPT,"B1,B2,CP,B3",BENIGN,
mix-00026,mixed,semantic_narrative_poisoning,6693,True,False,CAUTION,"B1,B2,CP,B3",BENIGN,Constant Position check: Vehicle reports movement (avg speed 48.15 km/h) but displacement is only 0.00m over 5000.00s.
mix-00026,mixed,semantic_narrative_poisoning,6759,False,True,CAUTION,"B1,B2,CP,B3",BENIGN,
mix-00026,mixed,semantic_narrative_poisoning,6741,False,False,ACCEPT,"B1,B2,CP,B3",BENIGN,
mix-00026,mixed,semantic_narrative_poisoning,6693,True,False,CAUTION,"B1,B2,CP,B3",BENIGN,Constant Position check: Vehicle reports movement (avg speed 48.17 km/h) but displacement is only 0.00m over 5000.00s.
mix-00026,mixed,semantic_narrative_poisoning,6759,False,True,CAUTION,"B1,B2,CP,B3",BENIGN,
mix-00026,mixed,semantic_narrative_poisoning,6741,False,False,ACCEPT,"B1,B2,CP,B3",BENIGN,
mix-00026,mixed,semantic_narrative_poisoning,6693,True,False,CAUTION,"B1,B2,CP,B3",BENIGN,Constant Position check: Vehicle reports movement (avg speed 48.19 km/h) but displacement is only 0.00m over 5000.00s.
mix-00026,mixed,semantic_narrative_poisoning,6759,False,True,ACCEPT,"B1,B2,CP,B3",BENIGN,
mix-00026,mixed,semantic_narrative_poisoning,6741,False,False,ACCEPT,"B1,B2,CP,B3",BENIGN,
mix-00026,mixed,semantic_narrative_poisoning,6693,True,False,CAUTION,"B1,B2,CP,B3",BENIGN,Constant Position check: Vehicle reports movement (avg speed 48.17 km/h) but displacement is only 0.00m over 5000.01s.
mix-00026,mixed,semantic_narrative_poisoning,6759,False,True,CAUTION,"B1,B2,CP,B3",BENIGN,
mix-00026,mixed,semantic_narrative_poisoning,6741,False,False,ACCEPT,"B1,B2,CP,B3",BENIGN,
mix-00026,mixed,semantic_narrative_poisoning,6693,True,False,CAUTION,"B1,B2,CP,B3",BENIGN,Constant Position check: Vehicle reports movement (avg speed 48.21 km/h) but displacement is only 0.00m over 5000.00s.
mix-00026,mixed,semantic_narrative_poisoning,6759,False,True,CAUTION,"B1,B2,CP,B3",BENIGN,
mix-00026,mixed,semantic_narrative_poisoning,6741,False,False,CAUTION,"B1,B2,CP,B3",BENIGN,
mix-00026,mixed,semantic_narrative_poisoning,6693,True,False,CAUTION,"B1,B2,CP,B3",BENIGN,Constant Position check: Vehicle reports movement (avg speed 48.27 km/h) but displacement is only 0.00m over 4999.99s.
mix-00026,mixed,semantic_narrative_poisoning,6759,False,True,CAUTION,"B1,B2,CP,B3",BENIGN,
mix-00026,mixed,semantic_narrative_poisoning,6741,False,False,CAUTION,"B1,B2,CP,B3",BENIGN,
mix-00026,mixed,semantic_narrative_poisoning,6693,True,False,CAUTION,"B1,B2,CP,B3",BENIGN,Constant Position check: Vehicle reports movement (avg speed 48.24 km/h) but displacement is only 0.00m over 4999.99s.
mix-00026,mixed,semantic_narrative_poisoning,6759,False,True,ACCEPT,"B1,B2,CP,B3",BENIGN,
mix-00026,mixed,semantic_narrative_poisoning,6741,False,False,CAUTION,"B1,B2,CP,B3",BENIGN,
mix-00026,mixed,semantic_narrative_poisoning,6693,True,False,CAUTION,"B1,B2,CP,B3",BENIGN,Constant Position check: Vehicle reports movement (avg speed 48.19 km/h) but displacement is only 0.00m over 5000.01s.
mix-00026,mixed,semantic_narrative_poisoning,6759,False,True,CAUTION,"B1,B2,CP,B3",BENIGN,
mix-00026,mixed,semantic_narrative_poisoning,6741,False,False,CAUTION,"B1,B2,CP,B3",BENIGN,
mix-00026,mixed,semantic_narrative_poisoning,6693,True,False,CAUTION,"B1,B2,CP,B3",BENIGN,Constant Position check: Vehicle reports movement (avg speed 48.18 km/h) but displacement is only 0.00m over 5000.00s.
mix-00026,mixed,semantic_narrative_poisoning,6759,False,True,CAUTION,"B1,B2,CP,B3",BENIGN,
mix-00026,mixed,semantic_narrative_poisoning,6741,False,False,CAUTION,"B1,B2,CP,B3",BENIGN,
mix-00026,mixed,semantic_narrative_poisoning,6693,True,False,CAUTION,"B1,B2,CP,B3",BENIGN,Constant Position check: Vehicle reports movement (avg speed 48.15 km/h) but displacement is only 0.00m over 4999.99s.
mix-00026,mixed,semantic_narrative_poisoning,6759,False,True,CAUTION,"B1,B2,CP,B3",BENIGN,
mix-00026,mixed,semantic_narrative_poisoning,6741,False,False,CAUTION,"B1,B2,CP,B3",BENIGN,
mix-00026,mixed,semantic_narrative_poisoning,6693,True,False,CAUTION,"B1,B2,CP,B3",BENIGN,Constant Position check: Vehicle reports movement (avg speed 48.06 km/h) but displacement is only 0.00m over 5000.01s.
mix-00026,mixed,semantic_narrative_poisoning,6759,False,True,CAUTION,"B1,B2,CP,B3",BENIGN,
mix-00026,mixed,semantic_narrative_poisoning,6741,False,False,CAUTION,"B1,B2,CP,B3",BENIGN,
mix-00026,mixed,semantic_narrative_poisoning,6693,True,False,CAUTION,"B1,B2,CP,B3",BENIGN,Constant Position check: Vehicle reports movement (avg speed 48.05 km/h) but displacement is only 0.00m over 5000.01s.
mix-00026,mixed,semantic_narrative_poisoning,6759,False,True,CAUTION,"B1,B2,CP,B3",BENIGN,
mix-00026,mixed,semantic_narrative_poisoning,6741,False,False,CAUTION,"B1,B2,CP,B3",BENIGN,
mix-00026,mixed,semantic_narrative_poisoning,6693,True,False,CAUTION,"B1,B2,CP,B3",BENIGN,Constant Position check: Vehicle reports movement (avg speed 45.72 km/h) but displacement is only 0.00m over 5000.00s.
mix-00026,mixed,semantic_narrative_poisoning,6759,False,True,CAUTION,"B1,B2,CP,B3",BENIGN,
mix-00026,mixed,semantic_narrative_poisoning,6741,False,False,ACCEPT,"B1,B2,CP,B3",BENIGN,
mix-00026,mixed,semantic_narrative_poisoning,6693,True,False,CAUTION,"B1,B2,CP,B3",BENIGN,Constant Position check: Vehicle reports movement (avg speed 40.18 km/h) but displacement is only 0.00m over 24535.99s.
mix-00026,mixed,semantic_narrative_poisoning,6759,False,True,CAUTION,"B1,B2,CP,B3",BENIGN,"Speed out of bounds: 220.0 km/h (limit: [0, 180.0])"
mix-00026,mixed,semantic_narrative_poisoning,6741,False,False,ACCEPT,"B1,B2,CP,B3",BENIGN,
mix-00026,mixed,semantic_narrative_poisoning,6693,True,False,CAUTION,"B1,B2,CP,B3",BENIGN,Constant Position check: Vehicle reports movement (avg speed 40.16 km/h) but displacement is only 0.00m over 24536.01s.
mix-00026,mixed,semantic_narrative_poisoning,6759,False,True,CAUTION,"B1,B2,CP,B3",BENIGN,
mix-00026,mixed,semantic_narrative_poisoning,6741,False,False,ACCEPT,"B1,B2,CP,B3",BENIGN,
mix-00026,mixed,semantic_narrative_poisoning,6693,True,False,CAUTION,"B1,B2,CP,B3",BENIGN,Constant Position check: Vehicle reports movement (avg speed 40.18 km/h) but displacement is only 0.00m over 24535.99s.
mix-00026,mixed,semantic_narrative_poisoning,6759,False,True,CAUTION,"B1,B2,CP,B3",BENIGN,
mix-00026,mixed,semantic_narrative_poisoning,6741,False,False,ACCEPT,"B1,B2,CP,B3",BENIGN,
mix-00026,mixed,semantic_narrative_poisoning,6693,True,False,CAUTION,"B1,B2,CP,B3",BENIGN,Constant Position check: Vehicle reports movement (avg speed 40.24 km/h) but displacement is only 0.00m over 24536.00s.
mix-00026,mixed,semantic_narrative_poisoning,6759,False,True,CAUTION,"B1,B2,CP,B3",BENIGN,
mix-00026,mixed,semantic_narrative_poisoning,6741,False,False,ACCEPT,"B1,B2,CP,B3",BENIGN,
mix-00026,mixed,semantic_narrative_poisoning,6693,True,False,CAUTION,"B1,B2,CP,B3",BENIGN,Constant Position check: Vehicle reports movement (avg speed 42.64 km/h) but displacement is only 0.00m over 24536.00s.
mix-00026,mixed,semantic_narrative_poisoning,6759,False,True,CAUTION,"B1,B2,CP,B3",BENIGN,"Speed out of bounds: 227.0 km/h (limit: [0, 180.0])"
mix-00026,mixed,semantic_narrative_poisoning,6741,False,False,ACCEPT,"B1,B2,CP,B3",BENIGN,
mix-00026,mixed,semantic_narrative_poisoning,6693,True,False,CAUTION,"B1,B2,CP,B3",BENIGN,Constant Position check: Vehicle reports movement (avg speed 48.25 km/h) but displacement is only 0.00m over 5000.00s.
mix-00026,mixed,semantic_narrative_poisoning,6759,False,True,ACCEPT,"B1,B2,CP,B3",BENIGN,
mix-00026,mixed,semantic_narrative_poisoning,6741,False,False,ACCEPT,"B1,B2,CP,B3",BENIGN,
mix-00026,mixed,semantic_narrative_poisoning,6693,True,False,CAUTION,"B1,B2,CP,B3",BENIGN,Constant Position check: Vehicle reports movement (avg speed 48.23 km/h) but displacement is only 0.00m over 5000.00s.
mix-00026,mixed,semantic_narrative_poisoning,6759,False,True,ACCEPT,"B1,B2,CP,B3",BENIGN,
mix-00026,mixed,semantic_narrative_poisoning,6741,False,False,ACCEPT,"B1,B2,CP,B3",BENIGN,
mix-00026,mixed,semantic_narrative_poisoning,6693,True,False,CAUTION,"B1,B2,CP,B3",BENIGN,Constant Position check: Vehicle reports movement (avg speed 48.23 km/h) but displacement is only 0.00m over 5000.00s.
mix-00026,mixed,semantic_narrative_poisoning,6759,False,True,ACCEPT,"B1,B2,CP,B3",BENIGN,
mix-00026,mixed,semantic_narrative_poisoning,6741,False,False,ACCEPT,"B1,B2,CP,B3",BENIGN,
mix-00026,mixed,semantic_narrative_poisoning,6693,True,False,CAUTION,"B1,B2,CP,B3",BENIGN,Constant Position check: Vehicle reports movement (avg speed 48.21 km/h) but displacement is only 0.00m over 4999.99s.
mix-00026,mixed,semantic_narrative_poisoning,6759,False,True,ACCEPT,"B1,B2,CP,B3",BENIGN,
mix-00026,mixed,semantic_narrative_poisoning,6741,False,False,ACCEPT,"B1,B2,CP,B3",BENIGN,
mix-00026,mixed,semantic_narrative_poisoning,6693,True,False,CAUTION,"B1,B2,CP,B3",BENIGN,Constant Position check: Vehicle reports movement (avg speed 48.15 km/h) but displacement is only 0.00m over 5000.00s.
mix-00026,mixed,semantic_narrative_poisoning,6759,False,True,ACCEPT,"B1,B2,CP,B3",BENIGN,
mix-00026,mixed,semantic_narrative_poisoning,6741,False,False,ACCEPT,"B1,B2,CP,B3",BENIGN,
mix-00026,mixed,semantic_narrative_poisoning,6693,True,False,CAUTION,"B1,B2,CP,B3",BENIGN,Constant Position check: Vehicle reports movement (avg speed 48.12 km/h) but displacement is only 0.00m over 5000.00s.
mix-00026,mixed,semantic_narrative_poisoning,6759,False,True,ACCEPT,"B1,B2,CP,B3",BENIGN,
mix-00026,mixed,semantic_narrative_poisoning,6741,False,False,CAUTION,"B1,B2,CP,B3",BENIGN,Replay check: Identical payload matches past report from sender '6741'.
mix-00026,mixed,semantic_narrative_poisoning,6693,True,False,CAUTION,"B1,B2,CP,B3",BENIGN,Constant Position check: Vehicle reports movement (avg speed 48.12 km/h) but displacement is only 0.00m over 4999.99s.
mix-00026,mixed,semantic_narrative_poisoning,6759,False,True,ACCEPT,"B1,B2,CP,B3",BENIGN,
mix-00026,mixed,semantic_narrative_poisoning,6741,False,False,ACCEPT,"B1,B2,CP,B3",BENIGN,
mix-00026,mixed,semantic_narrative_poisoning,6693,True,False,CAUTION,"B1,B2,CP,B3",BENIGN,Constant Position check: Vehicle reports movement (avg speed 48.18 km/h) but displacement is only 0.00m over 5000.01s.
mix-00026,mixed,semantic_narrative_poisoning,6759,False,True,ACCEPT,"B1,B2,CP,B3",BENIGN,
mix-00026,mixed,semantic_narrative_poisoning,6741,False,False,ACCEPT,"B1,B2,CP,B3",BENIGN,
mix-00026,mixed,semantic_narrative_poisoning,6693,True,False,CAUTION,"B1,B2,CP,B3",BENIGN,Constant Position check: Vehicle reports movement (avg speed 48.13 km/h) but displacement is only 0.00m over 5000.01s.
mix-00026,mixed,semantic_narrative_poisoning,6759,False,True,ACCEPT,"B1,B2,CP,B3",BENIGN,
mix-00026,mixed,semantic_narrative_poisoning,6741,False,False,ACCEPT,"B1,B2,CP,B3",BENIGN,
mix-00026,mixed,semantic_narrative_poisoning,6693,True,False,CAUTION,"B1,B2,CP,B3",BENIGN,Constant Position check: Vehicle reports movement (avg speed 48.18 km/h) but displacement is only 0.00m over 5000.00s.
mix-00026,mixed,semantic_narrative_poisoning,6759,False,True,ACCEPT,"B1,B2,CP,B3",BENIGN,Sybil check: Co-located vehicle identity '6741' reported position within 1.97m.
mix-00026,mixed,semantic_narrative_poisoning,6741,False,False,ACCEPT,"B1,B2,CP,B3",BENIGN,
mix-00026,mixed,semantic_narrative_poisoning,6693,True,False,CAUTION,"B1,B2,CP,B3",BENIGN,Constant Position check: Vehicle reports movement (avg speed 48.21 km/h) but displacement is only 0.00m over 5000.00s.
mix-00026,mixed,semantic_narrative_poisoning,6759,False,True,ACCEPT,"B1,B2,CP,B3",BENIGN,
mix-00026,mixed,semantic_narrative_poisoning,6741,False,False,ACCEPT,"B1,B2,CP,B3",BENIGN,
mix-00026,mixed,semantic_narrative_poisoning,6693,True,False,CAUTION,"B1,B2,CP,B3",BENIGN,Constant Position check: Vehicle reports movement (avg speed 48.27 km/h) but displacement is only 0.00m over 5000.01s.
mix-00026,mixed,semantic_narrative_poisoning,6759,False,True,ACCEPT,"B1,B2,CP,B3",BENIGN,
mix-00026,mixed,semantic_narrative_poisoning,6741,False,False,ACCEPT,"B1,B2,CP,B3",BENIGN,
mix-00026,mixed,semantic_narrative_poisoning,6693,True,False,CAUTION,"B1,B2,CP,B3",BENIGN,Constant Position check: Vehicle reports movement (avg speed 48.28 km/h) but displacement is only 0.00m over 5000.00s.
mix-00026,mixed,semantic_narrative_poisoning,6759,False,True,ACCEPT,"B1,B2,CP,B3",BENIGN,
mix-00026,mixed,semantic_narrative_poisoning,6741,False,False,ACCEPT,"B1,B2,CP,B3",BENIGN,
mix-00026,mixed,semantic_narrative_poisoning,6693,True,False,CAUTION,"B1,B2,CP,B3",BENIGN,Constant Position check: Vehicle reports movement (avg speed 48.29 km/h) but displacement is only 0.00m over 5000.00s.
mix-00026,mixed,semantic_narrative_poisoning,6759,False,True,ACCEPT,"B1,B2,CP,B3",BENIGN,
mix-00027,clean,,8301,False,False,ACCEPT,"B1,B2,CP,B3",BENIGN,No history yet; baseline assumed valid.
mix-00027,clean,,8307,False,False,ACCEPT,"B1,B2,CP,B3",BENIGN,No history yet; baseline assumed valid.
mix-00027,clean,,8241,False,False,ACCEPT,"B1,B2,CP,B3",BENIGN,No history yet; baseline assumed valid.
mix-00027,clean,,8301,False,False,ACCEPT,"B1,B2,CP,B3",BENIGN,
mix-00027,clean,,8307,False,False,ACCEPT,"B1,B2,CP,B3",BENIGN,
mix-00027,clean,,8241,False,False,ACCEPT,"B1,B2,CP,B3",BENIGN,
mix-00027,clean,,8301,False,False,ACCEPT,"B1,B2,CP,B3",BENIGN,
mix-00027,clean,,8307,False,False,ACCEPT,"B1,B2,CP,B3",BENIGN,
mix-00027,clean,,8241,False,False,ACCEPT,"B1,B2,CP,B3",BENIGN,
mix-00027,clean,,8301,False,False,ACCEPT,"B1,B2,CP,B3",BENIGN,
mix-00027,clean,,8307,False,False,ACCEPT,"B1,B2,CP,B3",BENIGN,
mix-00027,clean,,8241,False,False,ACCEPT,"B1,B2,CP,B3",BENIGN,
mix-00027,clean,,8301,False,False,ACCEPT,"B1,B2,CP,B3",BENIGN,
mix-00027,clean,,8307,False,False,ACCEPT,"B1,B2,CP,B3",BENIGN,
mix-00027,clean,,8241,False,False,ACCEPT,"B1,B2,CP,B3",BENIGN,
mix-00027,clean,,8301,False,False,ACCEPT,"B1,B2,CP,B3",BENIGN,
mix-00027,clean,,8307,False,False,ACCEPT,"B1,B2,CP,B3",BENIGN,
mix-00027,clean,,8241,False,False,ACCEPT,"B1,B2,CP,B3",BENIGN,
mix-00027,clean,,8301,False,False,ACCEPT,"B1,B2,CP,B3",BENIGN,
mix-00027,clean,,8307,False,False,ACCEPT,"B1,B2,CP,B3",BENIGN,
mix-00027,clean,,8241,False,False,ACCEPT,"B1,B2,CP,B3",BENIGN,
mix-00027,clean,,8301,False,False,ACCEPT,"B1,B2,CP,B3",BENIGN,
mix-00027,clean,,8307,False,False,ACCEPT,"B1,B2,CP,B3",BENIGN,
mix-00027,clean,,8241,False,False,ACCEPT,"B1,B2,CP,B3",BENIGN,
mix-00027,clean,,8301,False,False,ACCEPT,"B1,B2,CP,B3",BENIGN,
mix-00027,clean,,8307,False,False,ACCEPT,"B1,B2,CP,B3",BENIGN,
mix-00027,clean,,8241,False,False,ACCEPT,"B1,B2,CP,B3",BENIGN,
mix-00027,clean,,8301,False,False,ACCEPT,"B1,B2,CP,B3",BENIGN,
mix-00027,clean,,8307,False,False,ACCEPT,"B1,B2,CP,B3",BENIGN,
mix-00027,clean,,8241,False,False,ACCEPT,"B1,B2,CP,B3",BENIGN,
mix-00027,clean,,8301,False,False,ACCEPT,"B1,B2,CP,B3",BENIGN,
mix-00027,clean,,8307,False,False,ACCEPT,"B1,B2,CP,B3",BENIGN,
mix-00027,clean,,8241,False,False,ACCEPT,"B1,B2,CP,B3",BENIGN,
mix-00028,semantic_only,hazard_amplification,6399,False,False,ACCEPT,"B1,B2,CP,B3",BENIGN,No history yet; baseline assumed valid.
mix-00028,semantic_only,hazard_amplification,6405,False,False,ACCEPT,"B1,B2,CP,B3",BENIGN,No history yet; baseline assumed valid.
mix-00028,semantic_only,hazard_amplification,6417,False,True,CAUTION,"B1,B2,CP,B3",BENIGN,"Speed out of bounds: 224.0 km/h (limit: [0, 180.0]);No history yet; baseline assumed valid."
mix-00028,semantic_only,hazard_amplification,6399,False,False,ACCEPT,"B1,B2,CP,B3",BENIGN,
mix-00028,semantic_only,hazard_amplification,6405,False,False,ACCEPT,"B1,B2,CP,B3",BENIGN,
mix-00028,semantic_only,hazard_amplification,6417,False,True,ACCEPT,"B1,B2,CP,B3",BENIGN,
mix-00028,semantic_only,hazard_amplification,6399,False,False,CAUTION,"B1,B2,CP,B3",BENIGN,
mix-00028,semantic_only,hazard_amplification,6405,False,False,ACCEPT,"B1,B2,CP,B3",BENIGN,
mix-00028,semantic_only,hazard_amplification,6417,False,True,ACCEPT,"B1,B2,CP,B3",BENIGN,
mix-00028,semantic_only,hazard_amplification,6399,False,False,CAUTION,"B1,B2,CP,B3",BENIGN,
mix-00028,semantic_only,hazard_amplification,6405,False,False,ACCEPT,"B1,B2,CP,B3",BENIGN,
mix-00028,semantic_only,hazard_amplification,6417,False,True,ACCEPT,"B1,B2,CP,B3",BENIGN,
mix-00028,semantic_only,hazard_amplification,6399,False,False,CAUTION,"B1,B2,CP,B3",BENIGN,
mix-00028,semantic_only,hazard_amplification,6405,False,False,ACCEPT,"B1,B2,CP,B3",BENIGN,
mix-00028,semantic_only,hazard_amplification,6417,False,True,ACCEPT,"B1,B2,CP,B3",BENIGN,
mix-00028,semantic_only,hazard_amplification,6399,False,False,CAUTION,"B1,B2,CP,B3",BENIGN,
mix-00028,semantic_only,hazard_amplification,6405,False,False,CAUTION,"B1,B2,CP,B3",BENIGN,
mix-00028,semantic_only,hazard_amplification,6417,False,True,CAUTION,"B1,B2,CP,B3",BENIGN,
mix-00028,semantic_only,hazard_amplification,6399,False,False,CAUTION,"B1,B2,CP,B3",BENIGN,
mix-00028,semantic_only,hazard_amplification,6405,False,False,CAUTION,"B1,B2,CP,B3",BENIGN,
mix-00028,semantic_only,hazard_amplification,6417,False,True,CAUTION,"B1,B2,CP,B3",BENIGN,
mix-00029,semantic_only,traffic_efficiency_lure,6561,False,False,ACCEPT,"B1,B2,CP,B3",BENIGN,No history yet; baseline assumed valid.
mix-00029,semantic_only,traffic_efficiency_lure,6543,False,True,ACCEPT,"B1,B2,CP,B3",BENIGN,No history yet; baseline assumed valid.
mix-00029,semantic_only,traffic_efficiency_lure,6537,False,False,ACCEPT,"B1,B2,CP,B3",BENIGN,No history yet; baseline assumed valid.
mix-00029,semantic_only,traffic_efficiency_lure,6561,False,False,CAUTION,"B1,B2,CP,B3",BENIGN,
mix-00029,semantic_only,traffic_efficiency_lure,6543,False,True,CAUTION,"B1,B2,CP,B3",BENIGN,
mix-00029,semantic_only,traffic_efficiency_lure,6537,False,False,CAUTION,"B1,B2,CP,B3",BENIGN,
mix-00029,semantic_only,traffic_efficiency_lure,6561,False,False,CAUTION,"B1,B2,CP,B3",BENIGN,
mix-00029,semantic_only,traffic_efficiency_lure,6543,False,True,CAUTION,"B1,B2,CP,B3",BENIGN,
mix-00029,semantic_only,traffic_efficiency_lure,6537,False,False,CAUTION,"B1,B2,CP,B3",BENIGN,
mix-00029,semantic_only,traffic_efficiency_lure,6561,False,False,CAUTION,"B1,B2,CP,B3",BENIGN,
mix-00029,semantic_only,traffic_efficiency_lure,6543,False,True,CAUTION,"B1,B2,CP,B3",BENIGN,
mix-00029,semantic_only,traffic_efficiency_lure,6537,False,False,CAUTION,"B1,B2,CP,B3",BENIGN,
mix-00029,semantic_only,traffic_efficiency_lure,6561,False,False,CAUTION,"B1,B2,CP,B3",BENIGN,
mix-00029,semantic_only,traffic_efficiency_lure,6543,False,True,CAUTION,"B1,B2,CP,B3",BENIGN,
mix-00029,semantic_only,traffic_efficiency_lure,6537,False,False,CAUTION,"B1,B2,CP,B3",BENIGN,
mix-00029,semantic_only,traffic_efficiency_lure,6561,False,False,CAUTION,"B1,B2,CP,B3",BENIGN,
mix-00029,semantic_only,traffic_efficiency_lure,6543,False,True,CAUTION,"B1,B2,CP,B3",BENIGN,
mix-00029,semantic_only,traffic_efficiency_lure,6537,False,False,CAUTION,"B1,B2,CP,B3",BENIGN,
mix-00029,semantic_only,traffic_efficiency_lure,6561,False,False,CAUTION,"B1,B2,CP,B3",BENIGN,
mix-00029,semantic_only,traffic_efficiency_lure,6543,False,True,CAUTION,"B1,B2,CP,B3",BENIGN,
mix-00029,semantic_only,traffic_efficiency_lure,6537,False,False,CAUTION,"B1,B2,CP,B3",BENIGN,
mix-00029,semantic_only,traffic_efficiency_lure,6561,False,False,CAUTION,"B1,B2,CP,B3",BENIGN,
mix-00029,semantic_only,traffic_efficiency_lure,6543,False,True,CAUTION,"B1,B2,CP,B3",BENIGN,
mix-00029,semantic_only,traffic_efficiency_lure,6537,False,False,CAUTION,"B1,B2,CP,B3",BENIGN,
mix-00029,semantic_only,traffic_efficiency_lure,6561,False,False,CAUTION,"B1,B2,CP,B3",BENIGN,
mix-00029,semantic_only,traffic_efficiency_lure,6543,False,True,CAUTION,"B1,B2,CP,B3",BENIGN,
mix-00029,semantic_only,traffic_efficiency_lure,6537,False,False,CAUTION,"B1,B2,CP,B3",BENIGN,
mix-00030,semantic_only,hazard_suppression,6147,False,True,REJECT,"B1,B2,CP,B3",MALICIOUS,No history yet; baseline assumed valid.
mix-00030,semantic_only,hazard_suppression,6117,False,False,ACCEPT,"B1,B2,CP,B3",BENIGN,No history yet; baseline assumed valid.
mix-00030,semantic_only,hazard_suppression,6159,False,False,ACCEPT,"B1,B2,CP,B3",BENIGN,No history yet; baseline assumed valid.
mix-00030,semantic_only,hazard_suppression,6147,False,True,REJECT,"B1,B2,CP,B3",MALICIOUS,
mix-00030,semantic_only,hazard_suppression,6117,False,False,ACCEPT,"B1,B2,CP,B3",BENIGN,
mix-00030,semantic_only,hazard_suppression,6159,False,False,CAUTION,"B1,B2,CP,B3",BENIGN,
mix-00030,semantic_only,hazard_suppression,6147,False,True,REJECT,"B1,B2,CP,B3",MALICIOUS,
mix-00030,semantic_only,hazard_suppression,6117,False,False,ACCEPT,"B1,B2,CP,B3",BENIGN,
mix-00030,semantic_only,hazard_suppression,6159,False,False,ACCEPT,"B1,B2,CP,B3",BENIGN,
mix-00030,semantic_only,hazard_suppression,6147,False,True,REJECT,"B1,B2,CP,B3",MALICIOUS,
mix-00030,semantic_only,hazard_suppression,6117,False,False,ACCEPT,"B1,B2,CP,B3",BENIGN,
mix-00030,semantic_only,hazard_suppression,6159,False,False,ACCEPT,"B1,B2,CP,B3",BENIGN,
mix-00030,semantic_only,hazard_suppression,6147,False,True,REJECT,"B1,B2,CP,B3",MALICIOUS,
mix-00030,semantic_only,hazard_suppression,6117,False,False,ACCEPT,"B1,B2,CP,B3",BENIGN,
mix-00030,semantic_only,hazard_suppression,6159,False,False,ACCEPT,"B1,B2,CP,B3",BENIGN,
mix-00030,semantic_only,hazard_suppression,6147,False,True,REJECT,"B1,B2,CP,B3",MALICIOUS,
mix-00030,semantic_only,hazard_suppression,6117,False,False,CAUTION,"B1,B2,CP,B3",BENIGN,Replay check: Identical payload matches past report from sender '6117'.
mix-00030,semantic_only,hazard_suppression,6159,False,False,ACCEPT,"B1,B2,CP,B3",BENIGN,
mix-00030,semantic_only,hazard_suppression,6147,False,True,REJECT,"B1,B2,CP,B3",MALICIOUS,
mix-00030,semantic_only,hazard_suppression,6117,False,False,ACCEPT,"B1,B2,CP,B3",BENIGN,
mix-00030,semantic_only,hazard_suppression,6159,False,False,ACCEPT,"B1,B2,CP,B3",BENIGN,
mix-00030,semantic_only,hazard_suppression,6147,False,True,REJECT,"B1,B2,CP,B3",MALICIOUS,"Speed out of bounds: 235.0 km/h (limit: [0, 180.0])"
mix-00030,semantic_only,hazard_suppression,6117,False,False,ACCEPT,"B1,B2,CP,B3",BENIGN,
mix-00030,semantic_only,hazard_suppression,6159,False,False,ACCEPT,"B1,B2,CP,B3",BENIGN,
mix-00030,semantic_only,hazard_suppression,6147,False,True,REJECT,"B1,B2,CP,B3",MALICIOUS,
mix-00030,semantic_only,hazard_suppression,6117,False,False,ACCEPT,"B1,B2,CP,B3",BENIGN,
mix-00030,semantic_only,hazard_suppression,6159,False,False,CAUTION,"B1,B2,CP,B3",BENIGN,
mix-00030,semantic_only,hazard_suppression,6147,False,True,REJECT,"B1,B2,CP,B3",MALICIOUS,
mix-00030,semantic_only,hazard_suppression,6117,False,False,ACCEPT,"B1,B2,CP,B3",BENIGN,
mix-00030,semantic_only,hazard_suppression,6159,False,False,ACCEPT,"B1,B2,CP,B3",BENIGN,
mix-00030,semantic_only,hazard_suppression,6147,False,True,REJECT,"B1,B2,CP,B3",MALICIOUS,
mix-00030,semantic_only,hazard_suppression,6117,False,False,ACCEPT,"B1,B2,CP,B3",BENIGN,
mix-00030,semantic_only,hazard_suppression,6159,False,False,ACCEPT,"B1,B2,CP,B3",BENIGN,
mix-00030,semantic_only,hazard_suppression,6147,False,True,REJECT,"B1,B2,CP,B3",MALICIOUS,
mix-00030,semantic_only,hazard_suppression,6117,False,False,ACCEPT,"B1,B2,CP,B3",BENIGN,
mix-00030,semantic_only,hazard_suppression,6159,False,False,ACCEPT,"B1,B2,CP,B3",BENIGN,
mix-00030,semantic_only,hazard_suppression,6147,False,True,REJECT,"B1,B2,CP,B3",MALICIOUS,Constant Position check: Vehicle reports movement (avg speed 47.00 km/h) but displacement is only 0.59m over 5000.00s.
mix-00030,semantic_only,hazard_suppression,6117,False,False,ACCEPT,"B1,B2,CP,B3",BENIGN,
mix-00030,semantic_only,hazard_suppression,6159,False,False,ACCEPT,"B1,B2,CP,B3",BENIGN,
mix-00030,semantic_only,hazard_suppression,6147,False,True,REJECT,"B1,B2,CP,B3",MALICIOUS,
mix-00030,semantic_only,hazard_suppression,6117,False,False,ACCEPT,"B1,B2,CP,B3",BENIGN,
mix-00030,semantic_only,hazard_suppression,6159,False,False,ACCEPT,"B1,B2,CP,B3",BENIGN,
mix-00030,semantic_only,hazard_suppression,6147,False,True,REJECT,"B1,B2,CP,B3",MALICIOUS,
mix-00030,semantic_only,hazard_suppression,6117,False,False,ACCEPT,"B1,B2,CP,B3",BENIGN,
mix-00030,semantic_only,hazard_suppression,6159,False,False,CAUTION,"B1,B2,CP,B3",BENIGN,"Speed out of bounds: 267.0 km/h (limit: [0, 180.0])"
mix-00030,semantic_only,hazard_suppression,6147,False,True,REJECT,"B1,B2,CP,B3",MALICIOUS,
mix-00030,semantic_only,hazard_suppression,6117,False,False,ACCEPT,"B1,B2,CP,B3",BENIGN,
mix-00030,semantic_only,hazard_suppression,6159,False,False,CAUTION,"B1,B2,CP,B3",BENIGN,
mix-00030,semantic_only,hazard_suppression,6147,False,True,REJECT,"B1,B2,CP,B3",MALICIOUS,
mix-00030,semantic_only,hazard_suppression,6117,False,False,ACCEPT,"B1,B2,CP,B3",BENIGN,
mix-00030,semantic_only,hazard_suppression,6159,False,False,CAUTION,"B1,B2,CP,B3",BENIGN,
mix-00030,semantic_only,hazard_suppression,6147,False,True,REJECT,"B1,B2,CP,B3",MALICIOUS,
mix-00030,semantic_only,hazard_suppression,6117,False,False,CAUTION,"B1,B2,CP,B3",BENIGN,"Speed out of bounds: 225.0 km/h (limit: [0, 180.0])"
mix-00030,semantic_only,hazard_suppression,6159,False,False,CAUTION,"B1,B2,CP,B3",BENIGN,
mix-00030,semantic_only,hazard_suppression,6147,False,True,REJECT,"B1,B2,CP,B3",MALICIOUS,"Speed out of bounds: 244.0 km/h (limit: [0, 180.0])"
mix-00030,semantic_only,hazard_suppression,6117,False,False,ACCEPT,"B1,B2,CP,B3",BENIGN,
mix-00030,semantic_only,hazard_suppression,6159,False,False,ACCEPT,"B1,B2,CP,B3",BENIGN,
mix-00030,semantic_only,hazard_suppression,6147,False,True,REJECT,"B1,B2,CP,B3",MALICIOUS,
mix-00030,semantic_only,hazard_suppression,6117,False,False,ACCEPT,"B1,B2,CP,B3",BENIGN,
mix-00030,semantic_only,hazard_suppression,6159,False,False,ACCEPT,"B1,B2,CP,B3",BENIGN,
mix-00030,semantic_only,hazard_suppression,6147,False,True,REJECT,"B1,B2,CP,B3",MALICIOUS,
mix-00030,semantic_only,hazard_suppression,6117,False,False,ACCEPT,"B1,B2,CP,B3",BENIGN,
mix-00030,semantic_only,hazard_suppression,6159,False,False,ACCEPT,"B1,B2,CP,B3",BENIGN,
mix-00030,semantic_only,hazard_suppression,6147,False,True,REJECT,"B1,B2,CP,B3",MALICIOUS,
mix-00030,semantic_only,hazard_suppression,6117,False,False,ACCEPT,"B1,B2,CP,B3",BENIGN,
mix-00030,semantic_only,hazard_suppression,6159,False,False,ACCEPT,"B1,B2,CP,B3",BENIGN,
mix-00030,semantic_only,hazard_suppression,6147,False,True,REJECT,"B1,B2,CP,B3",MALICIOUS,
mix-00030,semantic_only,hazard_suppression,6117,False,False,CAUTION,"B1,B2,CP,B3",BENIGN,
mix-00030,semantic_only,hazard_suppression,6159,False,False,CAUTION,"B1,B2,CP,B3",BENIGN,
mix-00030,semantic_only,hazard_suppression,6147,False,True,REJECT,"B1,B2,CP,B3",MALICIOUS,
mix-00030,semantic_only,hazard_suppression,6117,False,False,CAUTION,"B1,B2,CP,B3",BENIGN,
mix-00030,semantic_only,hazard_suppression,6159,False,False,CAUTION,"B1,B2,CP,B3",BENIGN,
mix-00030,semantic_only,hazard_suppression,6147,False,True,REJECT,"B1,B2,CP,B3",MALICIOUS,
mix-00030,semantic_only,hazard_suppression,6117,False,False,CAUTION,"B1,B2,CP,B3",BENIGN,
mix-00030,semantic_only,hazard_suppression,6159,False,False,ACCEPT,"B1,B2,CP,B3",BENIGN,
mix-00030,semantic_only,hazard_suppression,6147,False,True,REJECT,"B1,B2,CP,B3",MALICIOUS,
mix-00030,semantic_only,hazard_suppression,6117,False,False,CAUTION,"B1,B2,CP,B3",BENIGN,
mix-00030,semantic_only,hazard_suppression,6159,False,False,CAUTION,"B1,B2,CP,B3",BENIGN,
mix-00030,semantic_only,hazard_suppression,6147,False,True,REJECT,"B1,B2,CP,B3",MALICIOUS,
mix-00030,semantic_only,hazard_suppression,6117,False,False,CAUTION,"B1,B2,CP,B3",BENIGN,
mix-00030,semantic_only,hazard_suppression,6159,False,False,CAUTION,"B1,B2,CP,B3",BENIGN,
mix-00030,semantic_only,hazard_suppression,6147,False,True,REJECT,"B1,B2,CP,B3",MALICIOUS,
mix-00030,semantic_only,hazard_suppression,6117,False,False,CAUTION,"B1,B2,CP,B3",BENIGN,
mix-00030,semantic_only,hazard_suppression,6159,False,False,ACCEPT,"B1,B2,CP,B3",BENIGN,
mix-00030,semantic_only,hazard_suppression,6147,False,True,REJECT,"B1,B2,CP,B3",MALICIOUS,
mix-00030,semantic_only,hazard_suppression,6117,False,False,CAUTION,"B1,B2,CP,B3",BENIGN,Sybil check: Co-located vehicle identity '6147' reported position within 0.83m.
mix-00030,semantic_only,hazard_suppression,6159,False,False,ACCEPT,"B1,B2,CP,B3",BENIGN,
mix-00030,semantic_only,hazard_suppression,6147,False,True,REJECT,"B1,B2,CP,B3",MALICIOUS,
mix-00030,semantic_only,hazard_suppression,6117,False,False,CAUTION,"B1,B2,CP,B3",BENIGN,
mix-00030,semantic_only,hazard_suppression,6159,False,False,ACCEPT,"B1,B2,CP,B3",BENIGN,
mix-00030,semantic_only,hazard_suppression,6147,False,True,REJECT,"B1,B2,CP,B3",MALICIOUS,
mix-00030,semantic_only,hazard_suppression,6117,False,False,CAUTION,"B1,B2,CP,B3",BENIGN,
mix-00030,semantic_only,hazard_suppression,6159,False,False,ACCEPT,"B1,B2,CP,B3",BENIGN,
mix-00030,semantic_only,hazard_suppression,6147,False,True,REJECT,"B1,B2,CP,B3",MALICIOUS,
mix-00030,semantic_only,hazard_suppression,6117,False,False,CAUTION,"B1,B2,CP,B3",BENIGN,
mix-00030,semantic_only,hazard_suppression,6159,False,False,CAUTION,"B1,B2,CP,B3",BENIGN,
mix-00030,semantic_only,hazard_suppression,6147,False,True,REJECT,"B1,B2,CP,B3",MALICIOUS,
mix-00030,semantic_only,hazard_suppression,6117,False,False,CAUTION,"B1,B2,CP,B3",BENIGN,
mix-00030,semantic_only,hazard_suppression,6159,False,False,ACCEPT,"B1,B2,CP,B3",BENIGN,
mix-00030,semantic_only,hazard_suppression,6147,False,True,REJECT,"B1,B2,CP,B3",MALICIOUS,
mix-00030,semantic_only,hazard_suppression,6117,False,False,CAUTION,"B1,B2,CP,B3",BENIGN,
mix-00030,semantic_only,hazard_suppression,6159,False,False,CAUTION,"B1,B2,CP,B3",BENIGN,
mix-00030,semantic_only,hazard_suppression,6147,False,True,REJECT,"B1,B2,CP,B3",MALICIOUS,
mix-00030,semantic_only,hazard_suppression,6117,False,False,CAUTION,"B1,B2,CP,B3",BENIGN,
mix-00030,semantic_only,hazard_suppression,6159,False,False,ACCEPT,"B1,B2,CP,B3",BENIGN,
mix-00030,semantic_only,hazard_suppression,6147,False,True,REJECT,"B1,B2,CP,B3",MALICIOUS,
mix-00030,semantic_only,hazard_suppression,6117,False,False,CAUTION,"B1,B2,CP,B3",BENIGN,
mix-00030,semantic_only,hazard_suppression,6159,False,False,ACCEPT,"B1,B2,CP,B3",BENIGN,
mix-00030,semantic_only,hazard_suppression,6147,False,True,REJECT,"B1,B2,CP,B3",MALICIOUS,
mix-00030,semantic_only,hazard_suppression,6117,False,False,CAUTION,"B1,B2,CP,B3",BENIGN,
mix-00030,semantic_only,hazard_suppression,6159,False,False,CAUTION,"B1,B2,CP,B3",BENIGN,
mix-00030,semantic_only,hazard_suppression,6147,False,True,REJECT,"B1,B2,CP,B3",MALICIOUS,
mix-00030,semantic_only,hazard_suppression,6117,False,False,CAUTION,"B1,B2,CP,B3",BENIGN,
mix-00030,semantic_only,hazard_suppression,6159,False,False,ACCEPT,"B1,B2,CP,B3",BENIGN,
mix-00030,semantic_only,hazard_suppression,6147,False,True,REJECT,"B1,B2,CP,B3",MALICIOUS,
mix-00030,semantic_only,hazard_suppression,6117,False,False,CAUTION,"B1,B2,CP,B3",BENIGN,
mix-00030,semantic_only,hazard_suppression,6159,False,False,CAUTION,"B1,B2,CP,B3",BENIGN,
mix-00030,semantic_only,hazard_suppression,6147,False,True,REJECT,"B1,B2,CP,B3",MALICIOUS,
mix-00030,semantic_only,hazard_suppression,6117,False,False,CAUTION,"B1,B2,CP,B3",BENIGN,
mix-00030,semantic_only,hazard_suppression,6159,False,False,CAUTION,"B1,B2,CP,B3",BENIGN,
mix-00030,semantic_only,hazard_suppression,6147,False,True,REJECT,"B1,B2,CP,B3",MALICIOUS,
mix-00030,semantic_only,hazard_suppression,6117,False,False,CAUTION,"B1,B2,CP,B3",BENIGN,
mix-00030,semantic_only,hazard_suppression,6159,False,False,ACCEPT,"B1,B2,CP,B3",BENIGN,
mix-00030,semantic_only,hazard_suppression,6147,False,True,REJECT,"B1,B2,CP,B3",MALICIOUS,
mix-00030,semantic_only,hazard_suppression,6117,False,False,CAUTION,"B1,B2,CP,B3",BENIGN,
mix-00030,semantic_only,hazard_suppression,6159,False,False,ACCEPT,"B1,B2,CP,B3",BENIGN,
mix-00030,semantic_only,hazard_suppression,6147,False,True,REJECT,"B1,B2,CP,B3",MALICIOUS,
mix-00030,semantic_only,hazard_suppression,6117,False,False,CAUTION,"B1,B2,CP,B3",BENIGN,
mix-00030,semantic_only,hazard_suppression,6159,False,False,ACCEPT,"B1,B2,CP,B3",BENIGN,
mix-00030,semantic_only,hazard_suppression,6147,False,True,REJECT,"B1,B2,CP,B3",MALICIOUS,
mix-00030,semantic_only,hazard_suppression,6117,False,False,CAUTION,"B1,B2,CP,B3",BENIGN,
mix-00030,semantic_only,hazard_suppression,6159,False,False,ACCEPT,"B1,B2,CP,B3",BENIGN,
mix-00031,semantic_only,priority_manipulation,8943,False,True,CAUTION,"B1,B2,CP,B3",BENIGN,No history yet; baseline assumed valid.
mix-00031,semantic_only,priority_manipulation,8907,False,False,ACCEPT,"B1,B2,CP,B3",BENIGN,No history yet; baseline assumed valid.
mix-00031,semantic_only,priority_manipulation,8985,False,False,ACCEPT,"B1,B2,CP,B3",BENIGN,No history yet; baseline assumed valid.
mix-00031,semantic_only,priority_manipulation,8943,False,True,CAUTION,"B1,B2,CP,B3",BENIGN,
mix-00031,semantic_only,priority_manipulation,8907,False,False,CAUTION,"B1,B2,CP,B3",BENIGN,
mix-00031,semantic_only,priority_manipulation,8985,False,False,ACCEPT,"B1,B2,CP,B3",BENIGN,
mix-00031,semantic_only,priority_manipulation,8943,False,True,CAUTION,"B1,B2,CP,B3",BENIGN,
mix-00031,semantic_only,priority_manipulation,8907,False,False,CAUTION,"B1,B2,CP,B3",BENIGN,
mix-00031,semantic_only,priority_manipulation,8985,False,False,ACCEPT,"B1,B2,CP,B3",BENIGN,
mix-00031,semantic_only,priority_manipulation,8943,False,True,CAUTION,"B1,B2,CP,B3",BENIGN,
mix-00031,semantic_only,priority_manipulation,8907,False,False,CAUTION,"B1,B2,CP,B3",BENIGN,
mix-00031,semantic_only,priority_manipulation,8985,False,False,ACCEPT,"B1,B2,CP,B3",BENIGN,
mix-00031,semantic_only,priority_manipulation,8943,False,True,CAUTION,"B1,B2,CP,B3",BENIGN,
mix-00031,semantic_only,priority_manipulation,8907,False,False,CAUTION,"B1,B2,CP,B3",BENIGN,
mix-00031,semantic_only,priority_manipulation,8985,False,False,CAUTION,"B1,B2,CP,B3",BENIGN,
mix-00032,semantic_only,traffic_efficiency_lure,9507,False,False,ACCEPT,"B1,B2,CP,B3",BENIGN,No history yet; baseline assumed valid.
mix-00032,semantic_only,traffic_efficiency_lure,9549,False,True,ACCEPT,"B1,B2,CP,B3",BENIGN,No history yet; baseline assumed valid.
mix-00032,semantic_only,traffic_efficiency_lure,9699,False,False,ACCEPT,"B1,B2,CP,B3",BENIGN,No history yet; baseline assumed valid.
mix-00032,semantic_only,traffic_efficiency_lure,9639,False,False,ACCEPT,"B1,B2,CP,B3",BENIGN,No history yet; baseline assumed valid.
mix-00032,semantic_only,traffic_efficiency_lure,9507,False,False,ACCEPT,"B1,B2,CP,B3",BENIGN,
mix-00032,semantic_only,traffic_efficiency_lure,9549,False,True,ACCEPT,"B1,B2,CP,B3",BENIGN,
mix-00032,semantic_only,traffic_efficiency_lure,9699,False,False,CAUTION,"B1,B2,CP,B3",BENIGN,
mix-00032,semantic_only,traffic_efficiency_lure,9639,False,False,ACCEPT,"B1,B2,CP,B3",BENIGN,
mix-00032,semantic_only,traffic_efficiency_lure,9507,False,False,ACCEPT,"B1,B2,CP,B3",BENIGN,
mix-00032,semantic_only,traffic_efficiency_lure,9549,False,True,ACCEPT,"B1,B2,CP,B3",BENIGN,
mix-00032,semantic_only,traffic_efficiency_lure,9699,False,False,CAUTION,"B1,B2,CP,B3",BENIGN,
mix-00032,semantic_only,traffic_efficiency_lure,9639,False,False,ACCEPT,"B1,B2,CP,B3",BENIGN,
mix-00032,semantic_only,traffic_efficiency_lure,9507,False,False,CAUTION,"B1,B2,CP,B3",BENIGN,"Speed out of bounds: 267.0 km/h (limit: [0, 180.0])"
mix-00032,semantic_only,traffic_efficiency_lure,9549,False,True,CAUTION,"B1,B2,CP,B3",BENIGN,"Speed out of bounds: 196.0 km/h (limit: [0, 180.0])"
mix-00032,semantic_only,traffic_efficiency_lure,9699,False,False,CAUTION,"B1,B2,CP,B3",BENIGN,
mix-00032,semantic_only,traffic_efficiency_lure,9639,False,False,ACCEPT,"B1,B2,CP,B3",BENIGN,
mix-00032,semantic_only,traffic_efficiency_lure,9507,False,False,CAUTION,"B1,B2,CP,B3",BENIGN,
mix-00032,semantic_only,traffic_efficiency_lure,9549,False,True,ACCEPT,"B1,B2,CP,B3",BENIGN,
mix-00032,semantic_only,traffic_efficiency_lure,9699,False,False,CAUTION,"B1,B2,CP,B3",BENIGN,
mix-00032,semantic_only,traffic_efficiency_lure,9639,False,False,ACCEPT,"B1,B2,CP,B3",BENIGN,
mix-00032,semantic_only,traffic_efficiency_lure,9507,False,False,CAUTION,"B1,B2,CP,B3",BENIGN,
mix-00032,semantic_only,traffic_efficiency_lure,9549,False,True,ACCEPT,"B1,B2,CP,B3",BENIGN,
mix-00032,semantic_only,traffic_efficiency_lure,9699,False,False,ACCEPT,"B1,B2,CP,B3",BENIGN,
mix-00032,semantic_only,traffic_efficiency_lure,9639,False,False,ACCEPT,"B1,B2,CP,B3",BENIGN,
mix-00032,semantic_only,traffic_efficiency_lure,9507,False,False,ACCEPT,"B1,B2,CP,B3",BENIGN,
mix-00032,semantic_only,traffic_efficiency_lure,9549,False,True,CAUTION,"B1,B2,CP,B3",BENIGN,
mix-00032,semantic_only,traffic_efficiency_lure,9699,False,False,ACCEPT,"B1,B2,CP,B3",BENIGN,
mix-00032,semantic_only,traffic_efficiency_lure,9639,False,False,CAUTION,"B1,B2,CP,B3",BENIGN,Constant Position check: Vehicle reports movement (avg speed 7.40 km/h) but displacement is only 0.06m over 5000.00s.
mix-00032,semantic_only,traffic_efficiency_lure,9507,False,False,ACCEPT,"B1,B2,CP,B3",BENIGN,
mix-00032,semantic_only,traffic_efficiency_lure,9549,False,True,ACCEPT,"B1,B2,CP,B3",BENIGN,
mix-00032,semantic_only,traffic_efficiency_lure,9699,False,False,ACCEPT,"B1,B2,CP,B3",BENIGN,
mix-00032,semantic_only,traffic_efficiency_lure,9639,False,False,ACCEPT,"B1,B2,CP,B3",BENIGN,
mix-00032,semantic_only,traffic_efficiency_lure,9507,False,False,ACCEPT,"B1,B2,CP,B3",BENIGN,
mix-00032,semantic_only,traffic_efficiency_lure,9549,False,True,ACCEPT,"B1,B2,CP,B3",BENIGN,
mix-00032,semantic_only,traffic_efficiency_lure,9699,False,False,CAUTION,"B1,B2,CP,B3",BENIGN,
mix-00032,semantic_only,traffic_efficiency_lure,9639,False,False,CAUTION,"B1,B2,CP,B3",BENIGN,
mix-00032,semantic_only,traffic_efficiency_lure,9507,False,False,ACCEPT,"B1,B2,CP,B3",BENIGN,
mix-00032,semantic_only,traffic_efficiency_lure,9549,False,True,ACCEPT,"B1,B2,CP,B3",BENIGN,
mix-00032,semantic_only,traffic_efficiency_lure,9699,False,False,CAUTION,"B1,B2,CP,B3",BENIGN,
mix-00032,semantic_only,traffic_efficiency_lure,9639,False,False,CAUTION,"B1,B2,CP,B3",BENIGN,"Speed out of bounds: 269.0 km/h (limit: [0, 180.0])"
mix-00032,semantic_only,traffic_efficiency_lure,9507,False,False,CAUTION,"B1,B2,CP,B3",BENIGN,
mix-00032,semantic_only,traffic_efficiency_lure,9549,False,True,ACCEPT,"B1,B2,CP,B3",BENIGN,
mix-00032,semantic_only,traffic_efficiency_lure,9699,False,False,CAUTION,"B1,B2,CP,B3",BENIGN,
mix-00032,semantic_only,traffic_efficiency_lure,9639,False,False,ACCEPT,"B1,B2,CP,B3",BENIGN,
mix-00032,semantic_only,traffic_efficiency_lure,9507,False,False,ACCEPT,"B1,B2,CP,B3",BENIGN,
mix-00032,semantic_only,traffic_efficiency_lure,9549,False,True,CAUTION,"B1,B2,CP,B3",BENIGN,
mix-00032,semantic_only,traffic_efficiency_lure,9699,False,False,CAUTION,"B1,B2,CP,B3",BENIGN,
mix-00032,semantic_only,traffic_efficiency_lure,9639,False,False,ACCEPT,"B1,B2,CP,B3",BENIGN,
mix-00032,semantic_only,traffic_efficiency_lure,9507,False,False,ACCEPT,"B1,B2,CP,B3",BENIGN,
mix-00032,semantic_only,traffic_efficiency_lure,9549,False,True,CAUTION,"B1,B2,CP,B3",BENIGN,
mix-00032,semantic_only,traffic_efficiency_lure,9699,False,False,CAUTION,"B1,B2,CP,B3",BENIGN,
mix-00032,semantic_only,traffic_efficiency_lure,9639,False,False,ACCEPT,"B1,B2,CP,B3",BENIGN,
mix-00032,semantic_only,traffic_efficiency_lure,9507,False,False,ACCEPT,"B1,B2,CP,B3",BENIGN,
mix-00032,semantic_only,traffic_efficiency_lure,9549,False,True,CAUTION,"B1,B2,CP,B3",BENIGN,
mix-00032,semantic_only,traffic_efficiency_lure,9699,False,False,CAUTION,"B1,B2,CP,B3",BENIGN,
mix-00032,semantic_only,traffic_efficiency_lure,9639,False,False,ACCEPT,"B1,B2,CP,B3",BENIGN,
mix-00033,semantic_only,goal_manipulation,7503,False,True,ACCEPT,"B1,B2,CP,B3",BENIGN,No history yet; baseline assumed valid.
mix-00033,semantic_only,goal_manipulation,7485,False,False,CAUTION,"B1,B2,CP,B3",BENIGN,"Speed out of bounds: 236.0 km/h (limit: [0, 180.0]);No history yet; baseline assumed valid."
mix-00033,semantic_only,goal_manipulation,7521,False,False,ACCEPT,"B1,B2,CP,B3",BENIGN,No history yet; baseline assumed valid.
mix-00033,semantic_only,goal_manipulation,7503,False,True,ACCEPT,"B1,B2,CP,B3",BENIGN,
mix-00033,semantic_only,goal_manipulation,7485,False,False,ACCEPT,"B1,B2,CP,B3",BENIGN,
mix-00033,semantic_only,goal_manipulation,7521,False,False,CAUTION,"B1,B2,CP,B3",BENIGN,"Speed out of bounds: 199.0 km/h (limit: [0, 180.0])"
mix-00033,semantic_only,goal_manipulation,7503,False,True,CAUTION,"B1,B2,CP,B3",BENIGN,
mix-00033,semantic_only,goal_manipulation,7485,False,False,ACCEPT,"B1,B2,CP,B3",BENIGN,
mix-00033,semantic_only,goal_manipulation,7521,False,False,ACCEPT,"B1,B2,CP,B3",BENIGN,
mix-00033,semantic_only,goal_manipulation,7503,False,True,CAUTION,"B1,B2,CP,B3",BENIGN,
mix-00033,semantic_only,goal_manipulation,7485,False,False,ACCEPT,"B1,B2,CP,B3",BENIGN,
mix-00033,semantic_only,goal_manipulation,7521,False,False,ACCEPT,"B1,B2,CP,B3",BENIGN,
mix-00033,semantic_only,goal_manipulation,7503,False,True,CAUTION,"B1,B2,CP,B3",BENIGN,
mix-00033,semantic_only,goal_manipulation,7485,False,False,ACCEPT,"B1,B2,CP,B3",BENIGN,
mix-00033,semantic_only,goal_manipulation,7521,False,False,ACCEPT,"B1,B2,CP,B3",BENIGN,
mix-00033,semantic_only,goal_manipulation,7503,False,True,CAUTION,"B1,B2,CP,B3",BENIGN,
mix-00033,semantic_only,goal_manipulation,7485,False,False,CAUTION,"B1,B2,CP,B3",BENIGN,
mix-00033,semantic_only,goal_manipulation,7521,False,False,ACCEPT,"B1,B2,CP,B3",BENIGN,
mix-00033,semantic_only,goal_manipulation,7503,False,True,CAUTION,"B1,B2,CP,B3",BENIGN,
mix-00033,semantic_only,goal_manipulation,7485,False,False,CAUTION,"B1,B2,CP,B3",BENIGN,
mix-00033,semantic_only,goal_manipulation,7521,False,False,ACCEPT,"B1,B2,CP,B3",BENIGN,
mix-00033,semantic_only,goal_manipulation,7503,False,True,CAUTION,"B1,B2,CP,B3",BENIGN,
mix-00033,semantic_only,goal_manipulation,7485,False,False,CAUTION,"B1,B2,CP,B3",BENIGN,
mix-00033,semantic_only,goal_manipulation,7521,False,False,ACCEPT,"B1,B2,CP,B3",BENIGN,
mix-00033,semantic_only,goal_manipulation,7503,False,True,CAUTION,"B1,B2,CP,B3",BENIGN,
mix-00033,semantic_only,goal_manipulation,7485,False,False,CAUTION,"B1,B2,CP,B3",BENIGN,
mix-00033,semantic_only,goal_manipulation,7521,False,False,ACCEPT,"B1,B2,CP,B3",BENIGN,
mix-00033,semantic_only,goal_manipulation,7503,False,True,CAUTION,"B1,B2,CP,B3",BENIGN,
mix-00033,semantic_only,goal_manipulation,7485,False,False,CAUTION,"B1,B2,CP,B3",BENIGN,
mix-00033,semantic_only,goal_manipulation,7521,False,False,ACCEPT,"B1,B2,CP,B3",BENIGN,
mix-00033,semantic_only,goal_manipulation,7503,False,True,CAUTION,"B1,B2,CP,B3",BENIGN,
mix-00033,semantic_only,goal_manipulation,7485,False,False,CAUTION,"B1,B2,CP,B3",BENIGN,
mix-00033,semantic_only,goal_manipulation,7521,False,False,ACCEPT,"B1,B2,CP,B3",BENIGN,
mix-00033,semantic_only,goal_manipulation,7503,False,True,CAUTION,"B1,B2,CP,B3",BENIGN,
mix-00033,semantic_only,goal_manipulation,7485,False,False,CAUTION,"B1,B2,CP,B3",BENIGN,
mix-00033,semantic_only,goal_manipulation,7521,False,False,CAUTION,"B1,B2,CP,B3",BENIGN,
mix-00033,semantic_only,goal_manipulation,7503,False,True,CAUTION,"B1,B2,CP,B3",BENIGN,
mix-00033,semantic_only,goal_manipulation,7485,False,False,CAUTION,"B1,B2,CP,B3",BENIGN,
mix-00033,semantic_only,goal_manipulation,7521,False,False,CAUTION,"B1,B2,CP,B3",BENIGN,
mix-00033,semantic_only,goal_manipulation,7503,False,True,CAUTION,"B1,B2,CP,B3",BENIGN,
mix-00033,semantic_only,goal_manipulation,7485,False,False,CAUTION,"B1,B2,CP,B3",BENIGN,
mix-00033,semantic_only,goal_manipulation,7521,False,False,CAUTION,"B1,B2,CP,B3",BENIGN,
mix-00033,semantic_only,goal_manipulation,7503,False,True,CAUTION,"B1,B2,CP,B3",BENIGN,
mix-00033,semantic_only,goal_manipulation,7485,False,False,CAUTION,"B1,B2,CP,B3",BENIGN,
mix-00033,semantic_only,goal_manipulation,7521,False,False,CAUTION,"B1,B2,CP,B3",BENIGN,
mix-00033,semantic_only,goal_manipulation,7503,False,True,CAUTION,"B1,B2,CP,B3",BENIGN,
mix-00033,semantic_only,goal_manipulation,7485,False,False,CAUTION,"B1,B2,CP,B3",BENIGN,
mix-00033,semantic_only,goal_manipulation,7521,False,False,CAUTION,"B1,B2,CP,B3",BENIGN,
mix-00033,semantic_only,goal_manipulation,7503,False,True,CAUTION,"B1,B2,CP,B3",BENIGN,
mix-00033,semantic_only,goal_manipulation,7485,False,False,CAUTION,"B1,B2,CP,B3",BENIGN,
mix-00033,semantic_only,goal_manipulation,7521,False,False,ACCEPT,"B1,B2,CP,B3",BENIGN,
mix-00033,semantic_only,goal_manipulation,7503,False,True,CAUTION,"B1,B2,CP,B3",BENIGN,
mix-00033,semantic_only,goal_manipulation,7485,False,False,CAUTION,"B1,B2,CP,B3",BENIGN,
mix-00033,semantic_only,goal_manipulation,7521,False,False,ACCEPT,"B1,B2,CP,B3",BENIGN,
mix-00033,semantic_only,goal_manipulation,7503,False,True,CAUTION,"B1,B2,CP,B3",BENIGN,
mix-00033,semantic_only,goal_manipulation,7485,False,False,CAUTION,"B1,B2,CP,B3",BENIGN,
mix-00033,semantic_only,goal_manipulation,7521,False,False,CAUTION,"B1,B2,CP,B3",BENIGN,
mix-00033,semantic_only,goal_manipulation,7503,False,True,CAUTION,"B1,B2,CP,B3",BENIGN,
mix-00033,semantic_only,goal_manipulation,7485,False,False,CAUTION,"B1,B2,CP,B3",BENIGN,
mix-00033,semantic_only,goal_manipulation,7521,False,False,CAUTION,"B1,B2,CP,B3",BENIGN,
mix-00033,semantic_only,goal_manipulation,7503,False,True,CAUTION,"B1,B2,CP,B3",BENIGN,
mix-00033,semantic_only,goal_manipulation,7485,False,False,CAUTION,"B1,B2,CP,B3",BENIGN,
mix-00033,semantic_only,goal_manipulation,7521,False,False,CAUTION,"B1,B2,CP,B3",BENIGN,
mix-00033,semantic_only,goal_manipulation,7503,False,True,CAUTION,"B1,B2,CP,B3",BENIGN,
mix-00033,semantic_only,goal_manipulation,7485,False,False,CAUTION,"B1,B2,CP,B3",BENIGN,
mix-00033,semantic_only,goal_manipulation,7521,False,False,CAUTION,"B1,B2,CP,B3",BENIGN,
mix-00033,semantic_only,goal_manipulation,7503,False,True,CAUTION,"B1,B2,CP,B3",BENIGN,
mix-00033,semantic_only,goal_manipulation,7485,False,False,CAUTION,"B1,B2,CP,B3",BENIGN,
mix-00033,semantic_only,goal_manipulation,7521,False,False,CAUTION,"B1,B2,CP,B3",BENIGN,
mix-00033,semantic_only,goal_manipulation,7503,False,True,CAUTION,"B1,B2,CP,B3",BENIGN,
mix-00033,semantic_only,goal_manipulation,7485,False,False,CAUTION,"B1,B2,CP,B3",BENIGN,
mix-00033,semantic_only,goal_manipulation,7521,False,False,CAUTION,"B1,B2,CP,B3",BENIGN,
mix-00033,semantic_only,goal_manipulation,7503,False,True,ACCEPT,"B1,B2,CP,B3",BENIGN,
mix-00033,semantic_only,goal_manipulation,7485,False,False,CAUTION,"B1,B2,CP,B3",BENIGN,
mix-00033,semantic_only,goal_manipulation,7521,False,False,CAUTION,"B1,B2,CP,B3",BENIGN,
mix-00033,semantic_only,goal_manipulation,7503,False,True,ACCEPT,"B1,B2,CP,B3",BENIGN,
mix-00033,semantic_only,goal_manipulation,7485,False,False,ACCEPT,"B1,B2,CP,B3",BENIGN,
mix-00033,semantic_only,goal_manipulation,7521,False,False,CAUTION,"B1,B2,CP,B3",BENIGN,
mix-00033,semantic_only,goal_manipulation,7503,False,True,ACCEPT,"B1,B2,CP,B3",BENIGN,
mix-00033,semantic_only,goal_manipulation,7485,False,False,ACCEPT,"B1,B2,CP,B3",BENIGN,
mix-00033,semantic_only,goal_manipulation,7521,False,False,CAUTION,"B1,B2,CP,B3",BENIGN,
mix-00033,semantic_only,goal_manipulation,7503,False,True,ACCEPT,"B1,B2,CP,B3",BENIGN,
mix-00033,semantic_only,goal_manipulation,7485,False,False,ACCEPT,"B1,B2,CP,B3",BENIGN,
mix-00033,semantic_only,goal_manipulation,7521,False,False,CAUTION,"B1,B2,CP,B3",BENIGN,
mix-00033,semantic_only,goal_manipulation,7503,False,True,ACCEPT,"B1,B2,CP,B3",BENIGN,
mix-00033,semantic_only,goal_manipulation,7485,False,False,ACCEPT,"B1,B2,CP,B3",BENIGN,
mix-00033,semantic_only,goal_manipulation,7521,False,False,CAUTION,"B1,B2,CP,B3",BENIGN,
mix-00033,semantic_only,goal_manipulation,7503,False,True,ACCEPT,"B1,B2,CP,B3",BENIGN,
mix-00033,semantic_only,goal_manipulation,7485,False,False,ACCEPT,"B1,B2,CP,B3",BENIGN,
mix-00033,semantic_only,goal_manipulation,7521,False,False,CAUTION,"B1,B2,CP,B3",BENIGN,
mix-00033,semantic_only,goal_manipulation,7503,False,True,ACCEPT,"B1,B2,CP,B3",BENIGN,
mix-00033,semantic_only,goal_manipulation,7485,False,False,ACCEPT,"B1,B2,CP,B3",BENIGN,
mix-00033,semantic_only,goal_manipulation,7521,False,False,CAUTION,"B1,B2,CP,B3",BENIGN,
mix-00033,semantic_only,goal_manipulation,7503,False,True,ACCEPT,"B1,B2,CP,B3",BENIGN,
mix-00033,semantic_only,goal_manipulation,7485,False,False,ACCEPT,"B1,B2,CP,B3",BENIGN,
mix-00033,semantic_only,goal_manipulation,7521,False,False,CAUTION,"B1,B2,CP,B3",BENIGN,
mix-00033,semantic_only,goal_manipulation,7503,False,True,ACCEPT,"B1,B2,CP,B3",BENIGN,
mix-00033,semantic_only,goal_manipulation,7485,False,False,ACCEPT,"B1,B2,CP,B3",BENIGN,
mix-00033,semantic_only,goal_manipulation,7521,False,False,CAUTION,"B1,B2,CP,B3",BENIGN,
mix-00033,semantic_only,goal_manipulation,7503,False,True,ACCEPT,"B1,B2,CP,B3",BENIGN,
mix-00033,semantic_only,goal_manipulation,7485,False,False,ACCEPT,"B1,B2,CP,B3",BENIGN,
mix-00033,semantic_only,goal_manipulation,7521,False,False,CAUTION,"B1,B2,CP,B3",BENIGN,
mix-00033,semantic_only,goal_manipulation,7503,False,True,ACCEPT,"B1,B2,CP,B3",BENIGN,
mix-00033,semantic_only,goal_manipulation,7485,False,False,ACCEPT,"B1,B2,CP,B3",BENIGN,
mix-00033,semantic_only,goal_manipulation,7521,False,False,CAUTION,"B1,B2,CP,B3",BENIGN,
mix-00033,semantic_only,goal_manipulation,7503,False,True,ACCEPT,"B1,B2,CP,B3",BENIGN,
mix-00033,semantic_only,goal_manipulation,7485,False,False,ACCEPT,"B1,B2,CP,B3",BENIGN,
mix-00033,semantic_only,goal_manipulation,7521,False,False,CAUTION,"B1,B2,CP,B3",BENIGN,
mix-00033,semantic_only,goal_manipulation,7503,False,True,ACCEPT,"B1,B2,CP,B3",BENIGN,
mix-00033,semantic_only,goal_manipulation,7485,False,False,ACCEPT,"B1,B2,CP,B3",BENIGN,
mix-00033,semantic_only,goal_manipulation,7521,False,False,CAUTION,"B1,B2,CP,B3",BENIGN,
mix-00033,semantic_only,goal_manipulation,7503,False,True,ACCEPT,"B1,B2,CP,B3",BENIGN,Sybil check: Co-located vehicle identity '7485' reported position within 1.97m.
mix-00033,semantic_only,goal_manipulation,7485,False,False,ACCEPT,"B1,B2,CP,B3",BENIGN,Sybil check: Co-located vehicle identity '7503' reported position within 1.89m.
mix-00033,semantic_only,goal_manipulation,7521,False,False,CAUTION,"B1,B2,CP,B3",BENIGN,
mix-00034,clean,,7167,False,False,ACCEPT,"B1,B2,CP,B3",BENIGN,No history yet; baseline assumed valid.
mix-00034,clean,,7179,False,False,CAUTION,"B1,B2,CP,B3",BENIGN,"Speed out of bounds: 208.0 km/h (limit: [0, 180.0]);No history yet; baseline assumed valid."
mix-00034,clean,,7161,False,False,ACCEPT,"B1,B2,CP,B3",BENIGN,No history yet; baseline assumed valid.
mix-00034,clean,,7167,False,False,CAUTION,"B1,B2,CP,B3",BENIGN,
mix-00034,clean,,7179,False,False,ACCEPT,"B1,B2,CP,B3",BENIGN,
mix-00034,clean,,7161,False,False,CAUTION,"B1,B2,CP,B3",BENIGN,
mix-00034,clean,,7167,False,False,CAUTION,"B1,B2,CP,B3",BENIGN,
mix-00034,clean,,7179,False,False,ACCEPT,"B1,B2,CP,B3",BENIGN,
mix-00034,clean,,7161,False,False,CAUTION,"B1,B2,CP,B3",BENIGN,
mix-00034,clean,,7167,False,False,CAUTION,"B1,B2,CP,B3",BENIGN,
mix-00034,clean,,7179,False,False,ACCEPT,"B1,B2,CP,B3",BENIGN,
mix-00034,clean,,7161,False,False,CAUTION,"B1,B2,CP,B3",BENIGN,
mix-00034,clean,,7167,False,False,CAUTION,"B1,B2,CP,B3",BENIGN,
mix-00034,clean,,7179,False,False,ACCEPT,"B1,B2,CP,B3",BENIGN,
mix-00034,clean,,7161,False,False,CAUTION,"B1,B2,CP,B3",BENIGN,
mix-00034,clean,,7167,False,False,CAUTION,"B1,B2,CP,B3",BENIGN,
mix-00034,clean,,7179,False,False,CAUTION,"B1,B2,CP,B3",BENIGN,
mix-00034,clean,,7161,False,False,CAUTION,"B1,B2,CP,B3",BENIGN,
mix-00034,clean,,7167,False,False,CAUTION,"B1,B2,CP,B3",BENIGN,
mix-00034,clean,,7179,False,False,CAUTION,"B1,B2,CP,B3",BENIGN,
mix-00034,clean,,7161,False,False,CAUTION,"B1,B2,CP,B3",BENIGN,
mix-00034,clean,,7167,False,False,CAUTION,"B1,B2,CP,B3",BENIGN,
mix-00034,clean,,7179,False,False,CAUTION,"B1,B2,CP,B3",BENIGN,
mix-00034,clean,,7161,False,False,CAUTION,"B1,B2,CP,B3",BENIGN,
mix-00034,clean,,7167,False,False,CAUTION,"B1,B2,CP,B3",BENIGN,
mix-00034,clean,,7179,False,False,CAUTION,"B1,B2,CP,B3",BENIGN,
mix-00034,clean,,7161,False,False,CAUTION,"B1,B2,CP,B3",BENIGN,
mix-00034,clean,,7167,False,False,CAUTION,"B1,B2,CP,B3",BENIGN,
mix-00034,clean,,7179,False,False,CAUTION,"B1,B2,CP,B3",BENIGN,
mix-00034,clean,,7161,False,False,CAUTION,"B1,B2,CP,B3",BENIGN,
mix-00034,clean,,7167,False,False,CAUTION,"B1,B2,CP,B3",BENIGN,
mix-00034,clean,,7179,False,False,CAUTION,"B1,B2,CP,B3",BENIGN,
mix-00034,clean,,7161,False,False,CAUTION,"B1,B2,CP,B3",BENIGN,
mix-00034,clean,,7167,False,False,CAUTION,"B1,B2,CP,B3",BENIGN,
mix-00034,clean,,7179,False,False,CAUTION,"B1,B2,CP,B3",BENIGN,
mix-00034,clean,,7161,False,False,CAUTION,"B1,B2,CP,B3",BENIGN,
mix-00034,clean,,7167,False,False,CAUTION,"B1,B2,CP,B3",BENIGN,
mix-00034,clean,,7179,False,False,CAUTION,"B1,B2,CP,B3",BENIGN,
mix-00034,clean,,7161,False,False,CAUTION,"B1,B2,CP,B3",BENIGN,
mix-00034,clean,,7167,False,False,CAUTION,"B1,B2,CP,B3",BENIGN,
mix-00034,clean,,7179,False,False,CAUTION,"B1,B2,CP,B3",BENIGN,
mix-00034,clean,,7161,False,False,CAUTION,"B1,B2,CP,B3",BENIGN,
mix-00034,clean,,7167,False,False,CAUTION,"B1,B2,CP,B3",BENIGN,
mix-00034,clean,,7179,False,False,CAUTION,"B1,B2,CP,B3",BENIGN,
mix-00034,clean,,7161,False,False,CAUTION,"B1,B2,CP,B3",BENIGN,
mix-00034,clean,,7167,False,False,CAUTION,"B1,B2,CP,B3",BENIGN,
mix-00034,clean,,7179,False,False,CAUTION,"B1,B2,CP,B3",BENIGN,
mix-00034,clean,,7161,False,False,CAUTION,"B1,B2,CP,B3",BENIGN,
mix-00034,clean,,7167,False,False,CAUTION,"B1,B2,CP,B3",BENIGN,
mix-00034,clean,,7179,False,False,CAUTION,"B1,B2,CP,B3",BENIGN,
mix-00034,clean,,7161,False,False,CAUTION,"B1,B2,CP,B3",BENIGN,
mix-00034,clean,,7167,False,False,CAUTION,"B1,B2,CP,B3",BENIGN,
mix-00034,clean,,7179,False,False,CAUTION,"B1,B2,CP,B3",BENIGN,
mix-00034,clean,,7161,False,False,CAUTION,"B1,B2,CP,B3",BENIGN,
mix-00034,clean,,7167,False,False,CAUTION,"B1,B2,CP,B3",BENIGN,
mix-00034,clean,,7179,False,False,CAUTION,"B1,B2,CP,B3",BENIGN,
mix-00034,clean,,7161,False,False,CAUTION,"B1,B2,CP,B3",BENIGN,
mix-00034,clean,,7167,False,False,CAUTION,"B1,B2,CP,B3",BENIGN,
mix-00034,clean,,7179,False,False,CAUTION,"B1,B2,CP,B3",BENIGN,
mix-00034,clean,,7161,False,False,CAUTION,"B1,B2,CP,B3",BENIGN,
mix-00034,clean,,7167,False,False,CAUTION,"B1,B2,CP,B3",BENIGN,
mix-00034,clean,,7179,False,False,ACCEPT,"B1,B2,CP,B3",BENIGN,
mix-00034,clean,,7161,False,False,CAUTION,"B1,B2,CP,B3",BENIGN,
mix-00035,clean,,6741,False,False,ACCEPT,"B1,B2,CP,B3",BENIGN,No history yet; baseline assumed valid.
mix-00035,clean,,6759,False,False,ACCEPT,"B1,B2,CP,B3",BENIGN,No history yet; baseline assumed valid.
mix-00035,clean,,6747,False,False,ACCEPT,"B1,B2,CP,B3",BENIGN,No history yet; baseline assumed valid.
mix-00035,clean,,6741,False,False,CAUTION,"B1,B2,CP,B3",BENIGN,
mix-00035,clean,,6759,False,False,ACCEPT,"B1,B2,CP,B3",BENIGN,
mix-00035,clean,,6747,False,False,CAUTION,"B1,B2,CP,B3",BENIGN,
mix-00035,clean,,6741,False,False,CAUTION,"B1,B2,CP,B3",BENIGN,
mix-00035,clean,,6759,False,False,ACCEPT,"B1,B2,CP,B3",BENIGN,
mix-00035,clean,,6747,False,False,CAUTION,"B1,B2,CP,B3",BENIGN,
mix-00035,clean,,6741,False,False,CAUTION,"B1,B2,CP,B3",BENIGN,
mix-00035,clean,,6759,False,False,CAUTION,"B1,B2,CP,B3",BENIGN,
mix-00035,clean,,6747,False,False,CAUTION,"B1,B2,CP,B3",BENIGN,
mix-00035,clean,,6741,False,False,CAUTION,"B1,B2,CP,B3",BENIGN,
mix-00035,clean,,6759,False,False,CAUTION,"B1,B2,CP,B3",BENIGN,
mix-00035,clean,,6747,False,False,CAUTION,"B1,B2,CP,B3",BENIGN,
mix-00035,clean,,6741,False,False,CAUTION,"B1,B2,CP,B3",BENIGN,
mix-00035,clean,,6759,False,False,CAUTION,"B1,B2,CP,B3",BENIGN,
mix-00035,clean,,6747,False,False,CAUTION,"B1,B2,CP,B3",BENIGN,
mix-00035,clean,,6741,False,False,CAUTION,"B1,B2,CP,B3",BENIGN,
mix-00035,clean,,6759,False,False,CAUTION,"B1,B2,CP,B3",BENIGN,
mix-00035,clean,,6747,False,False,CAUTION,"B1,B2,CP,B3",BENIGN,
mix-00035,clean,,6741,False,False,CAUTION,"B1,B2,CP,B3",BENIGN,
mix-00035,clean,,6759,False,False,CAUTION,"B1,B2,CP,B3",BENIGN,
mix-00035,clean,,6747,False,False,ACCEPT,"B1,B2,CP,B3",BENIGN,
mix-00035,clean,,6741,False,False,ACCEPT,"B1,B2,CP,B3",BENIGN,
mix-00035,clean,,6759,False,False,ACCEPT,"B1,B2,CP,B3",BENIGN,
mix-00035,clean,,6747,False,False,ACCEPT,"B1,B2,CP,B3",BENIGN,
mix-00035,clean,,6741,False,False,CAUTION,"B1,B2,CP,B3",BENIGN,"Speed out of bounds: 264.0 km/h (limit: [0, 180.0])"
mix-00035,clean,,6759,False,False,ACCEPT,"B1,B2,CP,B3",BENIGN,
mix-00035,clean,,6747,False,False,ACCEPT,"B1,B2,CP,B3",BENIGN,
mix-00035,clean,,6741,False,False,ACCEPT,"B1,B2,CP,B3",BENIGN,
mix-00035,clean,,6759,False,False,ACCEPT,"B1,B2,CP,B3",BENIGN,
mix-00035,clean,,6747,False,False,CAUTION,"B1,B2,CP,B3",BENIGN,"Speed out of bounds: 207.0 km/h (limit: [0, 180.0])"
mix-00035,clean,,6741,False,False,ACCEPT,"B1,B2,CP,B3",BENIGN,
mix-00035,clean,,6759,False,False,ACCEPT,"B1,B2,CP,B3",BENIGN,
mix-00035,clean,,6747,False,False,CAUTION,"B1,B2,CP,B3",BENIGN,
mix-00036,clean,,9621,False,False,ACCEPT,"B1,B2,CP,B3",BENIGN,No history yet; baseline assumed valid.
mix-00036,clean,,9741,False,False,ACCEPT,"B1,B2,CP,B3",BENIGN,No history yet; baseline assumed valid.
mix-00036,clean,,9603,False,False,ACCEPT,"B1,B2,CP,B3",BENIGN,No history yet; baseline assumed valid.
mix-00036,clean,,9621,False,False,CAUTION,"B1,B2,CP,B3",BENIGN,
mix-00036,clean,,9741,False,False,CAUTION,"B1,B2,CP,B3",BENIGN,
mix-00036,clean,,9603,False,False,CAUTION,"B1,B2,CP,B3",BENIGN,
mix-00036,clean,,9621,False,False,CAUTION,"B1,B2,CP,B3",BENIGN,
mix-00036,clean,,9741,False,False,CAUTION,"B1,B2,CP,B3",BENIGN,
mix-00036,clean,,9603,False,False,CAUTION,"B1,B2,CP,B3",BENIGN,
mix-00036,clean,,9621,False,False,CAUTION,"B1,B2,CP,B3",BENIGN,
mix-00036,clean,,9741,False,False,CAUTION,"B1,B2,CP,B3",BENIGN,
mix-00036,clean,,9603,False,False,CAUTION,"B1,B2,CP,B3",BENIGN,
mix-00036,clean,,9621,False,False,CAUTION,"B1,B2,CP,B3",BENIGN,
mix-00036,clean,,9741,False,False,CAUTION,"B1,B2,CP,B3",BENIGN,
mix-00036,clean,,9603,False,False,CAUTION,"B1,B2,CP,B3",BENIGN,
mix-00036,clean,,9621,False,False,CAUTION,"B1,B2,CP,B3",BENIGN,
mix-00036,clean,,9741,False,False,CAUTION,"B1,B2,CP,B3",BENIGN,
mix-00036,clean,,9603,False,False,CAUTION,"B1,B2,CP,B3",BENIGN,
mix-00037,semantic_only,authority_override,7029,False,True,CAUTION,"B1,B2,CP,B3",MALICIOUS,No history yet; baseline assumed valid.
mix-00037,semantic_only,authority_override,7017,False,False,ACCEPT,"B1,B2,CP,B3",BENIGN,No history yet; baseline assumed valid.
mix-00037,semantic_only,authority_override,7143,False,False,ACCEPT,"B1,B2,CP,B3",BENIGN,No history yet; baseline assumed valid.
mix-00037,semantic_only,authority_override,7029,False,True,CAUTION,"B1,B2,CP,B3",MALICIOUS,
mix-00037,semantic_only,authority_override,7017,False,False,CAUTION,"B1,B2,CP,B3",BENIGN,
mix-00037,semantic_only,authority_override,7143,False,False,CAUTION,"B1,B2,CP,B3",BENIGN,
mix-00037,semantic_only,authority_override,7029,False,True,CAUTION,"B1,B2,CP,B3",MALICIOUS,
mix-00037,semantic_only,authority_override,7017,False,False,CAUTION,"B1,B2,CP,B3",BENIGN,
mix-00037,semantic_only,authority_override,7143,False,False,CAUTION,"B1,B2,CP,B3",BENIGN,
mix-00038,clean,,7317,False,False,ACCEPT,"B1,B2,CP,B3",BENIGN,No history yet; baseline assumed valid.
mix-00038,clean,,7323,False,False,ACCEPT,"B1,B2,CP,B3",BENIGN,No history yet; baseline assumed valid.
mix-00038,clean,,7377,False,False,ACCEPT,"B1,B2,CP,B3",BENIGN,No history yet; baseline assumed valid.
mix-00038,clean,,7317,False,False,CAUTION,"B1,B2,CP,B3",BENIGN,
mix-00038,clean,,7323,False,False,CAUTION,"B1,B2,CP,B3",BENIGN,
mix-00038,clean,,7377,False,False,CAUTION,"B1,B2,CP,B3",BENIGN,
mix-00038,clean,,7317,False,False,CAUTION,"B1,B2,CP,B3",BENIGN,
mix-00038,clean,,7323,False,False,CAUTION,"B1,B2,CP,B3",BENIGN,
mix-00038,clean,,7377,False,False,CAUTION,"B1,B2,CP,B3",BENIGN,
mix-00038,clean,,7317,False,False,CAUTION,"B1,B2,CP,B3",BENIGN,
mix-00038,clean,,7323,False,False,CAUTION,"B1,B2,CP,B3",BENIGN,
mix-00038,clean,,7377,False,False,CAUTION,"B1,B2,CP,B3",BENIGN,
mix-00038,clean,,7317,False,False,CAUTION,"B1,B2,CP,B3",BENIGN,
mix-00038,clean,,7323,False,False,CAUTION,"B1,B2,CP,B3",BENIGN,
mix-00038,clean,,7377,False,False,CAUTION,"B1,B2,CP,B3",BENIGN,
mix-00038,clean,,7317,False,False,CAUTION,"B1,B2,CP,B3",BENIGN,
mix-00038,clean,,7323,False,False,CAUTION,"B1,B2,CP,B3",BENIGN,
mix-00038,clean,,7377,False,False,CAUTION,"B1,B2,CP,B3",BENIGN,
mix-00038,clean,,7317,False,False,CAUTION,"B1,B2,CP,B3",BENIGN,
mix-00038,clean,,7323,False,False,CAUTION,"B1,B2,CP,B3",BENIGN,
mix-00038,clean,,7377,False,False,CAUTION,"B1,B2,CP,B3",BENIGN,
mix-00038,clean,,7317,False,False,CAUTION,"B1,B2,CP,B3",BENIGN,
mix-00038,clean,,7323,False,False,CAUTION,"B1,B2,CP,B3",BENIGN,
mix-00038,clean,,7377,False,False,CAUTION,"B1,B2,CP,B3",BENIGN,
mix-00039,semantic_only,temporal_context_drift,7221,False,False,ACCEPT,"B1,B2,CP,B3",BENIGN,No history yet; baseline assumed valid.
mix-00039,semantic_only,temporal_context_drift,7143,False,False,ACCEPT,"B1,B2,CP,B3",BENIGN,No history yet; baseline assumed valid.
mix-00039,semantic_only,temporal_context_drift,7227,False,True,REJECT,"B1,B2,CP,B3",BENIGN,No history yet; baseline assumed valid.
mix-00039,semantic_only,temporal_context_drift,7221,False,False,CAUTION,"B1,B2,CP,B3",BENIGN,
mix-00039,semantic_only,temporal_context_drift,7143,False,False,ACCEPT,"B1,B2,CP,B3",BENIGN,
mix-00039,semantic_only,temporal_context_drift,7227,False,True,REJECT,"B1,B2,CP,B3",BENIGN,
mix-00039,semantic_only,temporal_context_drift,7221,False,False,CAUTION,"B1,B2,CP,B3",BENIGN,
mix-00039,semantic_only,temporal_context_drift,7143,False,False,ACCEPT,"B1,B2,CP,B3",BENIGN,
mix-00039,semantic_only,temporal_context_drift,7227,False,True,CAUTION,"B1,B2,CP,B3",BENIGN,
mix-00039,semantic_only,temporal_context_drift,7221,False,False,CAUTION,"B1,B2,CP,B3",BENIGN,
mix-00039,semantic_only,temporal_context_drift,7143,False,False,ACCEPT,"B1,B2,CP,B3",BENIGN,
mix-00039,semantic_only,temporal_context_drift,7227,False,True,CAUTION,"B1,B2,CP,B3",BENIGN,
mix-00039,semantic_only,temporal_context_drift,7221,False,False,CAUTION,"B1,B2,CP,B3",BENIGN,
mix-00039,semantic_only,temporal_context_drift,7143,False,False,ACCEPT,"B1,B2,CP,B3",BENIGN,
mix-00039,semantic_only,temporal_context_drift,7227,False,True,CAUTION,"B1,B2,CP,B3",BENIGN,
mix-00039,semantic_only,temporal_context_drift,7221,False,False,ACCEPT,"B1,B2,CP,B3",BENIGN,
mix-00039,semantic_only,temporal_context_drift,7143,False,False,CAUTION,"B1,B2,CP,B3",BENIGN,
mix-00039,semantic_only,temporal_context_drift,7227,False,True,CAUTION,"B1,B2,CP,B3",BENIGN,
mix-00039,semantic_only,temporal_context_drift,7221,False,False,ACCEPT,"B1,B2,CP,B3",BENIGN,
mix-00039,semantic_only,temporal_context_drift,7143,False,False,CAUTION,"B1,B2,CP,B3",BENIGN,
mix-00039,semantic_only,temporal_context_drift,7227,False,True,CAUTION,"B1,B2,CP,B3",BENIGN,
mix-00039,semantic_only,temporal_context_drift,7221,False,False,ACCEPT,"B1,B2,CP,B3",BENIGN,
mix-00039,semantic_only,temporal_context_drift,7143,False,False,CAUTION,"B1,B2,CP,B3",BENIGN,
mix-00039,semantic_only,temporal_context_drift,7227,False,True,CAUTION,"B1,B2,CP,B3",BENIGN,
mix-00039,semantic_only,temporal_context_drift,7221,False,False,CAUTION,"B1,B2,CP,B3",BENIGN,
mix-00039,semantic_only,temporal_context_drift,7143,False,False,CAUTION,"B1,B2,CP,B3",BENIGN,
mix-00039,semantic_only,temporal_context_drift,7227,False,True,CAUTION,"B1,B2,CP,B3",BENIGN,
mix-00039,semantic_only,temporal_context_drift,7221,False,False,ACCEPT,"B1,B2,CP,B3",BENIGN,
mix-00039,semantic_only,temporal_context_drift,7143,False,False,CAUTION,"B1,B2,CP,B3",BENIGN,
mix-00039,semantic_only,temporal_context_drift,7227,False,True,CAUTION,"B1,B2,CP,B3",BENIGN,
mix-00040,clean,,8403,False,False,ACCEPT,"B1,B2,CP,B3",BENIGN,No history yet; baseline assumed valid.
mix-00040,clean,,8241,False,False,ACCEPT,"B1,B2,CP,B3",BENIGN,No history yet; baseline assumed valid.
mix-00040,clean,,8397,False,False,ACCEPT,"B1,B2,CP,B3",BENIGN,No history yet; baseline assumed valid.
mix-00040,clean,,8403,False,False,CAUTION,"B1,B2,CP,B3",BENIGN,
mix-00040,clean,,8241,False,False,ACCEPT,"B1,B2,CP,B3",BENIGN,
mix-00040,clean,,8397,False,False,CAUTION,"B1,B2,CP,B3",BENIGN,Replay check: Identical payload matches past report from sender '8397'.
mix-00041,semantic_only,multi_message_context_poisoning,6885,False,False,ACCEPT,"B1,B2,CP,B3",BENIGN,No history yet; baseline assumed valid.
mix-00041,semantic_only,multi_message_context_poisoning,6849,False,True,ACCEPT,"B1,B2,CP,B3",BENIGN,No history yet; baseline assumed valid.
mix-00041,semantic_only,multi_message_context_poisoning,6879,False,False,ACCEPT,"B1,B2,CP,B3",BENIGN,No history yet; baseline assumed valid.
mix-00041,semantic_only,multi_message_context_poisoning,6885,False,False,CAUTION,"B1,B2,CP,B3",BENIGN,
mix-00041,semantic_only,multi_message_context_poisoning,6849,False,True,CAUTION,"B1,B2,CP,B3",BENIGN,
mix-00041,semantic_only,multi_message_context_poisoning,6879,False,False,CAUTION,"B1,B2,CP,B3",BENIGN,
mix-00041,semantic_only,multi_message_context_poisoning,6885,False,False,CAUTION,"B1,B2,CP,B3",BENIGN,
mix-00041,semantic_only,multi_message_context_poisoning,6849,False,True,CAUTION,"B1,B2,CP,B3",BENIGN,
mix-00041,semantic_only,multi_message_context_poisoning,6879,False,False,CAUTION,"B1,B2,CP,B3",BENIGN,
mix-00041,semantic_only,multi_message_context_poisoning,6885,False,False,CAUTION,"B1,B2,CP,B3",BENIGN,
mix-00041,semantic_only,multi_message_context_poisoning,6849,False,True,CAUTION,"B1,B2,CP,B3",BENIGN,
mix-00041,semantic_only,multi_message_context_poisoning,6879,False,False,CAUTION,"B1,B2,CP,B3",BENIGN,
mix-00041,semantic_only,multi_message_context_poisoning,6885,False,False,CAUTION,"B1,B2,CP,B3",BENIGN,
mix-00041,semantic_only,multi_message_context_poisoning,6849,False,True,CAUTION,"B1,B2,CP,B3",BENIGN,
mix-00041,semantic_only,multi_message_context_poisoning,6879,False,False,CAUTION,"B1,B2,CP,B3",BENIGN,
mix-00042,semantic_only,multi_message_context_poisoning,6741,False,True,ACCEPT,"B1,B2,CP,B3",BENIGN,No history yet; baseline assumed valid.
mix-00042,semantic_only,multi_message_context_poisoning,6759,False,False,ACCEPT,"B1,B2,CP,B3",BENIGN,No history yet; baseline assumed valid.
mix-00042,semantic_only,multi_message_context_poisoning,6747,False,False,ACCEPT,"B1,B2,CP,B3",BENIGN,No history yet; baseline assumed valid.
mix-00042,semantic_only,multi_message_context_poisoning,6741,False,True,ACCEPT,"B1,B2,CP,B3",BENIGN,
mix-00042,semantic_only,multi_message_context_poisoning,6759,False,False,ACCEPT,"B1,B2,CP,B3",BENIGN,
mix-00042,semantic_only,multi_message_context_poisoning,6747,False,False,ACCEPT,"B1,B2,CP,B3",BENIGN,
mix-00042,semantic_only,multi_message_context_poisoning,6741,False,True,ACCEPT,"B1,B2,CP,B3",BENIGN,
mix-00042,semantic_only,multi_message_context_poisoning,6759,False,False,ACCEPT,"B1,B2,CP,B3",BENIGN,
mix-00042,semantic_only,multi_message_context_poisoning,6747,False,False,ACCEPT,"B1,B2,CP,B3",BENIGN,
mix-00042,semantic_only,multi_message_context_poisoning,6741,False,True,ACCEPT,"B1,B2,CP,B3",BENIGN,
mix-00042,semantic_only,multi_message_context_poisoning,6759,False,False,ACCEPT,"B1,B2,CP,B3",BENIGN,
mix-00042,semantic_only,multi_message_context_poisoning,6747,False,False,CAUTION,"B1,B2,CP,B3",BENIGN,
mix-00042,semantic_only,multi_message_context_poisoning,6741,False,True,ACCEPT,"B1,B2,CP,B3",BENIGN,
mix-00042,semantic_only,multi_message_context_poisoning,6759,False,False,ACCEPT,"B1,B2,CP,B3",BENIGN,
mix-00042,semantic_only,multi_message_context_poisoning,6747,False,False,CAUTION,"B1,B2,CP,B3",BENIGN,
mix-00042,semantic_only,multi_message_context_poisoning,6741,False,True,CAUTION,"B1,B2,CP,B3",BENIGN,
mix-00042,semantic_only,multi_message_context_poisoning,6759,False,False,ACCEPT,"B1,B2,CP,B3",BENIGN,
mix-00042,semantic_only,multi_message_context_poisoning,6747,False,False,CAUTION,"B1,B2,CP,B3",BENIGN,
mix-00042,semantic_only,multi_message_context_poisoning,6741,False,True,CAUTION,"B1,B2,CP,B3",BENIGN,
mix-00042,semantic_only,multi_message_context_poisoning,6759,False,False,ACCEPT,"B1,B2,CP,B3",BENIGN,
mix-00042,semantic_only,multi_message_context_poisoning,6747,False,False,CAUTION,"B1,B2,CP,B3",BENIGN,
mix-00042,semantic_only,multi_message_context_poisoning,6741,False,True,CAUTION,"B1,B2,CP,B3",BENIGN,
mix-00042,semantic_only,multi_message_context_poisoning,6759,False,False,ACCEPT,"B1,B2,CP,B3",BENIGN,
mix-00042,semantic_only,multi_message_context_poisoning,6747,False,False,CAUTION,"B1,B2,CP,B3",BENIGN,
mix-00042,semantic_only,multi_message_context_poisoning,6741,False,True,CAUTION,"B1,B2,CP,B3",BENIGN,
mix-00042,semantic_only,multi_message_context_poisoning,6759,False,False,ACCEPT,"B1,B2,CP,B3",BENIGN,
mix-00042,semantic_only,multi_message_context_poisoning,6747,False,False,CAUTION,"B1,B2,CP,B3",BENIGN,
mix-00042,semantic_only,multi_message_context_poisoning,6741,False,True,CAUTION,"B1,B2,CP,B3",BENIGN,
mix-00042,semantic_only,multi_message_context_poisoning,6759,False,False,CAUTION,"B1,B2,CP,B3",BENIGN,
mix-00042,semantic_only,multi_message_context_poisoning,6747,False,False,CAUTION,"B1,B2,CP,B3",BENIGN,
mix-00042,semantic_only,multi_message_context_poisoning,6741,False,True,ACCEPT,"B1,B2,CP,B3",BENIGN,
mix-00042,semantic_only,multi_message_context_poisoning,6759,False,False,ACCEPT,"B1,B2,CP,B3",BENIGN,
mix-00042,semantic_only,multi_message_context_poisoning,6747,False,False,CAUTION,"B1,B2,CP,B3",BENIGN,
mix-00042,semantic_only,multi_message_context_poisoning,6741,False,True,CAUTION,"B1,B2,CP,B3",BENIGN,"Speed out of bounds: 228.0 km/h (limit: [0, 180.0])"
mix-00042,semantic_only,multi_message_context_poisoning,6759,False,False,ACCEPT,"B1,B2,CP,B3",BENIGN,
mix-00042,semantic_only,multi_message_context_poisoning,6747,False,False,CAUTION,"B1,B2,CP,B3",BENIGN,
mix-00043,clean,,8703,False,False,ACCEPT,"B1,B2,CP,B3",BENIGN,No history yet; baseline assumed valid.
mix-00043,clean,,8757,False,False,ACCEPT,"B1,B2,CP,B3",BENIGN,No history yet; baseline assumed valid.
mix-00043,clean,,8787,False,False,ACCEPT,"B1,B2,CP,B3",BENIGN,No history yet; baseline assumed valid.
mix-00043,clean,,8667,False,False,ACCEPT,"B1,B2,CP,B3",BENIGN,No history yet; baseline assumed valid.
mix-00043,clean,,8703,False,False,CAUTION,"B1,B2,CP,B3",BENIGN,
mix-00043,clean,,8757,False,False,CAUTION,"B1,B2,CP,B3",BENIGN,
mix-00043,clean,,8787,False,False,CAUTION,"B1,B2,CP,B3",BENIGN,
mix-00043,clean,,8667,False,False,ACCEPT,"B1,B2,CP,B3",BENIGN,
mix-00043,clean,,8703,False,False,CAUTION,"B1,B2,CP,B3",BENIGN,
mix-00043,clean,,8757,False,False,CAUTION,"B1,B2,CP,B3",BENIGN,
mix-00043,clean,,8787,False,False,CAUTION,"B1,B2,CP,B3",BENIGN,
mix-00043,clean,,8667,False,False,ACCEPT,"B1,B2,CP,B3",BENIGN,
mix-00043,clean,,8703,False,False,CAUTION,"B1,B2,CP,B3",BENIGN,
mix-00043,clean,,8757,False,False,CAUTION,"B1,B2,CP,B3",BENIGN,
mix-00043,clean,,8787,False,False,CAUTION,"B1,B2,CP,B3",BENIGN,
mix-00043,clean,,8667,False,False,CAUTION,"B1,B2,CP,B3",BENIGN,
mix-00044,kinematic_only,,6831,True,False,ACCEPT,"B1,B2,CP,B3",BENIGN,No history yet; baseline assumed valid.
mix-00044,kinematic_only,,6777,False,False,ACCEPT,"B1,B2,CP,B3",BENIGN,No history yet; baseline assumed valid.
mix-00044,kinematic_only,,6783,False,False,ACCEPT,"B1,B2,CP,B3",BENIGN,No history yet; baseline assumed valid.
mix-00044,kinematic_only,,6831,True,False,CAUTION,"B1,B2,CP,B3",BENIGN,Constant Position check: Vehicle reports movement (avg speed 49.18 km/h) but displacement is only 0.00m over 1000.00s.
mix-00044,kinematic_only,,6777,False,False,CAUTION,"B1,B2,CP,B3",BENIGN,
mix-00044,kinematic_only,,6783,False,False,CAUTION,"B1,B2,CP,B3",BENIGN,
mix-00044,kinematic_only,,6831,True,False,CAUTION,"B1,B2,CP,B3",BENIGN,Constant Position check: Vehicle reports movement (avg speed 49.14 km/h) but displacement is only 0.00m over 2000.00s.
mix-00044,kinematic_only,,6777,False,False,CAUTION,"B1,B2,CP,B3",BENIGN,
mix-00044,kinematic_only,,6783,False,False,CAUTION,"B1,B2,CP,B3",BENIGN,
mix-00044,kinematic_only,,6831,True,False,CAUTION,"B1,B2,CP,B3",BENIGN,Constant Position check: Vehicle reports movement (avg speed 49.13 km/h) but displacement is only 0.00m over 2999.99s.
mix-00044,kinematic_only,,6777,False,False,CAUTION,"B1,B2,CP,B3",BENIGN,
mix-00044,kinematic_only,,6783,False,False,CAUTION,"B1,B2,CP,B3",BENIGN,
mix-00044,kinematic_only,,6831,True,False,CAUTION,"B1,B2,CP,B3",BENIGN,Constant Position check: Vehicle reports movement (avg speed 49.15 km/h) but displacement is only 0.00m over 4000.00s.
mix-00044,kinematic_only,,6777,False,False,CAUTION,"B1,B2,CP,B3",BENIGN,
mix-00044,kinematic_only,,6783,False,False,CAUTION,"B1,B2,CP,B3",BENIGN,
mix-00044,kinematic_only,,6831,True,False,CAUTION,"B1,B2,CP,B3",BENIGN,Constant Position check: Vehicle reports movement (avg speed 49.14 km/h) but displacement is only 0.00m over 5000.00s.
mix-00044,kinematic_only,,6777,False,False,CAUTION,"B1,B2,CP,B3",BENIGN,
mix-00044,kinematic_only,,6783,False,False,CAUTION,"B1,B2,CP,B3",BENIGN,
mix-00044,kinematic_only,,6831,True,False,CAUTION,"B1,B2,CP,B3",BENIGN,Constant Position check: Vehicle reports movement (avg speed 49.15 km/h) but displacement is only 0.00m over 5000.00s.
mix-00044,kinematic_only,,6777,False,False,CAUTION,"B1,B2,CP,B3",BENIGN,
mix-00044,kinematic_only,,6783,False,False,CAUTION,"B1,B2,CP,B3",BENIGN,
mix-00044,kinematic_only,,6831,True,False,CAUTION,"B1,B2,CP,B3",BENIGN,Constant Position check: Vehicle reports movement (avg speed 49.15 km/h) but displacement is only 0.00m over 5000.00s.
mix-00044,kinematic_only,,6777,False,False,CAUTION,"B1,B2,CP,B3",BENIGN,
mix-00044,kinematic_only,,6783,False,False,CAUTION,"B1,B2,CP,B3",BENIGN,
mix-00044,kinematic_only,,6831,True,False,CAUTION,"B1,B2,CP,B3",BENIGN,Constant Position check: Vehicle reports movement (avg speed 49.20 km/h) but displacement is only 0.00m over 5000.00s.
mix-00044,kinematic_only,,6777,False,False,CAUTION,"B1,B2,CP,B3",BENIGN,
mix-00044,kinematic_only,,6783,False,False,CAUTION,"B1,B2,CP,B3",BENIGN,
mix-00044,kinematic_only,,6831,True,False,CAUTION,"B1,B2,CP,B3",BENIGN,Constant Position check: Vehicle reports movement (avg speed 49.16 km/h) but displacement is only 0.00m over 5000.00s.
mix-00044,kinematic_only,,6777,False,False,CAUTION,"B1,B2,CP,B3",BENIGN,
mix-00044,kinematic_only,,6783,False,False,CAUTION,"B1,B2,CP,B3",BENIGN,
mix-00045,mixed,planner_manipulation,7497,False,False,ACCEPT,"B1,B2,CP,B3",BENIGN,No history yet; baseline assumed valid.
mix-00045,mixed,planner_manipulation,7725,False,False,ACCEPT,"B1,B2,CP,B3",BENIGN,No history yet; baseline assumed valid.
mix-00045,mixed,planner_manipulation,7713,True,False,ACCEPT,"B1,B2,CP,B3",BENIGN,No history yet; baseline assumed valid.
mix-00045,mixed,planner_manipulation,7719,False,True,REJECT,"B1,B2,CP,B3",BENIGN,No history yet; baseline assumed valid.
mix-00045,mixed,planner_manipulation,7497,False,False,ACCEPT,"B1,B2,CP,B3",BENIGN,
mix-00045,mixed,planner_manipulation,7725,False,False,ACCEPT,"B1,B2,CP,B3",BENIGN,
mix-00045,mixed,planner_manipulation,7713,True,False,CAUTION,"B1,B2,CP,B3",BENIGN,Constant Position check: Vehicle reports movement (avg speed 33.37 km/h) but displacement is only 0.00m over 1000.00s.
mix-00045,mixed,planner_manipulation,7719,False,True,REJECT,"B1,B2,CP,B3",BENIGN,
mix-00046,semantic_only,indirect_prompt_injection,8301,False,False,ACCEPT,"B1,B2,CP,B3",BENIGN,No history yet; baseline assumed valid.
mix-00046,semantic_only,indirect_prompt_injection,8307,False,False,ACCEPT,"B1,B2,CP,B3",BENIGN,No history yet; baseline assumed valid.
mix-00046,semantic_only,indirect_prompt_injection,8283,False,True,ACCEPT,"B1,B2,CP,B3",BENIGN,No history yet; baseline assumed valid.
mix-00046,semantic_only,indirect_prompt_injection,8301,False,False,CAUTION,"B1,B2,CP,B3",BENIGN,
mix-00046,semantic_only,indirect_prompt_injection,8307,False,False,CAUTION,"B1,B2,CP,B3",BENIGN,
mix-00046,semantic_only,indirect_prompt_injection,8283,False,True,CAUTION,"B1,B2,CP,B3",BENIGN,
mix-00046,semantic_only,indirect_prompt_injection,8301,False,False,CAUTION,"B1,B2,CP,B3",BENIGN,
mix-00046,semantic_only,indirect_prompt_injection,8307,False,False,CAUTION,"B1,B2,CP,B3",BENIGN,
mix-00046,semantic_only,indirect_prompt_injection,8283,False,True,CAUTION,"B1,B2,CP,B3",BENIGN,
mix-00046,semantic_only,indirect_prompt_injection,8301,False,False,CAUTION,"B1,B2,CP,B3",BENIGN,
mix-00046,semantic_only,indirect_prompt_injection,8307,False,False,CAUTION,"B1,B2,CP,B3",BENIGN,
mix-00046,semantic_only,indirect_prompt_injection,8283,False,True,CAUTION,"B1,B2,CP,B3",BENIGN,
mix-00046,semantic_only,indirect_prompt_injection,8301,False,False,CAUTION,"B1,B2,CP,B3",BENIGN,
mix-00046,semantic_only,indirect_prompt_injection,8307,False,False,CAUTION,"B1,B2,CP,B3",BENIGN,
mix-00046,semantic_only,indirect_prompt_injection,8283,False,True,CAUTION,"B1,B2,CP,B3",BENIGN,
mix-00046,semantic_only,indirect_prompt_injection,8301,False,False,CAUTION,"B1,B2,CP,B3",BENIGN,
mix-00046,semantic_only,indirect_prompt_injection,8307,False,False,CAUTION,"B1,B2,CP,B3",BENIGN,
mix-00046,semantic_only,indirect_prompt_injection,8283,False,True,CAUTION,"B1,B2,CP,B3",BENIGN,
mix-00047,mixed,mixed_semantic_attacks,9933,True,False,ACCEPT,"B1,B2,CP,B3",BENIGN,No history yet; baseline assumed valid.
mix-00047,mixed,mixed_semantic_attacks,10017,False,False,ACCEPT,"B1,B2,CP,B3",BENIGN,No history yet; baseline assumed valid.
mix-00047,mixed,mixed_semantic_attacks,10047,False,True,ACCEPT,"B1,B2,CP,B3",BENIGN,No history yet; baseline assumed valid.
mix-00047,mixed,mixed_semantic_attacks,10053,True,False,ACCEPT,"B1,B2,CP,B3",BENIGN,No history yet; baseline assumed valid.
mix-00047,mixed,mixed_semantic_attacks,9933,True,False,CAUTION,"B1,B2,CP,B3",BENIGN,Constant Position check: Vehicle reports movement (avg speed 43.09 km/h) but displacement is only 0.00m over 1000.00s.
mix-00047,mixed,mixed_semantic_attacks,10017,False,False,CAUTION,"B1,B2,CP,B3",BENIGN,
mix-00047,mixed,mixed_semantic_attacks,10047,False,True,CAUTION,"B1,B2,CP,B3",BENIGN,
mix-00047,mixed,mixed_semantic_attacks,10053,True,False,CAUTION,"B1,B2,CP,B3",BENIGN,Constant Position check: Vehicle reports movement (avg speed 53.71 km/h) but displacement is only 0.00m over 1000.00s.
mix-00048,mixed,mixed_semantic_attacks,8295,True,False,ACCEPT,"B1,B2,CP,B3",BENIGN,No history yet; baseline assumed valid.
mix-00048,mixed,mixed_semantic_attacks,8265,False,False,ACCEPT,"B1,B2,CP,B3",BENIGN,No history yet; baseline assumed valid.
mix-00048,mixed,mixed_semantic_attacks,8283,False,True,ACCEPT,"B1,B2,CP,B3",BENIGN,No history yet; baseline assumed valid.
mix-00048,mixed,mixed_semantic_attacks,8295,True,False,CAUTION,"B1,B2,CP,B3",BENIGN,"Speed out of bounds: 296.0 km/h (limit: [0, 180.0]);Constant Position check: Vehicle reports movement (avg speed 57.00 km/h) but displacement is only 0.00m over 1000.01s."
mix-00048,mixed,mixed_semantic_attacks,8265,False,False,ACCEPT,"B1,B2,CP,B3",BENIGN,
mix-00048,mixed,mixed_semantic_attacks,8283,False,True,ACCEPT,"B1,B2,CP,B3",BENIGN,
mix-00048,mixed,mixed_semantic_attacks,8295,True,False,CAUTION,"B1,B2,CP,B3",BENIGN,Constant Position check: Vehicle reports movement (avg speed 176.50 km/h) but displacement is only 0.00m over 2000.01s.
mix-00048,mixed,mixed_semantic_attacks,8265,False,False,CAUTION,"B1,B2,CP,B3",BENIGN,
mix-00048,mixed,mixed_semantic_attacks,8283,False,True,ACCEPT,"B1,B2,CP,B3",BENIGN,
mix-00048,mixed,mixed_semantic_attacks,8295,True,False,CAUTION,"B1,B2,CP,B3",BENIGN,Constant Position check: Vehicle reports movement (avg speed 124.25 km/h) but displacement is only 0.00m over 3000.01s.
mix-00048,mixed,mixed_semantic_attacks,8265,False,False,CAUTION,"B1,B2,CP,B3",BENIGN,
mix-00048,mixed,mixed_semantic_attacks,8283,False,True,ACCEPT,"B1,B2,CP,B3",BENIGN,
mix-00049,clean,,9879,False,False,ACCEPT,"B1,B2,CP,B3",BENIGN,No history yet; baseline assumed valid.
mix-00049,clean,,9927,False,False,ACCEPT,"B1,B2,CP,B3",BENIGN,No history yet; baseline assumed valid.
mix-00049,clean,,9897,False,False,ACCEPT,"B1,B2,CP,B3",BENIGN,No history yet; baseline assumed valid.
mix-00049,clean,,9879,False,False,CAUTION,"B1,B2,CP,B3",BENIGN,
mix-00049,clean,,9927,False,False,CAUTION,"B1,B2,CP,B3",BENIGN,
mix-00049,clean,,9897,False,False,CAUTION,"B1,B2,CP,B3",BENIGN,
mix-00049,clean,,9879,False,False,CAUTION,"B1,B2,CP,B3",BENIGN,
mix-00049,clean,,9927,False,False,CAUTION,"B1,B2,CP,B3",BENIGN,
mix-00049,clean,,9897,False,False,CAUTION,"B1,B2,CP,B3",BENIGN,
mix-00049,clean,,9879,False,False,CAUTION,"B1,B2,CP,B3",BENIGN,
mix-00049,clean,,9927,False,False,CAUTION,"B1,B2,CP,B3",BENIGN,
mix-00049,clean,,9897,False,False,CAUTION,"B1,B2,CP,B3",BENIGN,
mix-00049,clean,,9879,False,False,CAUTION,"B1,B2,CP,B3",BENIGN,
mix-00049,clean,,9927,False,False,CAUTION,"B1,B2,CP,B3",BENIGN,
mix-00049,clean,,9897,False,False,CAUTION,"B1,B2,CP,B3",BENIGN,
mix-00049,clean,,9879,False,False,CAUTION,"B1,B2,CP,B3",BENIGN,
mix-00049,clean,,9927,False,False,CAUTION,"B1,B2,CP,B3",BENIGN,
mix-00049,clean,,9897,False,False,CAUTION,"B1,B2,CP,B3",BENIGN,
mix-00049,clean,,9879,False,False,CAUTION,"B1,B2,CP,B3",BENIGN,
mix-00049,clean,,9927,False,False,CAUTION,"B1,B2,CP,B3",BENIGN,
mix-00049,clean,,9897,False,False,CAUTION,"B1,B2,CP,B3",BENIGN,
mix-00049,clean,,9879,False,False,CAUTION,"B1,B2,CP,B3",BENIGN,
mix-00049,clean,,9927,False,False,CAUTION,"B1,B2,CP,B3",BENIGN,
mix-00049,clean,,9897,False,False,CAUTION,"B1,B2,CP,B3",BENIGN,
mix-00049,clean,,9879,False,False,CAUTION,"B1,B2,CP,B3",BENIGN,
mix-00049,clean,,9927,False,False,CAUTION,"B1,B2,CP,B3",BENIGN,
mix-00049,clean,,9897,False,False,CAUTION,"B1,B2,CP,B3",BENIGN,
mix-00049,clean,,9879,False,False,CAUTION,"B1,B2,CP,B3",BENIGN,
mix-00049,clean,,9927,False,False,CAUTION,"B1,B2,CP,B3",BENIGN,
mix-00049,clean,,9897,False,False,CAUTION,"B1,B2,CP,B3",BENIGN,
mix-00049,clean,,9879,False,False,ACCEPT,"B1,B2,CP,B3",BENIGN,
mix-00049,clean,,9927,False,False,CAUTION,"B1,B2,CP,B3",BENIGN,
mix-00049,clean,,9897,False,False,CAUTION,"B1,B2,CP,B3",BENIGN,
mix-00049,clean,,9879,False,False,ACCEPT,"B1,B2,CP,B3",BENIGN,
mix-00049,clean,,9927,False,False,CAUTION,"B1,B2,CP,B3",BENIGN,
mix-00049,clean,,9897,False,False,CAUTION,"B1,B2,CP,B3",BENIGN,
mix-00049,clean,,9879,False,False,CAUTION,"B1,B2,CP,B3",BENIGN,
mix-00049,clean,,9927,False,False,CAUTION,"B1,B2,CP,B3",BENIGN,
mix-00049,clean,,9897,False,False,CAUTION,"B1,B2,CP,B3",BENIGN,
mix-00050,clean,,6225,False,False,ACCEPT,"B1,B2,CP,B3",BENIGN,No history yet; baseline assumed valid.
mix-00050,clean,,6249,False,False,ACCEPT,"B1,B2,CP,B3",BENIGN,No history yet; baseline assumed valid.
mix-00050,clean,,6339,False,False,ACCEPT,"B1,B2,CP,B3",BENIGN,No history yet; baseline assumed valid.
mix-00050,clean,,6225,False,False,CAUTION,"B1,B2,CP,B3",BENIGN,
mix-00050,clean,,6249,False,False,CAUTION,"B1,B2,CP,B3",BENIGN,"Speed out of bounds: 220.0 km/h (limit: [0, 180.0])"
mix-00050,clean,,6339,False,False,CAUTION,"B1,B2,CP,B3",BENIGN,"Speed out of bounds: 265.0 km/h (limit: [0, 180.0])"
mix-00050,clean,,6225,False,False,CAUTION,"B1,B2,CP,B3",BENIGN,
mix-00050,clean,,6249,False,False,ACCEPT,"B1,B2,CP,B3",BENIGN,
mix-00050,clean,,6339,False,False,ACCEPT,"B1,B2,CP,B3",BENIGN,
mix-00050,clean,,6225,False,False,ACCEPT,"B1,B2,CP,B3",BENIGN,
mix-00050,clean,,6249,False,False,ACCEPT,"B1,B2,CP,B3",BENIGN,
mix-00050,clean,,6339,False,False,ACCEPT,"B1,B2,CP,B3",BENIGN,
mix-00051,semantic_only,goal_manipulation,6627,False,True,ACCEPT,"B1,B2,CP,B3",BENIGN,No history yet; baseline assumed valid.
mix-00051,semantic_only,goal_manipulation,6759,False,False,ACCEPT,"B1,B2,CP,B3",BENIGN,No history yet; baseline assumed valid.
mix-00051,semantic_only,goal_manipulation,6663,False,False,ACCEPT,"B1,B2,CP,B3",BENIGN,No history yet; baseline assumed valid.
mix-00051,semantic_only,goal_manipulation,6627,False,True,ACCEPT,"B1,B2,CP,B3",BENIGN,
mix-00051,semantic_only,goal_manipulation,6759,False,False,ACCEPT,"B1,B2,CP,B3",BENIGN,
mix-00051,semantic_only,goal_manipulation,6663,False,False,CAUTION,"B1,B2,CP,B3",BENIGN,
mix-00051,semantic_only,goal_manipulation,6627,False,True,ACCEPT,"B1,B2,CP,B3",BENIGN,
mix-00051,semantic_only,goal_manipulation,6759,False,False,ACCEPT,"B1,B2,CP,B3",BENIGN,
mix-00051,semantic_only,goal_manipulation,6663,False,False,CAUTION,"B1,B2,CP,B3",BENIGN,
mix-00051,semantic_only,goal_manipulation,6627,False,True,ACCEPT,"B1,B2,CP,B3",BENIGN,
mix-00051,semantic_only,goal_manipulation,6759,False,False,ACCEPT,"B1,B2,CP,B3",BENIGN,
mix-00051,semantic_only,goal_manipulation,6663,False,False,CAUTION,"B1,B2,CP,B3",BENIGN,
mix-00051,semantic_only,goal_manipulation,6627,False,True,ACCEPT,"B1,B2,CP,B3",BENIGN,
mix-00051,semantic_only,goal_manipulation,6759,False,False,ACCEPT,"B1,B2,CP,B3",BENIGN,
mix-00051,semantic_only,goal_manipulation,6663,False,False,ACCEPT,"B1,B2,CP,B3",BENIGN,
mix-00051,semantic_only,goal_manipulation,6627,False,True,ACCEPT,"B1,B2,CP,B3",BENIGN,
mix-00051,semantic_only,goal_manipulation,6759,False,False,ACCEPT,"B1,B2,CP,B3",BENIGN,
mix-00051,semantic_only,goal_manipulation,6663,False,False,ACCEPT,"B1,B2,CP,B3",BENIGN,
mix-00051,semantic_only,goal_manipulation,6627,False,True,CAUTION,"B1,B2,CP,B3",BENIGN,Replay check: Identical payload matches past report from sender '6627'.
mix-00051,semantic_only,goal_manipulation,6759,False,False,ACCEPT,"B1,B2,CP,B3",BENIGN,
mix-00051,semantic_only,goal_manipulation,6663,False,False,ACCEPT,"B1,B2,CP,B3",BENIGN,
mix-00051,semantic_only,goal_manipulation,6627,False,True,ACCEPT,"B1,B2,CP,B3",BENIGN,
mix-00051,semantic_only,goal_manipulation,6759,False,False,ACCEPT,"B1,B2,CP,B3",BENIGN,
mix-00051,semantic_only,goal_manipulation,6663,False,False,CAUTION,"B1,B2,CP,B3",BENIGN,
mix-00051,semantic_only,goal_manipulation,6627,False,True,ACCEPT,"B1,B2,CP,B3",BENIGN,
mix-00051,semantic_only,goal_manipulation,6759,False,False,ACCEPT,"B1,B2,CP,B3",BENIGN,
mix-00051,semantic_only,goal_manipulation,6663,False,False,CAUTION,"B1,B2,CP,B3",BENIGN,
mix-00051,semantic_only,goal_manipulation,6627,False,True,ACCEPT,"B1,B2,CP,B3",BENIGN,
mix-00051,semantic_only,goal_manipulation,6759,False,False,ACCEPT,"B1,B2,CP,B3",BENIGN,
mix-00051,semantic_only,goal_manipulation,6663,False,False,CAUTION,"B1,B2,CP,B3",BENIGN,
mix-00051,semantic_only,goal_manipulation,6627,False,True,CAUTION,"B1,B2,CP,B3",BENIGN,Replay check: Identical payload matches past report from sender '6627'.
mix-00051,semantic_only,goal_manipulation,6759,False,False,ACCEPT,"B1,B2,CP,B3",BENIGN,
mix-00051,semantic_only,goal_manipulation,6663,False,False,CAUTION,"B1,B2,CP,B3",BENIGN,
mix-00051,semantic_only,goal_manipulation,6627,False,True,ACCEPT,"B1,B2,CP,B3",BENIGN,
mix-00051,semantic_only,goal_manipulation,6759,False,False,ACCEPT,"B1,B2,CP,B3",BENIGN,
mix-00051,semantic_only,goal_manipulation,6663,False,False,CAUTION,"B1,B2,CP,B3",BENIGN,
mix-00051,semantic_only,goal_manipulation,6627,False,True,ACCEPT,"B1,B2,CP,B3",BENIGN,
mix-00051,semantic_only,goal_manipulation,6759,False,False,ACCEPT,"B1,B2,CP,B3",BENIGN,
mix-00051,semantic_only,goal_manipulation,6663,False,False,CAUTION,"B1,B2,CP,B3",BENIGN,
mix-00051,semantic_only,goal_manipulation,6627,False,True,ACCEPT,"B1,B2,CP,B3",BENIGN,
mix-00051,semantic_only,goal_manipulation,6759,False,False,ACCEPT,"B1,B2,CP,B3",BENIGN,
mix-00051,semantic_only,goal_manipulation,6663,False,False,CAUTION,"B1,B2,CP,B3",BENIGN,
mix-00051,semantic_only,goal_manipulation,6627,False,True,ACCEPT,"B1,B2,CP,B3",BENIGN,
mix-00051,semantic_only,goal_manipulation,6759,False,False,ACCEPT,"B1,B2,CP,B3",BENIGN,
mix-00051,semantic_only,goal_manipulation,6663,False,False,CAUTION,"B1,B2,CP,B3",BENIGN,
mix-00051,semantic_only,goal_manipulation,6627,False,True,ACCEPT,"B1,B2,CP,B3",BENIGN,
mix-00051,semantic_only,goal_manipulation,6759,False,False,ACCEPT,"B1,B2,CP,B3",BENIGN,
mix-00051,semantic_only,goal_manipulation,6663,False,False,ACCEPT,"B1,B2,CP,B3",BENIGN,
mix-00051,semantic_only,goal_manipulation,6627,False,True,ACCEPT,"B1,B2,CP,B3",BENIGN,
mix-00051,semantic_only,goal_manipulation,6759,False,False,ACCEPT,"B1,B2,CP,B3",BENIGN,
mix-00051,semantic_only,goal_manipulation,6663,False,False,ACCEPT,"B1,B2,CP,B3",BENIGN,
mix-00051,semantic_only,goal_manipulation,6627,False,True,ACCEPT,"B1,B2,CP,B3",BENIGN,
mix-00051,semantic_only,goal_manipulation,6759,False,False,ACCEPT,"B1,B2,CP,B3",BENIGN,
mix-00051,semantic_only,goal_manipulation,6663,False,False,CAUTION,"B1,B2,CP,B3",BENIGN,
mix-00052,semantic_only,authority_override,7167,False,False,ACCEPT,"B1,B2,CP,B3",BENIGN,No history yet; baseline assumed valid.
mix-00052,semantic_only,authority_override,7161,False,False,ACCEPT,"B1,B2,CP,B3",BENIGN,No history yet; baseline assumed valid.
mix-00052,semantic_only,authority_override,7149,False,True,REJECT,"B1,B2,CP,B3",MALICIOUS,No history yet; baseline assumed valid.
mix-00052,semantic_only,authority_override,7167,False,False,ACCEPT,"B1,B2,CP,B3",BENIGN,
mix-00052,semantic_only,authority_override,7161,False,False,CAUTION,"B1,B2,CP,B3",BENIGN,
mix-00052,semantic_only,authority_override,7149,False,True,REJECT,"B1,B2,CP,B3",MALICIOUS,
mix-00052,semantic_only,authority_override,7167,False,False,ACCEPT,"B1,B2,CP,B3",BENIGN,
mix-00052,semantic_only,authority_override,7161,False,False,CAUTION,"B1,B2,CP,B3",BENIGN,
mix-00052,semantic_only,authority_override,7149,False,True,REJECT,"B1,B2,CP,B3",MALICIOUS,
mix-00053,semantic_only,instruction_injection,9885,False,True,REJECT,"B1,B2,CP,B3",MALICIOUS,No history yet; baseline assumed valid.
mix-00053,semantic_only,instruction_injection,9861,False,False,ACCEPT,"B1,B2,CP,B3",BENIGN,No history yet; baseline assumed valid.
mix-00053,semantic_only,instruction_injection,9867,False,False,ACCEPT,"B1,B2,CP,B3",BENIGN,No history yet; baseline assumed valid.
mix-00053,semantic_only,instruction_injection,9885,False,True,REJECT,"B1,B2,CP,B3",MALICIOUS,
mix-00053,semantic_only,instruction_injection,9861,False,False,CAUTION,"B1,B2,CP,B3",BENIGN,Constant Position check: Vehicle reports movement (avg speed 17.00 km/h) but displacement is only 0.11m over 1000.00s.
mix-00053,semantic_only,instruction_injection,9867,False,False,ACCEPT,"B1,B2,CP,B3",BENIGN,
mix-00053,semantic_only,instruction_injection,9885,False,True,REJECT,"B1,B2,CP,B3",MALICIOUS,
mix-00053,semantic_only,instruction_injection,9861,False,False,CAUTION,"B1,B2,CP,B3",BENIGN,Constant Position check: Vehicle reports movement (avg speed 11.50 km/h) but displacement is only 0.13m over 2000.00s.
mix-00053,semantic_only,instruction_injection,9867,False,False,ACCEPT,"B1,B2,CP,B3",BENIGN,
mix-00053,semantic_only,instruction_injection,9885,False,True,REJECT,"B1,B2,CP,B3",MALICIOUS,
mix-00053,semantic_only,instruction_injection,9861,False,False,CAUTION,"B1,B2,CP,B3",BENIGN,Constant Position check: Vehicle reports movement (avg speed 8.33 km/h) but displacement is only 0.17m over 3000.00s.
mix-00053,semantic_only,instruction_injection,9867,False,False,ACCEPT,"B1,B2,CP,B3",BENIGN,
mix-00053,semantic_only,instruction_injection,9885,False,True,REJECT,"B1,B2,CP,B3",MALICIOUS,
mix-00053,semantic_only,instruction_injection,9861,False,False,CAUTION,"B1,B2,CP,B3",BENIGN,Constant Position check: Vehicle reports movement (avg speed 6.50 km/h) but displacement is only 0.17m over 4000.00s.
mix-00053,semantic_only,instruction_injection,9867,False,False,ACCEPT,"B1,B2,CP,B3",BENIGN,
mix-00053,semantic_only,instruction_injection,9885,False,True,REJECT,"B1,B2,CP,B3",MALICIOUS,
mix-00053,semantic_only,instruction_injection,9861,False,False,CAUTION,"B1,B2,CP,B3",BENIGN,Constant Position check: Vehicle reports movement (avg speed 5.20 km/h) but displacement is only 0.17m over 5000.00s.
mix-00053,semantic_only,instruction_injection,9867,False,False,ACCEPT,"B1,B2,CP,B3",BENIGN,
mix-00053,semantic_only,instruction_injection,9885,False,True,REJECT,"B1,B2,CP,B3",MALICIOUS,
mix-00053,semantic_only,instruction_injection,9861,False,False,ACCEPT,"B1,B2,CP,B3",BENIGN,
mix-00053,semantic_only,instruction_injection,9867,False,False,ACCEPT,"B1,B2,CP,B3",BENIGN,
mix-00053,semantic_only,instruction_injection,9885,False,True,REJECT,"B1,B2,CP,B3",MALICIOUS,
mix-00053,semantic_only,instruction_injection,9861,False,False,ACCEPT,"B1,B2,CP,B3",BENIGN,
mix-00053,semantic_only,instruction_injection,9867,False,False,ACCEPT,"B1,B2,CP,B3",BENIGN,
mix-00053,semantic_only,instruction_injection,9885,False,True,REJECT,"B1,B2,CP,B3",MALICIOUS,
mix-00053,semantic_only,instruction_injection,9861,False,False,ACCEPT,"B1,B2,CP,B3",BENIGN,
mix-00053,semantic_only,instruction_injection,9867,False,False,ACCEPT,"B1,B2,CP,B3",BENIGN,
mix-00053,semantic_only,instruction_injection,9885,False,True,REJECT,"B1,B2,CP,B3",MALICIOUS,
mix-00053,semantic_only,instruction_injection,9861,False,False,ACCEPT,"B1,B2,CP,B3",BENIGN,
mix-00053,semantic_only,instruction_injection,9867,False,False,ACCEPT,"B1,B2,CP,B3",BENIGN,
mix-00053,semantic_only,instruction_injection,9885,False,True,REJECT,"B1,B2,CP,B3",MALICIOUS,
mix-00053,semantic_only,instruction_injection,9861,False,False,ACCEPT,"B1,B2,CP,B3",BENIGN,
mix-00053,semantic_only,instruction_injection,9867,False,False,ACCEPT,"B1,B2,CP,B3",BENIGN,
mix-00053,semantic_only,instruction_injection,9885,False,True,REJECT,"B1,B2,CP,B3",MALICIOUS,
mix-00053,semantic_only,instruction_injection,9861,False,False,ACCEPT,"B1,B2,CP,B3",BENIGN,
mix-00053,semantic_only,instruction_injection,9867,False,False,CAUTION,"B1,B2,CP,B3",BENIGN,
mix-00053,semantic_only,instruction_injection,9885,False,True,REJECT,"B1,B2,CP,B3",MALICIOUS,
mix-00053,semantic_only,instruction_injection,9861,False,False,ACCEPT,"B1,B2,CP,B3",BENIGN,
mix-00053,semantic_only,instruction_injection,9867,False,False,ACCEPT,"B1,B2,CP,B3",BENIGN,
mix-00053,semantic_only,instruction_injection,9885,False,True,REJECT,"B1,B2,CP,B3",MALICIOUS,
mix-00053,semantic_only,instruction_injection,9861,False,False,CAUTION,"B1,B2,CP,B3",BENIGN,"Speed out of bounds: 182.0 km/h (limit: [0, 180.0])"
mix-00053,semantic_only,instruction_injection,9867,False,False,ACCEPT,"B1,B2,CP,B3",BENIGN,
mix-00053,semantic_only,instruction_injection,9885,False,True,REJECT,"B1,B2,CP,B3",MALICIOUS,
mix-00053,semantic_only,instruction_injection,9861,False,False,ACCEPT,"B1,B2,CP,B3",BENIGN,
mix-00053,semantic_only,instruction_injection,9867,False,False,ACCEPT,"B1,B2,CP,B3",BENIGN,
mix-00053,semantic_only,instruction_injection,9885,False,True,REJECT,"B1,B2,CP,B3",MALICIOUS,
mix-00053,semantic_only,instruction_injection,9861,False,False,ACCEPT,"B1,B2,CP,B3",BENIGN,
mix-00053,semantic_only,instruction_injection,9867,False,False,ACCEPT,"B1,B2,CP,B3",BENIGN,
mix-00053,semantic_only,instruction_injection,9885,False,True,REJECT,"B1,B2,CP,B3",MALICIOUS,
mix-00053,semantic_only,instruction_injection,9861,False,False,ACCEPT,"B1,B2,CP,B3",BENIGN,
mix-00053,semantic_only,instruction_injection,9867,False,False,CAUTION,"B1,B2,CP,B3",BENIGN,
mix-00053,semantic_only,instruction_injection,9885,False,True,REJECT,"B1,B2,CP,B3",MALICIOUS,
mix-00053,semantic_only,instruction_injection,9861,False,False,ACCEPT,"B1,B2,CP,B3",BENIGN,
mix-00053,semantic_only,instruction_injection,9867,False,False,CAUTION,"B1,B2,CP,B3",BENIGN,
mix-00053,semantic_only,instruction_injection,9885,False,True,REJECT,"B1,B2,CP,B3",MALICIOUS,
mix-00053,semantic_only,instruction_injection,9861,False,False,CAUTION,"B1,B2,CP,B3",BENIGN,
mix-00053,semantic_only,instruction_injection,9867,False,False,CAUTION,"B1,B2,CP,B3",BENIGN,
mix-00053,semantic_only,instruction_injection,9885,False,True,REJECT,"B1,B2,CP,B3",MALICIOUS,
mix-00053,semantic_only,instruction_injection,9861,False,False,CAUTION,"B1,B2,CP,B3",BENIGN,
mix-00053,semantic_only,instruction_injection,9867,False,False,CAUTION,"B1,B2,CP,B3",BENIGN,
mix-00053,semantic_only,instruction_injection,9885,False,True,REJECT,"B1,B2,CP,B3",MALICIOUS,
mix-00053,semantic_only,instruction_injection,9861,False,False,CAUTION,"B1,B2,CP,B3",BENIGN,
mix-00053,semantic_only,instruction_injection,9867,False,False,CAUTION,"B1,B2,CP,B3",BENIGN,
mix-00053,semantic_only,instruction_injection,9885,False,True,REJECT,"B1,B2,CP,B3",MALICIOUS,
mix-00053,semantic_only,instruction_injection,9861,False,False,CAUTION,"B1,B2,CP,B3",BENIGN,
mix-00053,semantic_only,instruction_injection,9867,False,False,CAUTION,"B1,B2,CP,B3",BENIGN,
mix-00053,semantic_only,instruction_injection,9885,False,True,REJECT,"B1,B2,CP,B3",MALICIOUS,
mix-00053,semantic_only,instruction_injection,9861,False,False,CAUTION,"B1,B2,CP,B3",BENIGN,
mix-00053,semantic_only,instruction_injection,9867,False,False,CAUTION,"B1,B2,CP,B3",BENIGN,
mix-00053,semantic_only,instruction_injection,9885,False,True,REJECT,"B1,B2,CP,B3",MALICIOUS,
mix-00053,semantic_only,instruction_injection,9861,False,False,CAUTION,"B1,B2,CP,B3",BENIGN,
mix-00053,semantic_only,instruction_injection,9867,False,False,CAUTION,"B1,B2,CP,B3",BENIGN,
mix-00053,semantic_only,instruction_injection,9885,False,True,REJECT,"B1,B2,CP,B3",MALICIOUS,
mix-00053,semantic_only,instruction_injection,9861,False,False,CAUTION,"B1,B2,CP,B3",BENIGN,
mix-00053,semantic_only,instruction_injection,9867,False,False,CAUTION,"B1,B2,CP,B3",BENIGN,
mix-00053,semantic_only,instruction_injection,9885,False,True,REJECT,"B1,B2,CP,B3",MALICIOUS,
mix-00053,semantic_only,instruction_injection,9861,False,False,CAUTION,"B1,B2,CP,B3",BENIGN,
mix-00053,semantic_only,instruction_injection,9867,False,False,CAUTION,"B1,B2,CP,B3",BENIGN,
mix-00053,semantic_only,instruction_injection,9885,False,True,REJECT,"B1,B2,CP,B3",MALICIOUS,
mix-00053,semantic_only,instruction_injection,9861,False,False,CAUTION,"B1,B2,CP,B3",BENIGN,
mix-00053,semantic_only,instruction_injection,9867,False,False,CAUTION,"B1,B2,CP,B3",BENIGN,
mix-00053,semantic_only,instruction_injection,9885,False,True,REJECT,"B1,B2,CP,B3",MALICIOUS,
mix-00053,semantic_only,instruction_injection,9861,False,False,CAUTION,"B1,B2,CP,B3",BENIGN,
mix-00053,semantic_only,instruction_injection,9867,False,False,CAUTION,"B1,B2,CP,B3",BENIGN,
mix-00053,semantic_only,instruction_injection,9885,False,True,REJECT,"B1,B2,CP,B3",MALICIOUS,
mix-00053,semantic_only,instruction_injection,9861,False,False,CAUTION,"B1,B2,CP,B3",BENIGN,
mix-00053,semantic_only,instruction_injection,9867,False,False,CAUTION,"B1,B2,CP,B3",BENIGN,
mix-00053,semantic_only,instruction_injection,9885,False,True,REJECT,"B1,B2,CP,B3",MALICIOUS,
mix-00053,semantic_only,instruction_injection,9861,False,False,CAUTION,"B1,B2,CP,B3",BENIGN,
mix-00053,semantic_only,instruction_injection,9867,False,False,CAUTION,"B1,B2,CP,B3",BENIGN,
mix-00053,semantic_only,instruction_injection,9885,False,True,REJECT,"B1,B2,CP,B3",MALICIOUS,
mix-00053,semantic_only,instruction_injection,9861,False,False,CAUTION,"B1,B2,CP,B3",BENIGN,
mix-00053,semantic_only,instruction_injection,9867,False,False,CAUTION,"B1,B2,CP,B3",BENIGN,
mix-00053,semantic_only,instruction_injection,9885,False,True,REJECT,"B1,B2,CP,B3",MALICIOUS,
mix-00053,semantic_only,instruction_injection,9861,False,False,CAUTION,"B1,B2,CP,B3",BENIGN,
mix-00053,semantic_only,instruction_injection,9867,False,False,CAUTION,"B1,B2,CP,B3",BENIGN,
mix-00053,semantic_only,instruction_injection,9885,False,True,REJECT,"B1,B2,CP,B3",MALICIOUS,
mix-00053,semantic_only,instruction_injection,9861,False,False,CAUTION,"B1,B2,CP,B3",BENIGN,
mix-00053,semantic_only,instruction_injection,9867,False,False,CAUTION,"B1,B2,CP,B3",BENIGN,
mix-00053,semantic_only,instruction_injection,9885,False,True,REJECT,"B1,B2,CP,B3",MALICIOUS,
mix-00053,semantic_only,instruction_injection,9861,False,False,CAUTION,"B1,B2,CP,B3",BENIGN,
mix-00053,semantic_only,instruction_injection,9867,False,False,CAUTION,"B1,B2,CP,B3",BENIGN,
mix-00053,semantic_only,instruction_injection,9885,False,True,REJECT,"B1,B2,CP,B3",MALICIOUS,
mix-00053,semantic_only,instruction_injection,9861,False,False,CAUTION,"B1,B2,CP,B3",BENIGN,
mix-00053,semantic_only,instruction_injection,9867,False,False,CAUTION,"B1,B2,CP,B3",BENIGN,
mix-00053,semantic_only,instruction_injection,9885,False,True,REJECT,"B1,B2,CP,B3",MALICIOUS,
mix-00053,semantic_only,instruction_injection,9861,False,False,CAUTION,"B1,B2,CP,B3",BENIGN,
mix-00053,semantic_only,instruction_injection,9867,False,False,CAUTION,"B1,B2,CP,B3",BENIGN,
mix-00053,semantic_only,instruction_injection,9885,False,True,REJECT,"B1,B2,CP,B3",MALICIOUS,
mix-00053,semantic_only,instruction_injection,9861,False,False,CAUTION,"B1,B2,CP,B3",BENIGN,
mix-00053,semantic_only,instruction_injection,9867,False,False,CAUTION,"B1,B2,CP,B3",BENIGN,
mix-00053,semantic_only,instruction_injection,9885,False,True,REJECT,"B1,B2,CP,B3",MALICIOUS,
mix-00053,semantic_only,instruction_injection,9861,False,False,CAUTION,"B1,B2,CP,B3",BENIGN,
mix-00053,semantic_only,instruction_injection,9867,False,False,CAUTION,"B1,B2,CP,B3",BENIGN,
mix-00053,semantic_only,instruction_injection,9885,False,True,REJECT,"B1,B2,CP,B3",MALICIOUS,
mix-00053,semantic_only,instruction_injection,9861,False,False,CAUTION,"B1,B2,CP,B3",BENIGN,
mix-00053,semantic_only,instruction_injection,9867,False,False,CAUTION,"B1,B2,CP,B3",BENIGN,
mix-00053,semantic_only,instruction_injection,9885,False,True,REJECT,"B1,B2,CP,B3",MALICIOUS,
mix-00053,semantic_only,instruction_injection,9861,False,False,CAUTION,"B1,B2,CP,B3",BENIGN,
mix-00053,semantic_only,instruction_injection,9867,False,False,CAUTION,"B1,B2,CP,B3",BENIGN,
mix-00053,semantic_only,instruction_injection,9885,False,True,REJECT,"B1,B2,CP,B3",MALICIOUS,
mix-00053,semantic_only,instruction_injection,9861,False,False,CAUTION,"B1,B2,CP,B3",BENIGN,
mix-00053,semantic_only,instruction_injection,9867,False,False,CAUTION,"B1,B2,CP,B3",BENIGN,
mix-00053,semantic_only,instruction_injection,9885,False,True,REJECT,"B1,B2,CP,B3",MALICIOUS,
mix-00053,semantic_only,instruction_injection,9861,False,False,CAUTION,"B1,B2,CP,B3",BENIGN,
mix-00053,semantic_only,instruction_injection,9867,False,False,CAUTION,"B1,B2,CP,B3",BENIGN,
mix-00053,semantic_only,instruction_injection,9885,False,True,REJECT,"B1,B2,CP,B3",MALICIOUS,
mix-00053,semantic_only,instruction_injection,9861,False,False,CAUTION,"B1,B2,CP,B3",BENIGN,
mix-00053,semantic_only,instruction_injection,9867,False,False,CAUTION,"B1,B2,CP,B3",BENIGN,
mix-00053,semantic_only,instruction_injection,9885,False,True,REJECT,"B1,B2,CP,B3",MALICIOUS,
mix-00053,semantic_only,instruction_injection,9861,False,False,CAUTION,"B1,B2,CP,B3",BENIGN,
mix-00053,semantic_only,instruction_injection,9867,False,False,CAUTION,"B1,B2,CP,B3",BENIGN,
mix-00053,semantic_only,instruction_injection,9885,False,True,REJECT,"B1,B2,CP,B3",MALICIOUS,
mix-00053,semantic_only,instruction_injection,9861,False,False,CAUTION,"B1,B2,CP,B3",BENIGN,
mix-00053,semantic_only,instruction_injection,9867,False,False,CAUTION,"B1,B2,CP,B3",BENIGN,
mix-00053,semantic_only,instruction_injection,9885,False,True,REJECT,"B1,B2,CP,B3",MALICIOUS,
mix-00053,semantic_only,instruction_injection,9861,False,False,CAUTION,"B1,B2,CP,B3",BENIGN,
mix-00053,semantic_only,instruction_injection,9867,False,False,CAUTION,"B1,B2,CP,B3",BENIGN,
mix-00053,semantic_only,instruction_injection,9885,False,True,REJECT,"B1,B2,CP,B3",MALICIOUS,
mix-00053,semantic_only,instruction_injection,9861,False,False,CAUTION,"B1,B2,CP,B3",BENIGN,
mix-00053,semantic_only,instruction_injection,9867,False,False,CAUTION,"B1,B2,CP,B3",BENIGN,
mix-00053,semantic_only,instruction_injection,9885,False,True,REJECT,"B1,B2,CP,B3",MALICIOUS,
mix-00053,semantic_only,instruction_injection,9861,False,False,CAUTION,"B1,B2,CP,B3",BENIGN,
mix-00053,semantic_only,instruction_injection,9867,False,False,ACCEPT,"B1,B2,CP,B3",BENIGN,
mix-00053,semantic_only,instruction_injection,9885,False,True,REJECT,"B1,B2,CP,B3",MALICIOUS,
mix-00053,semantic_only,instruction_injection,9861,False,False,CAUTION,"B1,B2,CP,B3",BENIGN,
mix-00053,semantic_only,instruction_injection,9867,False,False,ACCEPT,"B1,B2,CP,B3",BENIGN,
mix-00053,semantic_only,instruction_injection,9885,False,True,REJECT,"B1,B2,CP,B3",MALICIOUS,
mix-00053,semantic_only,instruction_injection,9861,False,False,CAUTION,"B1,B2,CP,B3",BENIGN,
mix-00053,semantic_only,instruction_injection,9867,False,False,ACCEPT,"B1,B2,CP,B3",BENIGN,
mix-00053,semantic_only,instruction_injection,9885,False,True,REJECT,"B1,B2,CP,B3",MALICIOUS,
mix-00053,semantic_only,instruction_injection,9861,False,False,CAUTION,"B1,B2,CP,B3",BENIGN,
mix-00053,semantic_only,instruction_injection,9867,False,False,ACCEPT,"B1,B2,CP,B3",BENIGN,
mix-00053,semantic_only,instruction_injection,9885,False,True,REJECT,"B1,B2,CP,B3",MALICIOUS,
mix-00053,semantic_only,instruction_injection,9861,False,False,CAUTION,"B1,B2,CP,B3",BENIGN,
mix-00053,semantic_only,instruction_injection,9867,False,False,ACCEPT,"B1,B2,CP,B3",BENIGN,
mix-00053,semantic_only,instruction_injection,9885,False,True,REJECT,"B1,B2,CP,B3",MALICIOUS,
mix-00053,semantic_only,instruction_injection,9861,False,False,CAUTION,"B1,B2,CP,B3",BENIGN,
mix-00053,semantic_only,instruction_injection,9867,False,False,CAUTION,"B1,B2,CP,B3",BENIGN,"Speed out of bounds: 260.0 km/h (limit: [0, 180.0])"
mix-00053,semantic_only,instruction_injection,9885,False,True,REJECT,"B1,B2,CP,B3",MALICIOUS,
mix-00053,semantic_only,instruction_injection,9861,False,False,CAUTION,"B1,B2,CP,B3",BENIGN,
mix-00053,semantic_only,instruction_injection,9867,False,False,CAUTION,"B1,B2,CP,B3",BENIGN,
mix-00053,semantic_only,instruction_injection,9885,False,True,REJECT,"B1,B2,CP,B3",MALICIOUS,
mix-00053,semantic_only,instruction_injection,9861,False,False,CAUTION,"B1,B2,CP,B3",BENIGN,
mix-00053,semantic_only,instruction_injection,9867,False,False,CAUTION,"B1,B2,CP,B3",BENIGN,
mix-00053,semantic_only,instruction_injection,9885,False,True,REJECT,"B1,B2,CP,B3",MALICIOUS,
mix-00053,semantic_only,instruction_injection,9861,False,False,CAUTION,"B1,B2,CP,B3",BENIGN,
mix-00053,semantic_only,instruction_injection,9867,False,False,ACCEPT,"B1,B2,CP,B3",BENIGN,
mix-00053,semantic_only,instruction_injection,9885,False,True,REJECT,"B1,B2,CP,B3",MALICIOUS,Constant Position check: Vehicle reports movement (avg speed 30.60 km/h) but displacement is only 0.93m over 5000.00s.
mix-00053,semantic_only,instruction_injection,9861,False,False,ACCEPT,"B1,B2,CP,B3",BENIGN,
mix-00053,semantic_only,instruction_injection,9867,False,False,ACCEPT,"B1,B2,CP,B3",BENIGN,
mix-00053,semantic_only,instruction_injection,9885,False,True,REJECT,"B1,B2,CP,B3",MALICIOUS,Constant Position check: Vehicle reports movement (avg speed 11.60 km/h) but displacement is only 0.36m over 4999.99s.
mix-00053,semantic_only,instruction_injection,9861,False,False,ACCEPT,"B1,B2,CP,B3",BENIGN,
mix-00053,semantic_only,instruction_injection,9867,False,False,CAUTION,"B1,B2,CP,B3",BENIGN,
mix-00053,semantic_only,instruction_injection,9885,False,True,REJECT,"B1,B2,CP,B3",MALICIOUS,
mix-00053,semantic_only,instruction_injection,9861,False,False,ACCEPT,"B1,B2,CP,B3",BENIGN,
mix-00053,semantic_only,instruction_injection,9867,False,False,CAUTION,"B1,B2,CP,B3",BENIGN,"Speed out of bounds: 298.0 km/h (limit: [0, 180.0])"
mix-00053,semantic_only,instruction_injection,9885,False,True,REJECT,"B1,B2,CP,B3",MALICIOUS,
mix-00053,semantic_only,instruction_injection,9861,False,False,ACCEPT,"B1,B2,CP,B3",BENIGN,
mix-00053,semantic_only,instruction_injection,9867,False,False,CAUTION,"B1,B2,CP,B3",BENIGN,
mix-00053,semantic_only,instruction_injection,9885,False,True,REJECT,"B1,B2,CP,B3",MALICIOUS,
mix-00053,semantic_only,instruction_injection,9861,False,False,CAUTION,"B1,B2,CP,B3",BENIGN,"Speed out of bounds: 250.0 km/h (limit: [0, 180.0])"
mix-00053,semantic_only,instruction_injection,9867,False,False,CAUTION,"B1,B2,CP,B3",BENIGN,
mix-00053,semantic_only,instruction_injection,9885,False,True,REJECT,"B1,B2,CP,B3",MALICIOUS,
mix-00053,semantic_only,instruction_injection,9861,False,False,CAUTION,"B1,B2,CP,B3",BENIGN,
mix-00053,semantic_only,instruction_injection,9867,False,False,ACCEPT,"B1,B2,CP,B3",BENIGN,
mix-00053,semantic_only,instruction_injection,9885,False,True,REJECT,"B1,B2,CP,B3",MALICIOUS,
mix-00053,semantic_only,instruction_injection,9861,False,False,CAUTION,"B1,B2,CP,B3",BENIGN,
mix-00053,semantic_only,instruction_injection,9867,False,False,ACCEPT,"B1,B2,CP,B3",BENIGN,
mix-00054,clean,,9477,False,False,ACCEPT,"B1,B2,CP,B3",BENIGN,No history yet; baseline assumed valid.
mix-00054,clean,,9483,False,False,ACCEPT,"B1,B2,CP,B3",BENIGN,No history yet; baseline assumed valid.
mix-00054,clean,,9465,False,False,ACCEPT,"B1,B2,CP,B3",BENIGN,No history yet; baseline assumed valid.
mix-00054,clean,,9477,False,False,ACCEPT,"B1,B2,CP,B3",BENIGN,
mix-00054,clean,,9483,False,False,CAUTION,"B1,B2,CP,B3",BENIGN,
mix-00054,clean,,9465,False,False,CAUTION,"B1,B2,CP,B3",BENIGN,
mix-00054,clean,,9477,False,False,ACCEPT,"B1,B2,CP,B3",BENIGN,
mix-00054,clean,,9483,False,False,CAUTION,"B1,B2,CP,B3",BENIGN,
mix-00054,clean,,9465,False,False,CAUTION,"B1,B2,CP,B3",BENIGN,
mix-00054,clean,,9477,False,False,ACCEPT,"B1,B2,CP,B3",BENIGN,
mix-00054,clean,,9483,False,False,CAUTION,"B1,B2,CP,B3",BENIGN,
mix-00054,clean,,9465,False,False,CAUTION,"B1,B2,CP,B3",BENIGN,
mix-00054,clean,,9477,False,False,ACCEPT,"B1,B2,CP,B3",BENIGN,
mix-00054,clean,,9483,False,False,ACCEPT,"B1,B2,CP,B3",BENIGN,
mix-00054,clean,,9465,False,False,CAUTION,"B1,B2,CP,B3",BENIGN,
mix-00054,clean,,9477,False,False,CAUTION,"B1,B2,CP,B3",BENIGN,
mix-00054,clean,,9483,False,False,ACCEPT,"B1,B2,CP,B3",BENIGN,
mix-00054,clean,,9465,False,False,CAUTION,"B1,B2,CP,B3",BENIGN,
mix-00054,clean,,9477,False,False,CAUTION,"B1,B2,CP,B3",BENIGN,
mix-00054,clean,,9483,False,False,ACCEPT,"B1,B2,CP,B3",BENIGN,
mix-00054,clean,,9465,False,False,ACCEPT,"B1,B2,CP,B3",BENIGN,
mix-00054,clean,,9477,False,False,CAUTION,"B1,B2,CP,B3",BENIGN,
mix-00054,clean,,9483,False,False,CAUTION,"B1,B2,CP,B3",BENIGN,
mix-00054,clean,,9465,False,False,ACCEPT,"B1,B2,CP,B3",BENIGN,
mix-00054,clean,,9477,False,False,ACCEPT,"B1,B2,CP,B3",BENIGN,
mix-00054,clean,,9483,False,False,CAUTION,"B1,B2,CP,B3",BENIGN,
mix-00054,clean,,9465,False,False,ACCEPT,"B1,B2,CP,B3",BENIGN,
mix-00054,clean,,9477,False,False,ACCEPT,"B1,B2,CP,B3",BENIGN,
mix-00054,clean,,9483,False,False,CAUTION,"B1,B2,CP,B3",BENIGN,
mix-00054,clean,,9465,False,False,CAUTION,"B1,B2,CP,B3",BENIGN,
mix-00054,clean,,9477,False,False,ACCEPT,"B1,B2,CP,B3",BENIGN,
mix-00054,clean,,9483,False,False,CAUTION,"B1,B2,CP,B3",BENIGN,
mix-00054,clean,,9465,False,False,CAUTION,"B1,B2,CP,B3",BENIGN,
mix-00054,clean,,9477,False,False,ACCEPT,"B1,B2,CP,B3",BENIGN,
mix-00054,clean,,9483,False,False,CAUTION,"B1,B2,CP,B3",BENIGN,
mix-00054,clean,,9465,False,False,CAUTION,"B1,B2,CP,B3",BENIGN,
mix-00054,clean,,9477,False,False,ACCEPT,"B1,B2,CP,B3",BENIGN,
mix-00054,clean,,9483,False,False,CAUTION,"B1,B2,CP,B3",BENIGN,
mix-00054,clean,,9465,False,False,CAUTION,"B1,B2,CP,B3",BENIGN,
mix-00054,clean,,9477,False,False,CAUTION,"B1,B2,CP,B3",BENIGN,
mix-00054,clean,,9483,False,False,CAUTION,"B1,B2,CP,B3",BENIGN,
mix-00054,clean,,9465,False,False,CAUTION,"B1,B2,CP,B3",BENIGN,
mix-00054,clean,,9477,False,False,CAUTION,"B1,B2,CP,B3",BENIGN,
mix-00054,clean,,9483,False,False,CAUTION,"B1,B2,CP,B3",BENIGN,
mix-00054,clean,,9465,False,False,CAUTION,"B1,B2,CP,B3",BENIGN,
mix-00054,clean,,9477,False,False,CAUTION,"B1,B2,CP,B3",BENIGN,
mix-00054,clean,,9483,False,False,CAUTION,"B1,B2,CP,B3",BENIGN,
mix-00054,clean,,9465,False,False,CAUTION,"B1,B2,CP,B3",BENIGN,
mix-00054,clean,,9477,False,False,CAUTION,"B1,B2,CP,B3",BENIGN,
mix-00054,clean,,9483,False,False,CAUTION,"B1,B2,CP,B3",BENIGN,
mix-00054,clean,,9465,False,False,CAUTION,"B1,B2,CP,B3",BENIGN,
mix-00054,clean,,9477,False,False,CAUTION,"B1,B2,CP,B3",BENIGN,
mix-00054,clean,,9483,False,False,CAUTION,"B1,B2,CP,B3",BENIGN,
mix-00054,clean,,9465,False,False,CAUTION,"B1,B2,CP,B3",BENIGN,
mix-00054,clean,,9477,False,False,CAUTION,"B1,B2,CP,B3",BENIGN,
mix-00054,clean,,9483,False,False,CAUTION,"B1,B2,CP,B3",BENIGN,
mix-00054,clean,,9465,False,False,CAUTION,"B1,B2,CP,B3",BENIGN,
mix-00054,clean,,9477,False,False,CAUTION,"B1,B2,CP,B3",BENIGN,
mix-00054,clean,,9483,False,False,CAUTION,"B1,B2,CP,B3",BENIGN,
mix-00054,clean,,9465,False,False,CAUTION,"B1,B2,CP,B3",BENIGN,
mix-00054,clean,,9477,False,False,CAUTION,"B1,B2,CP,B3",BENIGN,
mix-00054,clean,,9483,False,False,CAUTION,"B1,B2,CP,B3",BENIGN,
mix-00054,clean,,9465,False,False,CAUTION,"B1,B2,CP,B3",BENIGN,
mix-00054,clean,,9477,False,False,CAUTION,"B1,B2,CP,B3",BENIGN,
mix-00054,clean,,9483,False,False,CAUTION,"B1,B2,CP,B3",BENIGN,
mix-00054,clean,,9465,False,False,CAUTION,"B1,B2,CP,B3",BENIGN,
mix-00054,clean,,9477,False,False,CAUTION,"B1,B2,CP,B3",BENIGN,
mix-00054,clean,,9483,False,False,CAUTION,"B1,B2,CP,B3",BENIGN,
mix-00054,clean,,9465,False,False,CAUTION,"B1,B2,CP,B3",BENIGN,
mix-00054,clean,,9477,False,False,CAUTION,"B1,B2,CP,B3",BENIGN,
mix-00054,clean,,9483,False,False,CAUTION,"B1,B2,CP,B3",BENIGN,
mix-00054,clean,,9465,False,False,CAUTION,"B1,B2,CP,B3",BENIGN,
mix-00054,clean,,9477,False,False,CAUTION,"B1,B2,CP,B3",BENIGN,
mix-00054,clean,,9483,False,False,CAUTION,"B1,B2,CP,B3",BENIGN,
mix-00054,clean,,9465,False,False,CAUTION,"B1,B2,CP,B3",BENIGN,
mix-00054,clean,,9477,False,False,CAUTION,"B1,B2,CP,B3",BENIGN,
mix-00054,clean,,9483,False,False,CAUTION,"B1,B2,CP,B3",BENIGN,
mix-00054,clean,,9465,False,False,CAUTION,"B1,B2,CP,B3",BENIGN,
mix-00054,clean,,9477,False,False,CAUTION,"B1,B2,CP,B3",BENIGN,
mix-00054,clean,,9483,False,False,CAUTION,"B1,B2,CP,B3",BENIGN,
mix-00054,clean,,9465,False,False,CAUTION,"B1,B2,CP,B3",BENIGN,
mix-00055,kinematic_only,,9861,False,False,ACCEPT,"B1,B2,CP,B3",BENIGN,No history yet; baseline assumed valid.
mix-00055,kinematic_only,,9831,True,False,ACCEPT,"B1,B2,CP,B3",BENIGN,No history yet; baseline assumed valid.
mix-00055,kinematic_only,,9849,False,False,ACCEPT,"B1,B2,CP,B3",BENIGN,No history yet; baseline assumed valid.
mix-00055,kinematic_only,,9867,False,False,ACCEPT,"B1,B2,CP,B3",BENIGN,No history yet; baseline assumed valid.
mix-00055,kinematic_only,,9861,False,False,ACCEPT,"B1,B2,CP,B3",BENIGN,
mix-00055,kinematic_only,,9831,True,False,CAUTION,"B1,B2,CP,B3",BENIGN,Constant Position check: Vehicle reports movement (avg speed 51.70 km/h) but displacement is only 0.00m over 1000.00s.
mix-00055,kinematic_only,,9849,False,False,CAUTION,"B1,B2,CP,B3",BENIGN,
mix-00055,kinematic_only,,9867,False,False,ACCEPT,"B1,B2,CP,B3",BENIGN,
mix-00056,kinematic_only,,8949,False,False,ACCEPT,"B1,B2,CP,B3",BENIGN,No history yet; baseline assumed valid.
mix-00056,kinematic_only,,9093,True,False,ACCEPT,"B1,B2,CP,B3",BENIGN,No history yet; baseline assumed valid.
mix-00056,kinematic_only,,9099,False,False,ACCEPT,"B1,B2,CP,B3",BENIGN,No history yet; baseline assumed valid.
mix-00056,kinematic_only,,8985,False,False,ACCEPT,"B1,B2,CP,B3",BENIGN,No history yet; baseline assumed valid.
mix-00056,kinematic_only,,8949,False,False,ACCEPT,"B1,B2,CP,B3",BENIGN,
mix-00056,kinematic_only,,9093,True,False,CAUTION,"B1,B2,CP,B3",BENIGN,Constant Position check: Vehicle reports movement (avg speed 58.90 km/h) but displacement is only 0.00m over 1000.00s.
mix-00056,kinematic_only,,9099,False,False,ACCEPT,"B1,B2,CP,B3",BENIGN,
mix-00056,kinematic_only,,8985,False,False,ACCEPT,"B1,B2,CP,B3",BENIGN,
mix-00056,kinematic_only,,8949,False,False,ACCEPT,"B1,B2,CP,B3",BENIGN,
mix-00056,kinematic_only,,9093,True,False,CAUTION,"B1,B2,CP,B3",BENIGN,Constant Position check: Vehicle reports movement (avg speed 58.97 km/h) but displacement is only 0.00m over 1999.99s.
mix-00056,kinematic_only,,9099,False,False,ACCEPT,"B1,B2,CP,B3",BENIGN,
mix-00056,kinematic_only,,8985,False,False,ACCEPT,"B1,B2,CP,B3",BENIGN,
mix-00056,kinematic_only,,8949,False,False,ACCEPT,"B1,B2,CP,B3",BENIGN,
mix-00056,kinematic_only,,9093,True,False,CAUTION,"B1,B2,CP,B3",BENIGN,Constant Position check: Vehicle reports movement (avg speed 54.66 km/h) but displacement is only 0.00m over 3000.00s.
mix-00056,kinematic_only,,9099,False,False,ACCEPT,"B1,B2,CP,B3",BENIGN,
mix-00056,kinematic_only,,8985,False,False,CAUTION,"B1,B2,CP,B3",BENIGN,
mix-00057,mixed,traffic_efficiency_lure,7281,False,False,ACCEPT,"B1,B2,CP,B3",BENIGN,No history yet; baseline assumed valid.
mix-00057,mixed,traffic_efficiency_lure,7293,True,False,ACCEPT,"B1,B2,CP,B3",BENIGN,No history yet; baseline assumed valid.
mix-00057,mixed,traffic_efficiency_lure,7287,False,True,ACCEPT,"B1,B2,CP,B3",BENIGN,No history yet; baseline assumed valid.
mix-00057,mixed,traffic_efficiency_lure,7281,False,False,ACCEPT,"B1,B2,CP,B3",BENIGN,
mix-00057,mixed,traffic_efficiency_lure,7293,True,False,CAUTION,"B1,B2,CP,B3",BENIGN,Constant Position check: Vehicle reports movement (avg speed 47.38 km/h) but displacement is only 0.00m over 999.99s.
mix-00057,mixed,traffic_efficiency_lure,7287,False,True,ACCEPT,"B1,B2,CP,B3",BENIGN,
mix-00057,mixed,traffic_efficiency_lure,7281,False,False,ACCEPT,"B1,B2,CP,B3",BENIGN,
mix-00057,mixed,traffic_efficiency_lure,7293,True,False,CAUTION,"B1,B2,CP,B3",BENIGN,Constant Position check: Vehicle reports movement (avg speed 47.32 km/h) but displacement is only 0.00m over 2000.00s.
mix-00057,mixed,traffic_efficiency_lure,7287,False,True,ACCEPT,"B1,B2,CP,B3",BENIGN,
mix-00057,mixed,traffic_efficiency_lure,7281,False,False,ACCEPT,"B1,B2,CP,B3",BENIGN,
mix-00057,mixed,traffic_efficiency_lure,7293,True,False,CAUTION,"B1,B2,CP,B3",BENIGN,Constant Position check: Vehicle reports movement (avg speed 47.26 km/h) but displacement is only 0.00m over 2999.99s.
mix-00057,mixed,traffic_efficiency_lure,7287,False,True,ACCEPT,"B1,B2,CP,B3",BENIGN,
mix-00058,clean,,6117,False,False,ACCEPT,"B1,B2,CP,B3",BENIGN,No history yet; baseline assumed valid.
mix-00058,clean,,6159,False,False,ACCEPT,"B1,B2,CP,B3",BENIGN,No history yet; baseline assumed valid.
mix-00058,clean,,6141,False,False,ACCEPT,"B1,B2,CP,B3",BENIGN,No history yet; baseline assumed valid.
mix-00058,clean,,6117,False,False,CAUTION,"B1,B2,CP,B3",BENIGN,
mix-00058,clean,,6159,False,False,CAUTION,"B1,B2,CP,B3",BENIGN,
mix-00058,clean,,6141,False,False,CAUTION,"B1,B2,CP,B3",BENIGN,
mix-00059,kinematic_only,,9963,False,False,ACCEPT,"B1,B2,CP,B3",BENIGN,No history yet; baseline assumed valid.
mix-00059,kinematic_only,,9969,False,False,ACCEPT,"B1,B2,CP,B3",BENIGN,No history yet; baseline assumed valid.
mix-00059,kinematic_only,,9993,True,False,ACCEPT,"B1,B2,CP,B3",BENIGN,No history yet; baseline assumed valid.
mix-00059,kinematic_only,,9963,False,False,ACCEPT,"B1,B2,CP,B3",BENIGN,
mix-00059,kinematic_only,,9969,False,False,ACCEPT,"B1,B2,CP,B3",BENIGN,
mix-00059,kinematic_only,,9993,True,False,CAUTION,"B1,B2,CP,B3",BENIGN,Constant Position check: Vehicle reports movement (avg speed 42.95 km/h) but displacement is only 0.00m over 999.99s.
mix-00059,kinematic_only,,9963,False,False,ACCEPT,"B1,B2,CP,B3",BENIGN,
mix-00059,kinematic_only,,9969,False,False,ACCEPT,"B1,B2,CP,B3",BENIGN,
mix-00059,kinematic_only,,9993,True,False,CAUTION,"B1,B2,CP,B3",BENIGN,Constant Position check: Vehicle reports movement (avg speed 42.82 km/h) but displacement is only 0.00m over 1999.99s.
mix-00059,kinematic_only,,9963,False,False,ACCEPT,"B1,B2,CP,B3",BENIGN,
mix-00059,kinematic_only,,9969,False,False,ACCEPT,"B1,B2,CP,B3",BENIGN,
mix-00059,kinematic_only,,9993,True,False,CAUTION,"B1,B2,CP,B3",BENIGN,Constant Position check: Vehicle reports movement (avg speed 42.85 km/h) but displacement is only 0.00m over 3000.00s.
mix-00059,kinematic_only,,9963,False,False,CAUTION,"B1,B2,CP,B3",BENIGN,
mix-00059,kinematic_only,,9969,False,False,ACCEPT,"B1,B2,CP,B3",BENIGN,
mix-00059,kinematic_only,,9993,True,False,CAUTION,"B1,B2,CP,B3",BENIGN,Constant Position check: Vehicle reports movement (avg speed 42.87 km/h) but displacement is only 0.00m over 3999.99s.
mix-00059,kinematic_only,,9963,False,False,CAUTION,"B1,B2,CP,B3",BENIGN,
mix-00059,kinematic_only,,9969,False,False,ACCEPT,"B1,B2,CP,B3",BENIGN,
mix-00059,kinematic_only,,9993,True,False,CAUTION,"B1,B2,CP,B3",BENIGN,Constant Position check: Vehicle reports movement (avg speed 42.88 km/h) but displacement is only 0.00m over 4999.99s.
mix-00059,kinematic_only,,9963,False,False,CAUTION,"B1,B2,CP,B3",BENIGN,
mix-00059,kinematic_only,,9969,False,False,ACCEPT,"B1,B2,CP,B3",BENIGN,
mix-00059,kinematic_only,,9993,True,False,CAUTION,"B1,B2,CP,B3",BENIGN,Constant Position check: Vehicle reports movement (avg speed 42.81 km/h) but displacement is only 0.00m over 5000.00s.
mix-00060,semantic_only,false_clearance,8727,False,True,CAUTION,"B1,B2,CP,B3",BENIGN,No history yet; baseline assumed valid.
mix-00060,semantic_only,false_clearance,8739,False,False,ACCEPT,"B1,B2,CP,B3",BENIGN,No history yet; baseline assumed valid.
mix-00060,semantic_only,false_clearance,8805,False,False,ACCEPT,"B1,B2,CP,B3",BENIGN,No history yet; baseline assumed valid.
mix-00060,semantic_only,false_clearance,8727,False,True,CAUTION,"B1,B2,CP,B3",MALICIOUS,
mix-00060,semantic_only,false_clearance,8739,False,False,CAUTION,"B1,B2,CP,B3",BENIGN,
mix-00060,semantic_only,false_clearance,8805,False,False,CAUTION,"B1,B2,CP,B3",BENIGN,
mix-00060,semantic_only,false_clearance,8727,False,True,CAUTION,"B1,B2,CP,B3",MALICIOUS,
mix-00060,semantic_only,false_clearance,8739,False,False,CAUTION,"B1,B2,CP,B3",BENIGN,
mix-00060,semantic_only,false_clearance,8805,False,False,CAUTION,"B1,B2,CP,B3",BENIGN,
mix-00060,semantic_only,false_clearance,8727,False,True,CAUTION,"B1,B2,CP,B3",MALICIOUS,
mix-00060,semantic_only,false_clearance,8739,False,False,ACCEPT,"B1,B2,CP,B3",BENIGN,
mix-00060,semantic_only,false_clearance,8805,False,False,CAUTION,"B1,B2,CP,B3",BENIGN,
mix-00060,semantic_only,false_clearance,8727,False,True,CAUTION,"B1,B2,CP,B3",MALICIOUS,
mix-00060,semantic_only,false_clearance,8739,False,False,CAUTION,"B1,B2,CP,B3",BENIGN,"Speed out of bounds: 288.0 km/h (limit: [0, 180.0])"
mix-00060,semantic_only,false_clearance,8805,False,False,CAUTION,"B1,B2,CP,B3",BENIGN,
mix-00061,semantic_only,role_manipulation,8097,False,False,ACCEPT,"B1,B2,CP,B3",BENIGN,No history yet; baseline assumed valid.
mix-00061,semantic_only,role_manipulation,8157,False,True,ACCEPT,"B1,B2,CP,B3",BENIGN,No history yet; baseline assumed valid.
mix-00061,semantic_only,role_manipulation,8139,False,False,ACCEPT,"B1,B2,CP,B3",BENIGN,No history yet; baseline assumed valid.
mix-00061,semantic_only,role_manipulation,8097,False,False,ACCEPT,"B1,B2,CP,B3",BENIGN,
mix-00061,semantic_only,role_manipulation,8157,False,True,REJECT,"B1,B2,CP,B3",BENIGN,
mix-00061,semantic_only,role_manipulation,8139,False,False,CAUTION,"B1,B2,CP,B3",BENIGN,
mix-00061,semantic_only,role_manipulation,8097,False,False,ACCEPT,"B1,B2,CP,B3",BENIGN,
mix-00061,semantic_only,role_manipulation,8157,False,True,CAUTION,"B1,B2,CP,B3",BENIGN,
mix-00061,semantic_only,role_manipulation,8139,False,False,CAUTION,"B1,B2,CP,B3",BENIGN,
mix-00061,semantic_only,role_manipulation,8097,False,False,ACCEPT,"B1,B2,CP,B3",BENIGN,
mix-00061,semantic_only,role_manipulation,8157,False,True,CAUTION,"B1,B2,CP,B3",BENIGN,
mix-00061,semantic_only,role_manipulation,8139,False,False,CAUTION,"B1,B2,CP,B3",BENIGN,
mix-00061,semantic_only,role_manipulation,8097,False,False,CAUTION,"B1,B2,CP,B3",BENIGN,
mix-00061,semantic_only,role_manipulation,8157,False,True,CAUTION,"B1,B2,CP,B3",BENIGN,
mix-00061,semantic_only,role_manipulation,8139,False,False,CAUTION,"B1,B2,CP,B3",BENIGN,
mix-00061,semantic_only,role_manipulation,8097,False,False,CAUTION,"B1,B2,CP,B3",BENIGN,
mix-00061,semantic_only,role_manipulation,8157,False,True,CAUTION,"B1,B2,CP,B3",BENIGN,
mix-00061,semantic_only,role_manipulation,8139,False,False,CAUTION,"B1,B2,CP,B3",BENIGN,
mix-00061,semantic_only,role_manipulation,8097,False,False,CAUTION,"B1,B2,CP,B3",BENIGN,
mix-00061,semantic_only,role_manipulation,8157,False,True,CAUTION,"B1,B2,CP,B3",BENIGN,
mix-00061,semantic_only,role_manipulation,8139,False,False,CAUTION,"B1,B2,CP,B3",BENIGN,
mix-00061,semantic_only,role_manipulation,8097,False,False,CAUTION,"B1,B2,CP,B3",BENIGN,
mix-00061,semantic_only,role_manipulation,8157,False,True,CAUTION,"B1,B2,CP,B3",BENIGN,
mix-00061,semantic_only,role_manipulation,8139,False,False,CAUTION,"B1,B2,CP,B3",BENIGN,
mix-00061,semantic_only,role_manipulation,8097,False,False,CAUTION,"B1,B2,CP,B3",BENIGN,
mix-00061,semantic_only,role_manipulation,8157,False,True,CAUTION,"B1,B2,CP,B3",BENIGN,
mix-00061,semantic_only,role_manipulation,8139,False,False,CAUTION,"B1,B2,CP,B3",BENIGN,
mix-00062,semantic_only,temporal_context_drift,7881,False,False,ACCEPT,"B1,B2,CP,B3",BENIGN,No history yet; baseline assumed valid.
mix-00062,semantic_only,temporal_context_drift,7863,False,True,REJECT,"B1,B2,CP,B3",BENIGN,No history yet; baseline assumed valid.
mix-00062,semantic_only,temporal_context_drift,7827,False,False,ACCEPT,"B1,B2,CP,B3",BENIGN,No history yet; baseline assumed valid.
mix-00062,semantic_only,temporal_context_drift,7881,False,False,CAUTION,"B1,B2,CP,B3",BENIGN,
mix-00062,semantic_only,temporal_context_drift,7863,False,True,CAUTION,"B1,B2,CP,B3",BENIGN,
mix-00062,semantic_only,temporal_context_drift,7827,False,False,CAUTION,"B1,B2,CP,B3",BENIGN,
mix-00062,semantic_only,temporal_context_drift,7881,False,False,CAUTION,"B1,B2,CP,B3",BENIGN,
mix-00062,semantic_only,temporal_context_drift,7863,False,True,CAUTION,"B1,B2,CP,B3",BENIGN,
mix-00062,semantic_only,temporal_context_drift,7827,False,False,ACCEPT,"B1,B2,CP,B3",BENIGN,
mix-00062,semantic_only,temporal_context_drift,7881,False,False,CAUTION,"B1,B2,CP,B3",BENIGN,
mix-00062,semantic_only,temporal_context_drift,7863,False,True,CAUTION,"B1,B2,CP,B3",BENIGN,
mix-00062,semantic_only,temporal_context_drift,7827,False,False,CAUTION,"B1,B2,CP,B3",BENIGN,"Speed out of bounds: 220.0 km/h (limit: [0, 180.0])"
mix-00062,semantic_only,temporal_context_drift,7881,False,False,CAUTION,"B1,B2,CP,B3",BENIGN,
mix-00062,semantic_only,temporal_context_drift,7863,False,True,CAUTION,"B1,B2,CP,B3",BENIGN,
mix-00062,semantic_only,temporal_context_drift,7827,False,False,ACCEPT,"B1,B2,CP,B3",BENIGN,
mix-00062,semantic_only,temporal_context_drift,7881,False,False,CAUTION,"B1,B2,CP,B3",BENIGN,
mix-00062,semantic_only,temporal_context_drift,7863,False,True,CAUTION,"B1,B2,CP,B3",BENIGN,
mix-00062,semantic_only,temporal_context_drift,7827,False,False,ACCEPT,"B1,B2,CP,B3",BENIGN,
mix-00062,semantic_only,temporal_context_drift,7881,False,False,CAUTION,"B1,B2,CP,B3",BENIGN,
mix-00062,semantic_only,temporal_context_drift,7863,False,True,CAUTION,"B1,B2,CP,B3",BENIGN,
mix-00062,semantic_only,temporal_context_drift,7827,False,False,ACCEPT,"B1,B2,CP,B3",BENIGN,
mix-00062,semantic_only,temporal_context_drift,7881,False,False,CAUTION,"B1,B2,CP,B3",BENIGN,
mix-00062,semantic_only,temporal_context_drift,7863,False,True,CAUTION,"B1,B2,CP,B3",BENIGN,
mix-00062,semantic_only,temporal_context_drift,7827,False,False,ACCEPT,"B1,B2,CP,B3",BENIGN,
mix-00062,semantic_only,temporal_context_drift,7881,False,False,CAUTION,"B1,B2,CP,B3",BENIGN,
mix-00062,semantic_only,temporal_context_drift,7863,False,True,CAUTION,"B1,B2,CP,B3",BENIGN,
mix-00062,semantic_only,temporal_context_drift,7827,False,False,CAUTION,"B1,B2,CP,B3",BENIGN,Constant Position check: Vehicle reports movement (avg speed 44.00 km/h) but displacement is only 0.42m over 5000.01s.
mix-00062,semantic_only,temporal_context_drift,7881,False,False,ACCEPT,"B1,B2,CP,B3",BENIGN,
mix-00062,semantic_only,temporal_context_drift,7863,False,True,CAUTION,"B1,B2,CP,B3",BENIGN,
mix-00062,semantic_only,temporal_context_drift,7827,False,False,ACCEPT,"B1,B2,CP,B3",BENIGN,
mix-00062,semantic_only,temporal_context_drift,7881,False,False,ACCEPT,"B1,B2,CP,B3",BENIGN,
mix-00062,semantic_only,temporal_context_drift,7863,False,True,REJECT,"B1,B2,CP,B3",BENIGN,"Speed out of bounds: 237.0 km/h (limit: [0, 180.0])"
mix-00062,semantic_only,temporal_context_drift,7827,False,False,ACCEPT,"B1,B2,CP,B3",BENIGN,
mix-00062,semantic_only,temporal_context_drift,7881,False,False,ACCEPT,"B1,B2,CP,B3",BENIGN,
mix-00062,semantic_only,temporal_context_drift,7863,False,True,CAUTION,"B1,B2,CP,B3",BENIGN,
mix-00062,semantic_only,temporal_context_drift,7827,False,False,ACCEPT,"B1,B2,CP,B3",BENIGN,
mix-00062,semantic_only,temporal_context_drift,7881,False,False,ACCEPT,"B1,B2,CP,B3",BENIGN,
mix-00062,semantic_only,temporal_context_drift,7863,False,True,CAUTION,"B1,B2,CP,B3",BENIGN,
mix-00062,semantic_only,temporal_context_drift,7827,False,False,CAUTION,"B1,B2,CP,B3",BENIGN,"Speed out of bounds: 232.0 km/h (limit: [0, 180.0])"
mix-00062,semantic_only,temporal_context_drift,7881,False,False,CAUTION,"B1,B2,CP,B3",BENIGN,"Speed out of bounds: 300.0 km/h (limit: [0, 180.0])"
mix-00062,semantic_only,temporal_context_drift,7863,False,True,REJECT,"B1,B2,CP,B3",BENIGN,"Speed out of bounds: 217.0 km/h (limit: [0, 180.0])"
mix-00062,semantic_only,temporal_context_drift,7827,False,False,ACCEPT,"B1,B2,CP,B3",BENIGN,
mix-00062,semantic_only,temporal_context_drift,7881,False,False,ACCEPT,"B1,B2,CP,B3",BENIGN,
mix-00062,semantic_only,temporal_context_drift,7863,False,True,CAUTION,"B1,B2,CP,B3",BENIGN,
mix-00062,semantic_only,temporal_context_drift,7827,False,False,ACCEPT,"B1,B2,CP,B3",BENIGN,
mix-00062,semantic_only,temporal_context_drift,7881,False,False,ACCEPT,"B1,B2,CP,B3",BENIGN,
mix-00062,semantic_only,temporal_context_drift,7863,False,True,CAUTION,"B1,B2,CP,B3",BENIGN,
mix-00062,semantic_only,temporal_context_drift,7827,False,False,ACCEPT,"B1,B2,CP,B3",BENIGN,
mix-00062,semantic_only,temporal_context_drift,7881,False,False,ACCEPT,"B1,B2,CP,B3",BENIGN,
mix-00062,semantic_only,temporal_context_drift,7863,False,True,CAUTION,"B1,B2,CP,B3",BENIGN,
mix-00062,semantic_only,temporal_context_drift,7827,False,False,ACCEPT,"B1,B2,CP,B3",BENIGN,
mix-00062,semantic_only,temporal_context_drift,7881,False,False,ACCEPT,"B1,B2,CP,B3",BENIGN,
mix-00062,semantic_only,temporal_context_drift,7863,False,True,CAUTION,"B1,B2,CP,B3",BENIGN,
mix-00062,semantic_only,temporal_context_drift,7827,False,False,CAUTION,"B1,B2,CP,B3",BENIGN,
mix-00062,semantic_only,temporal_context_drift,7881,False,False,ACCEPT,"B1,B2,CP,B3",BENIGN,
mix-00062,semantic_only,temporal_context_drift,7863,False,True,CAUTION,"B1,B2,CP,B3",BENIGN,
mix-00062,semantic_only,temporal_context_drift,7827,False,False,CAUTION,"B1,B2,CP,B3",BENIGN,
mix-00062,semantic_only,temporal_context_drift,7881,False,False,CAUTION,"B1,B2,CP,B3",BENIGN,Sybil check: Co-located vehicle identity '7863' reported position within 1.67m.
mix-00062,semantic_only,temporal_context_drift,7863,False,True,CAUTION,"B1,B2,CP,B3",BENIGN,
mix-00062,semantic_only,temporal_context_drift,7827,False,False,ACCEPT,"B1,B2,CP,B3",BENIGN,
mix-00062,semantic_only,temporal_context_drift,7881,False,False,CAUTION,"B1,B2,CP,B3",BENIGN,Sybil check: Co-located vehicle identity '7863' reported position within 1.05m.
mix-00062,semantic_only,temporal_context_drift,7863,False,True,CAUTION,"B1,B2,CP,B3",BENIGN,
mix-00062,semantic_only,temporal_context_drift,7827,False,False,ACCEPT,"B1,B2,CP,B3",BENIGN,
mix-00062,semantic_only,temporal_context_drift,7881,False,False,CAUTION,"B1,B2,CP,B3",BENIGN,Sybil check: Co-located vehicle identity '7863' reported position within 1.95m.
mix-00062,semantic_only,temporal_context_drift,7863,False,True,CAUTION,"B1,B2,CP,B3",BENIGN,
mix-00062,semantic_only,temporal_context_drift,7827,False,False,ACCEPT,"B1,B2,CP,B3",BENIGN,
mix-00063,clean,,8487,False,False,ACCEPT,"B1,B2,CP,B3",BENIGN,No history yet; baseline assumed valid.
mix-00063,clean,,8469,False,False,ACCEPT,"B1,B2,CP,B3",BENIGN,No history yet; baseline assumed valid.
mix-00063,clean,,8439,False,False,ACCEPT,"B1,B2,CP,B3",BENIGN,No history yet; baseline assumed valid.
mix-00063,clean,,8481,False,False,ACCEPT,"B1,B2,CP,B3",BENIGN,No history yet; baseline assumed valid.
mix-00063,clean,,8487,False,False,ACCEPT,"B1,B2,CP,B3",BENIGN,
mix-00063,clean,,8469,False,False,ACCEPT,"B1,B2,CP,B3",BENIGN,
mix-00063,clean,,8439,False,False,ACCEPT,"B1,B2,CP,B3",BENIGN,
mix-00063,clean,,8481,False,False,ACCEPT,"B1,B2,CP,B3",BENIGN,
mix-00063,clean,,8487,False,False,ACCEPT,"B1,B2,CP,B3",BENIGN,
mix-00063,clean,,8469,False,False,ACCEPT,"B1,B2,CP,B3",BENIGN,
mix-00063,clean,,8439,False,False,ACCEPT,"B1,B2,CP,B3",BENIGN,
mix-00063,clean,,8481,False,False,ACCEPT,"B1,B2,CP,B3",BENIGN,
mix-00063,clean,,8487,False,False,ACCEPT,"B1,B2,CP,B3",BENIGN,
mix-00063,clean,,8469,False,False,ACCEPT,"B1,B2,CP,B3",BENIGN,
mix-00063,clean,,8439,False,False,ACCEPT,"B1,B2,CP,B3",BENIGN,
mix-00063,clean,,8481,False,False,ACCEPT,"B1,B2,CP,B3",BENIGN,
mix-00063,clean,,8487,False,False,ACCEPT,"B1,B2,CP,B3",BENIGN,
mix-00063,clean,,8469,False,False,ACCEPT,"B1,B2,CP,B3",BENIGN,
mix-00063,clean,,8439,False,False,CAUTION,"B1,B2,CP,B3",BENIGN,"Speed out of bounds: 245.0 km/h (limit: [0, 180.0])"
mix-00063,clean,,8481,False,False,CAUTION,"B1,B2,CP,B3",BENIGN,
mix-00063,clean,,8487,False,False,CAUTION,"B1,B2,CP,B3",BENIGN,"Speed out of bounds: 241.0 km/h (limit: [0, 180.0])"
mix-00063,clean,,8469,False,False,CAUTION,"B1,B2,CP,B3",BENIGN,
mix-00063,clean,,8439,False,False,ACCEPT,"B1,B2,CP,B3",BENIGN,
mix-00063,clean,,8481,False,False,CAUTION,"B1,B2,CP,B3",BENIGN,"Speed out of bounds: 257.0 km/h (limit: [0, 180.0])"
mix-00063,clean,,8487,False,False,ACCEPT,"B1,B2,CP,B3",BENIGN,
mix-00063,clean,,8469,False,False,ACCEPT,"B1,B2,CP,B3",BENIGN,
mix-00063,clean,,8439,False,False,ACCEPT,"B1,B2,CP,B3",BENIGN,
mix-00063,clean,,8481,False,False,CAUTION,"B1,B2,CP,B3",BENIGN,"Speed out of bounds: 256.0 km/h (limit: [0, 180.0])"
mix-00063,clean,,8487,False,False,ACCEPT,"B1,B2,CP,B3",BENIGN,
mix-00063,clean,,8469,False,False,ACCEPT,"B1,B2,CP,B3",BENIGN,
mix-00063,clean,,8439,False,False,ACCEPT,"B1,B2,CP,B3",BENIGN,
mix-00063,clean,,8481,False,False,CAUTION,"B1,B2,CP,B3",BENIGN,"Speed out of bounds: 282.0 km/h (limit: [0, 180.0])"
mix-00063,clean,,8487,False,False,ACCEPT,"B1,B2,CP,B3",BENIGN,
mix-00063,clean,,8469,False,False,ACCEPT,"B1,B2,CP,B3",BENIGN,
mix-00063,clean,,8439,False,False,ACCEPT,"B1,B2,CP,B3",BENIGN,
mix-00063,clean,,8481,False,False,ACCEPT,"B1,B2,CP,B3",BENIGN,
mix-00063,clean,,8487,False,False,CAUTION,"B1,B2,CP,B3",BENIGN,
mix-00063,clean,,8469,False,False,ACCEPT,"B1,B2,CP,B3",BENIGN,
mix-00063,clean,,8439,False,False,CAUTION,"B1,B2,CP,B3",BENIGN,
mix-00063,clean,,8481,False,False,ACCEPT,"B1,B2,CP,B3",BENIGN,
mix-00063,clean,,8487,False,False,CAUTION,"B1,B2,CP,B3",BENIGN,
mix-00063,clean,,8469,False,False,CAUTION,"B1,B2,CP,B3",BENIGN,
mix-00063,clean,,8439,False,False,CAUTION,"B1,B2,CP,B3",BENIGN,
mix-00063,clean,,8481,False,False,ACCEPT,"B1,B2,CP,B3",BENIGN,
mix-00063,clean,,8487,False,False,CAUTION,"B1,B2,CP,B3",BENIGN,
mix-00063,clean,,8469,False,False,CAUTION,"B1,B2,CP,B3",BENIGN,
mix-00063,clean,,8439,False,False,CAUTION,"B1,B2,CP,B3",BENIGN,
mix-00063,clean,,8481,False,False,ACCEPT,"B1,B2,CP,B3",BENIGN,
mix-00063,clean,,8487,False,False,CAUTION,"B1,B2,CP,B3",BENIGN,
mix-00063,clean,,8469,False,False,CAUTION,"B1,B2,CP,B3",BENIGN,
mix-00063,clean,,8439,False,False,CAUTION,"B1,B2,CP,B3",BENIGN,
mix-00063,clean,,8481,False,False,ACCEPT,"B1,B2,CP,B3",BENIGN,
mix-00063,clean,,8487,False,False,ACCEPT,"B1,B2,CP,B3",BENIGN,
mix-00063,clean,,8469,False,False,ACCEPT,"B1,B2,CP,B3",BENIGN,
mix-00063,clean,,8439,False,False,ACCEPT,"B1,B2,CP,B3",BENIGN,
mix-00063,clean,,8481,False,False,ACCEPT,"B1,B2,CP,B3",BENIGN,
mix-00063,clean,,8487,False,False,ACCEPT,"B1,B2,CP,B3",BENIGN,
mix-00063,clean,,8469,False,False,ACCEPT,"B1,B2,CP,B3",BENIGN,
mix-00063,clean,,8439,False,False,ACCEPT,"B1,B2,CP,B3",BENIGN,
mix-00063,clean,,8481,False,False,ACCEPT,"B1,B2,CP,B3",BENIGN,
mix-00063,clean,,8487,False,False,ACCEPT,"B1,B2,CP,B3",BENIGN,
mix-00063,clean,,8469,False,False,ACCEPT,"B1,B2,CP,B3",BENIGN,
mix-00063,clean,,8439,False,False,ACCEPT,"B1,B2,CP,B3",BENIGN,
mix-00063,clean,,8481,False,False,ACCEPT,"B1,B2,CP,B3",BENIGN,
mix-00063,clean,,8487,False,False,ACCEPT,"B1,B2,CP,B3",BENIGN,
mix-00063,clean,,8469,False,False,ACCEPT,"B1,B2,CP,B3",BENIGN,
mix-00063,clean,,8439,False,False,ACCEPT,"B1,B2,CP,B3",BENIGN,
mix-00063,clean,,8481,False,False,ACCEPT,"B1,B2,CP,B3",BENIGN,
mix-00063,clean,,8487,False,False,ACCEPT,"B1,B2,CP,B3",BENIGN,
mix-00063,clean,,8469,False,False,ACCEPT,"B1,B2,CP,B3",BENIGN,
mix-00063,clean,,8439,False,False,ACCEPT,"B1,B2,CP,B3",BENIGN,
mix-00063,clean,,8481,False,False,ACCEPT,"B1,B2,CP,B3",BENIGN,
mix-00063,clean,,8487,False,False,ACCEPT,"B1,B2,CP,B3",BENIGN,
mix-00063,clean,,8469,False,False,ACCEPT,"B1,B2,CP,B3",BENIGN,
mix-00063,clean,,8439,False,False,ACCEPT,"B1,B2,CP,B3",BENIGN,
mix-00063,clean,,8481,False,False,ACCEPT,"B1,B2,CP,B3",BENIGN,
mix-00063,clean,,8487,False,False,ACCEPT,"B1,B2,CP,B3",BENIGN,
mix-00063,clean,,8469,False,False,CAUTION,"B1,B2,CP,B3",BENIGN,
mix-00063,clean,,8439,False,False,ACCEPT,"B1,B2,CP,B3",BENIGN,
mix-00063,clean,,8481,False,False,ACCEPT,"B1,B2,CP,B3",BENIGN,
mix-00063,clean,,8487,False,False,ACCEPT,"B1,B2,CP,B3",BENIGN,
mix-00063,clean,,8469,False,False,CAUTION,"B1,B2,CP,B3",BENIGN,"Speed out of bounds: 287.0 km/h (limit: [0, 180.0])"
mix-00063,clean,,8439,False,False,ACCEPT,"B1,B2,CP,B3",BENIGN,
mix-00063,clean,,8481,False,False,ACCEPT,"B1,B2,CP,B3",BENIGN,
mix-00063,clean,,8487,False,False,ACCEPT,"B1,B2,CP,B3",BENIGN,
mix-00063,clean,,8469,False,False,CAUTION,"B1,B2,CP,B3",BENIGN,
mix-00063,clean,,8439,False,False,ACCEPT,"B1,B2,CP,B3",BENIGN,
mix-00063,clean,,8481,False,False,ACCEPT,"B1,B2,CP,B3",BENIGN,
mix-00063,clean,,8487,False,False,ACCEPT,"B1,B2,CP,B3",BENIGN,
mix-00063,clean,,8469,False,False,CAUTION,"B1,B2,CP,B3",BENIGN,
mix-00063,clean,,8439,False,False,ACCEPT,"B1,B2,CP,B3",BENIGN,
mix-00063,clean,,8481,False,False,ACCEPT,"B1,B2,CP,B3",BENIGN,
mix-00063,clean,,8487,False,False,ACCEPT,"B1,B2,CP,B3",BENIGN,
mix-00063,clean,,8469,False,False,ACCEPT,"B1,B2,CP,B3",BENIGN,
mix-00063,clean,,8439,False,False,ACCEPT,"B1,B2,CP,B3",BENIGN,
mix-00063,clean,,8481,False,False,ACCEPT,"B1,B2,CP,B3",BENIGN,
mix-00063,clean,,8487,False,False,ACCEPT,"B1,B2,CP,B3",BENIGN,
mix-00063,clean,,8469,False,False,ACCEPT,"B1,B2,CP,B3",BENIGN,
mix-00063,clean,,8439,False,False,ACCEPT,"B1,B2,CP,B3",BENIGN,
mix-00063,clean,,8481,False,False,ACCEPT,"B1,B2,CP,B3",BENIGN,
mix-00064,semantic_only,traffic_efficiency_lure,9423,False,False,ACCEPT,"B1,B2,CP,B3",BENIGN,No history yet; baseline assumed valid.
mix-00064,semantic_only,traffic_efficiency_lure,9327,False,True,ACCEPT,"B1,B2,CP,B3",BENIGN,No history yet; baseline assumed valid.
mix-00064,semantic_only,traffic_efficiency_lure,9429,False,False,ACCEPT,"B1,B2,CP,B3",BENIGN,No history yet; baseline assumed valid.
mix-00064,semantic_only,traffic_efficiency_lure,9417,False,False,ACCEPT,"B1,B2,CP,B3",BENIGN,No history yet; baseline assumed valid.
mix-00064,semantic_only,traffic_efficiency_lure,9423,False,False,CAUTION,"B1,B2,CP,B3",BENIGN,
mix-00064,semantic_only,traffic_efficiency_lure,9327,False,True,CAUTION,"B1,B2,CP,B3",BENIGN,
mix-00064,semantic_only,traffic_efficiency_lure,9429,False,False,CAUTION,"B1,B2,CP,B3",BENIGN,
mix-00064,semantic_only,traffic_efficiency_lure,9417,False,False,CAUTION,"B1,B2,CP,B3",BENIGN,
mix-00064,semantic_only,traffic_efficiency_lure,9423,False,False,CAUTION,"B1,B2,CP,B3",BENIGN,
mix-00064,semantic_only,traffic_efficiency_lure,9327,False,True,CAUTION,"B1,B2,CP,B3",BENIGN,
mix-00064,semantic_only,traffic_efficiency_lure,9429,False,False,CAUTION,"B1,B2,CP,B3",BENIGN,
mix-00064,semantic_only,traffic_efficiency_lure,9417,False,False,CAUTION,"B1,B2,CP,B3",BENIGN,
mix-00064,semantic_only,traffic_efficiency_lure,9423,False,False,CAUTION,"B1,B2,CP,B3",BENIGN,
mix-00064,semantic_only,traffic_efficiency_lure,9327,False,True,CAUTION,"B1,B2,CP,B3",BENIGN,
mix-00064,semantic_only,traffic_efficiency_lure,9429,False,False,CAUTION,"B1,B2,CP,B3",BENIGN,
mix-00064,semantic_only,traffic_efficiency_lure,9417,False,False,CAUTION,"B1,B2,CP,B3",BENIGN,
mix-00065,kinematic_only,,9423,False,False,ACCEPT,"B1,B2,CP,B3",BENIGN,No history yet; baseline assumed valid.
mix-00065,kinematic_only,,9429,False,False,ACCEPT,"B1,B2,CP,B3",BENIGN,No history yet; baseline assumed valid.
mix-00065,kinematic_only,,9351,True,False,ACCEPT,"B1,B2,CP,B3",BENIGN,No history yet; baseline assumed valid.
mix-00065,kinematic_only,,9417,False,False,ACCEPT,"B1,B2,CP,B3",BENIGN,No history yet; baseline assumed valid.
mix-00065,kinematic_only,,9423,False,False,CAUTION,"B1,B2,CP,B3",BENIGN,
mix-00065,kinematic_only,,9429,False,False,CAUTION,"B1,B2,CP,B3",BENIGN,
mix-00065,kinematic_only,,9351,True,False,CAUTION,"B1,B2,CP,B3",BENIGN,Constant Position check: Vehicle reports movement (avg speed 46.15 km/h) but displacement is only 0.00m over 1000.00s.
mix-00065,kinematic_only,,9417,False,False,CAUTION,"B1,B2,CP,B3",BENIGN,
mix-00065,kinematic_only,,9423,False,False,CAUTION,"B1,B2,CP,B3",BENIGN,
mix-00065,kinematic_only,,9429,False,False,CAUTION,"B1,B2,CP,B3",BENIGN,
mix-00065,kinematic_only,,9351,True,False,CAUTION,"B1,B2,CP,B3",BENIGN,Constant Position check: Vehicle reports movement (avg speed 46.12 km/h) but displacement is only 0.00m over 2000.00s.
mix-00065,kinematic_only,,9417,False,False,CAUTION,"B1,B2,CP,B3",BENIGN,
mix-00065,kinematic_only,,9423,False,False,CAUTION,"B1,B2,CP,B3",BENIGN,
mix-00065,kinematic_only,,9429,False,False,CAUTION,"B1,B2,CP,B3",BENIGN,
mix-00065,kinematic_only,,9351,True,False,CAUTION,"B1,B2,CP,B3",BENIGN,Constant Position check: Vehicle reports movement (avg speed 46.20 km/h) but displacement is only 0.00m over 2999.99s.
mix-00065,kinematic_only,,9417,False,False,CAUTION,"B1,B2,CP,B3",BENIGN,
mix-00065,kinematic_only,,9423,False,False,CAUTION,"B1,B2,CP,B3",BENIGN,
mix-00065,kinematic_only,,9429,False,False,CAUTION,"B1,B2,CP,B3",BENIGN,
mix-00065,kinematic_only,,9351,True,False,CAUTION,"B1,B2,CP,B3",BENIGN,Constant Position check: Vehicle reports movement (avg speed 46.22 km/h) but displacement is only 0.00m over 4000.00s.
mix-00065,kinematic_only,,9417,False,False,CAUTION,"B1,B2,CP,B3",BENIGN,
mix-00065,kinematic_only,,9423,False,False,CAUTION,"B1,B2,CP,B3",BENIGN,
mix-00065,kinematic_only,,9429,False,False,CAUTION,"B1,B2,CP,B3",BENIGN,
mix-00065,kinematic_only,,9351,True,False,CAUTION,"B1,B2,CP,B3",BENIGN,Constant Position check: Vehicle reports movement (avg speed 46.27 km/h) but displacement is only 0.00m over 5000.00s.
mix-00065,kinematic_only,,9417,False,False,CAUTION,"B1,B2,CP,B3",BENIGN,
mix-00065,kinematic_only,,9423,False,False,CAUTION,"B1,B2,CP,B3",BENIGN,
mix-00065,kinematic_only,,9429,False,False,CAUTION,"B1,B2,CP,B3",BENIGN,
mix-00065,kinematic_only,,9351,True,False,CAUTION,"B1,B2,CP,B3",BENIGN,Constant Position check: Vehicle reports movement (avg speed 46.32 km/h) but displacement is only 0.00m over 5000.00s.
mix-00065,kinematic_only,,9417,False,False,CAUTION,"B1,B2,CP,B3",BENIGN,
mix-00065,kinematic_only,,9423,False,False,CAUTION,"B1,B2,CP,B3",BENIGN,
mix-00065,kinematic_only,,9429,False,False,CAUTION,"B1,B2,CP,B3",BENIGN,
mix-00065,kinematic_only,,9351,True,False,CAUTION,"B1,B2,CP,B3",BENIGN,Constant Position check: Vehicle reports movement (avg speed 46.38 km/h) but displacement is only 0.00m over 5000.00s.
mix-00065,kinematic_only,,9417,False,False,CAUTION,"B1,B2,CP,B3",BENIGN,
mix-00065,kinematic_only,,9423,False,False,CAUTION,"B1,B2,CP,B3",BENIGN,
mix-00065,kinematic_only,,9429,False,False,CAUTION,"B1,B2,CP,B3",BENIGN,
mix-00065,kinematic_only,,9351,True,False,CAUTION,"B1,B2,CP,B3",BENIGN,Constant Position check: Vehicle reports movement (avg speed 46.34 km/h) but displacement is only 0.00m over 5000.00s.
mix-00065,kinematic_only,,9417,False,False,CAUTION,"B1,B2,CP,B3",BENIGN,
mix-00065,kinematic_only,,9423,False,False,CAUTION,"B1,B2,CP,B3",BENIGN,
mix-00065,kinematic_only,,9429,False,False,CAUTION,"B1,B2,CP,B3",BENIGN,
mix-00065,kinematic_only,,9351,True,False,CAUTION,"B1,B2,CP,B3",BENIGN,Constant Position check: Vehicle reports movement (avg speed 46.28 km/h) but displacement is only 0.00m over 5000.00s.
mix-00065,kinematic_only,,9417,False,False,CAUTION,"B1,B2,CP,B3",BENIGN,
mix-00065,kinematic_only,,9423,False,False,CAUTION,"B1,B2,CP,B3",BENIGN,
mix-00065,kinematic_only,,9429,False,False,CAUTION,"B1,B2,CP,B3",BENIGN,
mix-00065,kinematic_only,,9351,True,False,CAUTION,"B1,B2,CP,B3",BENIGN,Constant Position check: Vehicle reports movement (avg speed 46.24 km/h) but displacement is only 0.00m over 4999.99s.
mix-00065,kinematic_only,,9417,False,False,CAUTION,"B1,B2,CP,B3",BENIGN,
mix-00065,kinematic_only,,9423,False,False,CAUTION,"B1,B2,CP,B3",BENIGN,
mix-00065,kinematic_only,,9429,False,False,CAUTION,"B1,B2,CP,B3",BENIGN,
mix-00065,kinematic_only,,9351,True,False,CAUTION,"B1,B2,CP,B3",BENIGN,Constant Position check: Vehicle reports movement (avg speed 46.17 km/h) but displacement is only 0.00m over 5000.00s.
mix-00065,kinematic_only,,9417,False,False,CAUTION,"B1,B2,CP,B3",BENIGN,
mix-00065,kinematic_only,,9423,False,False,CAUTION,"B1,B2,CP,B3",BENIGN,
mix-00065,kinematic_only,,9429,False,False,CAUTION,"B1,B2,CP,B3",BENIGN,
mix-00065,kinematic_only,,9351,True,False,CAUTION,"B1,B2,CP,B3",BENIGN,Constant Position check: Vehicle reports movement (avg speed 46.10 km/h) but displacement is only 0.00m over 5000.00s.
mix-00065,kinematic_only,,9417,False,False,CAUTION,"B1,B2,CP,B3",BENIGN,
mix-00066,semantic_only,priority_manipulation,7449,False,False,ACCEPT,"B1,B2,CP,B3",BENIGN,No history yet; baseline assumed valid.
mix-00066,semantic_only,priority_manipulation,7845,False,False,ACCEPT,"B1,B2,CP,B3",BENIGN,No history yet; baseline assumed valid.
mix-00066,semantic_only,priority_manipulation,7881,False,False,ACCEPT,"B1,B2,CP,B3",BENIGN,No history yet; baseline assumed valid.
mix-00066,semantic_only,priority_manipulation,7863,False,True,CAUTION,"B1,B2,CP,B3",BENIGN,No history yet; baseline assumed valid.
mix-00066,semantic_only,priority_manipulation,7449,False,False,CAUTION,"B1,B2,CP,B3",BENIGN,
mix-00066,semantic_only,priority_manipulation,7845,False,False,ACCEPT,"B1,B2,CP,B3",BENIGN,
mix-00066,semantic_only,priority_manipulation,7881,False,False,ACCEPT,"B1,B2,CP,B3",BENIGN,
mix-00066,semantic_only,priority_manipulation,7863,False,True,CAUTION,"B1,B2,CP,B3",BENIGN,
mix-00066,semantic_only,priority_manipulation,7449,False,False,CAUTION,"B1,B2,CP,B3",BENIGN,
mix-00066,semantic_only,priority_manipulation,7845,False,False,ACCEPT,"B1,B2,CP,B3",BENIGN,
mix-00066,semantic_only,priority_manipulation,7881,False,False,ACCEPT,"B1,B2,CP,B3",BENIGN,
mix-00066,semantic_only,priority_manipulation,7863,False,True,CAUTION,"B1,B2,CP,B3",BENIGN,
mix-00066,semantic_only,priority_manipulation,7449,False,False,CAUTION,"B1,B2,CP,B3",BENIGN,
mix-00066,semantic_only,priority_manipulation,7845,False,False,ACCEPT,"B1,B2,CP,B3",BENIGN,
mix-00066,semantic_only,priority_manipulation,7881,False,False,CAUTION,"B1,B2,CP,B3",BENIGN,
mix-00066,semantic_only,priority_manipulation,7863,False,True,CAUTION,"B1,B2,CP,B3",BENIGN,
mix-00066,semantic_only,priority_manipulation,7449,False,False,ACCEPT,"B1,B2,CP,B3",BENIGN,
mix-00066,semantic_only,priority_manipulation,7845,False,False,ACCEPT,"B1,B2,CP,B3",BENIGN,
mix-00066,semantic_only,priority_manipulation,7881,False,False,CAUTION,"B1,B2,CP,B3",BENIGN,
mix-00066,semantic_only,priority_manipulation,7863,False,True,CAUTION,"B1,B2,CP,B3",BENIGN,
mix-00066,semantic_only,priority_manipulation,7449,False,False,ACCEPT,"B1,B2,CP,B3",BENIGN,
mix-00066,semantic_only,priority_manipulation,7845,False,False,ACCEPT,"B1,B2,CP,B3",BENIGN,
mix-00066,semantic_only,priority_manipulation,7881,False,False,CAUTION,"B1,B2,CP,B3",BENIGN,
mix-00066,semantic_only,priority_manipulation,7863,False,True,CAUTION,"B1,B2,CP,B3",BENIGN,
mix-00066,semantic_only,priority_manipulation,7449,False,False,ACCEPT,"B1,B2,CP,B3",BENIGN,
mix-00066,semantic_only,priority_manipulation,7845,False,False,CAUTION,"B1,B2,CP,B3",BENIGN,"Speed out of bounds: 243.0 km/h (limit: [0, 180.0])"
mix-00066,semantic_only,priority_manipulation,7881,False,False,CAUTION,"B1,B2,CP,B3",BENIGN,
mix-00066,semantic_only,priority_manipulation,7863,False,True,CAUTION,"B1,B2,CP,B3",BENIGN,
mix-00066,semantic_only,priority_manipulation,7449,False,False,ACCEPT,"B1,B2,CP,B3",BENIGN,
mix-00066,semantic_only,priority_manipulation,7845,False,False,ACCEPT,"B1,B2,CP,B3",BENIGN,
mix-00066,semantic_only,priority_manipulation,7881,False,False,CAUTION,"B1,B2,CP,B3",BENIGN,
mix-00066,semantic_only,priority_manipulation,7863,False,True,CAUTION,"B1,B2,CP,B3",BENIGN,
mix-00066,semantic_only,priority_manipulation,7449,False,False,ACCEPT,"B1,B2,CP,B3",BENIGN,
mix-00066,semantic_only,priority_manipulation,7845,False,False,ACCEPT,"B1,B2,CP,B3",BENIGN,
mix-00066,semantic_only,priority_manipulation,7881,False,False,CAUTION,"B1,B2,CP,B3",BENIGN,
mix-00066,semantic_only,priority_manipulation,7863,False,True,CAUTION,"B1,B2,CP,B3",BENIGN,
mix-00067,clean,,8787,False,False,ACCEPT,"B1,B2,CP,B3",BENIGN,No history yet; baseline assumed valid.
mix-00067,clean,,8667,False,False,ACCEPT,"B1,B2,CP,B3",BENIGN,No history yet; baseline assumed valid.
mix-00067,clean,,8643,False,False,ACCEPT,"B1,B2,CP,B3",BENIGN,No history yet; baseline assumed valid.
mix-00067,clean,,8787,False,False,CAUTION,"B1,B2,CP,B3",BENIGN,
mix-00067,clean,,8667,False,False,CAUTION,"B1,B2,CP,B3",BENIGN,
mix-00067,clean,,8643,False,False,ACCEPT,"B1,B2,CP,B3",BENIGN,
mix-00067,clean,,8787,False,False,CAUTION,"B1,B2,CP,B3",BENIGN,
mix-00067,clean,,8667,False,False,CAUTION,"B1,B2,CP,B3",BENIGN,
mix-00067,clean,,8643,False,False,ACCEPT,"B1,B2,CP,B3",BENIGN,
mix-00067,clean,,8787,False,False,CAUTION,"B1,B2,CP,B3",BENIGN,
mix-00067,clean,,8667,False,False,CAUTION,"B1,B2,CP,B3",BENIGN,
mix-00067,clean,,8643,False,False,ACCEPT,"B1,B2,CP,B3",BENIGN,
mix-00067,clean,,8787,False,False,CAUTION,"B1,B2,CP,B3",BENIGN,
mix-00067,clean,,8667,False,False,ACCEPT,"B1,B2,CP,B3",BENIGN,
mix-00067,clean,,8643,False,False,ACCEPT,"B1,B2,CP,B3",BENIGN,
mix-00067,clean,,8787,False,False,ACCEPT,"B1,B2,CP,B3",BENIGN,
mix-00067,clean,,8667,False,False,ACCEPT,"B1,B2,CP,B3",BENIGN,
mix-00067,clean,,8643,False,False,ACCEPT,"B1,B2,CP,B3",BENIGN,
mix-00067,clean,,8787,False,False,ACCEPT,"B1,B2,CP,B3",BENIGN,
mix-00067,clean,,8667,False,False,ACCEPT,"B1,B2,CP,B3",BENIGN,
mix-00067,clean,,8643,False,False,ACCEPT,"B1,B2,CP,B3",BENIGN,
mix-00067,clean,,8787,False,False,ACCEPT,"B1,B2,CP,B3",BENIGN,
mix-00067,clean,,8667,False,False,CAUTION,"B1,B2,CP,B3",BENIGN,
mix-00067,clean,,8643,False,False,ACCEPT,"B1,B2,CP,B3",BENIGN,
mix-00067,clean,,8787,False,False,CAUTION,"B1,B2,CP,B3",BENIGN,
mix-00067,clean,,8667,False,False,CAUTION,"B1,B2,CP,B3",BENIGN,
mix-00067,clean,,8643,False,False,ACCEPT,"B1,B2,CP,B3",BENIGN,
mix-00067,clean,,8787,False,False,CAUTION,"B1,B2,CP,B3",BENIGN,
mix-00067,clean,,8667,False,False,CAUTION,"B1,B2,CP,B3",BENIGN,
mix-00067,clean,,8643,False,False,ACCEPT,"B1,B2,CP,B3",BENIGN,
mix-00067,clean,,8787,False,False,CAUTION,"B1,B2,CP,B3",BENIGN,
mix-00067,clean,,8667,False,False,ACCEPT,"B1,B2,CP,B3",BENIGN,
mix-00067,clean,,8643,False,False,ACCEPT,"B1,B2,CP,B3",BENIGN,
mix-00067,clean,,8787,False,False,CAUTION,"B1,B2,CP,B3",BENIGN,
mix-00067,clean,,8667,False,False,ACCEPT,"B1,B2,CP,B3",BENIGN,
mix-00067,clean,,8643,False,False,ACCEPT,"B1,B2,CP,B3",BENIGN,
mix-00067,clean,,8787,False,False,CAUTION,"B1,B2,CP,B3",BENIGN,
mix-00067,clean,,8667,False,False,CAUTION,"B1,B2,CP,B3",BENIGN,
mix-00067,clean,,8643,False,False,ACCEPT,"B1,B2,CP,B3",BENIGN,
mix-00068,semantic_only,role_manipulation,7245,False,False,ACCEPT,"B1,B2,CP,B3",BENIGN,No history yet; baseline assumed valid.
mix-00068,semantic_only,role_manipulation,7257,False,False,ACCEPT,"B1,B2,CP,B3",BENIGN,No history yet; baseline assumed valid.
mix-00068,semantic_only,role_manipulation,7263,False,True,REJECT,"B1,B2,CP,B3",BENIGN,"Speed out of bounds: 228.0 km/h (limit: [0, 180.0]);No history yet; baseline assumed valid."
mix-00068,semantic_only,role_manipulation,7245,False,False,CAUTION,"B1,B2,CP,B3",BENIGN,
mix-00068,semantic_only,role_manipulation,7257,False,False,CAUTION,"B1,B2,CP,B3",BENIGN,
mix-00068,semantic_only,role_manipulation,7263,False,True,REJECT,"B1,B2,CP,B3",BENIGN,
mix-00068,semantic_only,role_manipulation,7245,False,False,CAUTION,"B1,B2,CP,B3",BENIGN,
mix-00068,semantic_only,role_manipulation,7257,False,False,CAUTION,"B1,B2,CP,B3",BENIGN,
mix-00068,semantic_only,role_manipulation,7263,False,True,CAUTION,"B1,B2,CP,B3",BENIGN,
mix-00068,semantic_only,role_manipulation,7245,False,False,CAUTION,"B1,B2,CP,B3",BENIGN,
mix-00068,semantic_only,role_manipulation,7257,False,False,CAUTION,"B1,B2,CP,B3",BENIGN,
mix-00068,semantic_only,role_manipulation,7263,False,True,CAUTION,"B1,B2,CP,B3",BENIGN,
mix-00068,semantic_only,role_manipulation,7245,False,False,CAUTION,"B1,B2,CP,B3",BENIGN,
mix-00068,semantic_only,role_manipulation,7257,False,False,CAUTION,"B1,B2,CP,B3",BENIGN,
mix-00068,semantic_only,role_manipulation,7263,False,True,CAUTION,"B1,B2,CP,B3",BENIGN,
mix-00068,semantic_only,role_manipulation,7245,False,False,CAUTION,"B1,B2,CP,B3",BENIGN,
mix-00068,semantic_only,role_manipulation,7257,False,False,CAUTION,"B1,B2,CP,B3",BENIGN,
mix-00068,semantic_only,role_manipulation,7263,False,True,CAUTION,"B1,B2,CP,B3",BENIGN,
mix-00068,semantic_only,role_manipulation,7245,False,False,ACCEPT,"B1,B2,CP,B3",BENIGN,
mix-00068,semantic_only,role_manipulation,7257,False,False,CAUTION,"B1,B2,CP,B3",BENIGN,
mix-00068,semantic_only,role_manipulation,7263,False,True,CAUTION,"B1,B2,CP,B3",BENIGN,
mix-00069,semantic_only,semantic_narrative_poisoning,6519,False,False,ACCEPT,"B1,B2,CP,B3",BENIGN,No history yet; baseline assumed valid.
mix-00069,semantic_only,semantic_narrative_poisoning,6759,False,False,ACCEPT,"B1,B2,CP,B3",BENIGN,No history yet; baseline assumed valid.
mix-00069,semantic_only,semantic_narrative_poisoning,6747,False,True,ACCEPT,"B1,B2,CP,B3",BENIGN,No history yet; baseline assumed valid.
mix-00069,semantic_only,semantic_narrative_poisoning,6519,False,False,ACCEPT,"B1,B2,CP,B3",BENIGN,
mix-00069,semantic_only,semantic_narrative_poisoning,6759,False,False,CAUTION,"B1,B2,CP,B3",BENIGN,
mix-00069,semantic_only,semantic_narrative_poisoning,6747,False,True,CAUTION,"B1,B2,CP,B3",BENIGN,
mix-00069,semantic_only,semantic_narrative_poisoning,6519,False,False,ACCEPT,"B1,B2,CP,B3",BENIGN,
mix-00069,semantic_only,semantic_narrative_poisoning,6759,False,False,CAUTION,"B1,B2,CP,B3",BENIGN,
mix-00069,semantic_only,semantic_narrative_poisoning,6747,False,True,CAUTION,"B1,B2,CP,B3",BENIGN,
mix-00069,semantic_only,semantic_narrative_poisoning,6519,False,False,ACCEPT,"B1,B2,CP,B3",BENIGN,
mix-00069,semantic_only,semantic_narrative_poisoning,6759,False,False,CAUTION,"B1,B2,CP,B3",BENIGN,
mix-00069,semantic_only,semantic_narrative_poisoning,6747,False,True,CAUTION,"B1,B2,CP,B3",BENIGN,
mix-00069,semantic_only,semantic_narrative_poisoning,6519,False,False,ACCEPT,"B1,B2,CP,B3",BENIGN,
mix-00069,semantic_only,semantic_narrative_poisoning,6759,False,False,CAUTION,"B1,B2,CP,B3",BENIGN,
mix-00069,semantic_only,semantic_narrative_poisoning,6747,False,True,CAUTION,"B1,B2,CP,B3",BENIGN,
mix-00069,semantic_only,semantic_narrative_poisoning,6519,False,False,ACCEPT,"B1,B2,CP,B3",BENIGN,
mix-00069,semantic_only,semantic_narrative_poisoning,6759,False,False,CAUTION,"B1,B2,CP,B3",BENIGN,
mix-00069,semantic_only,semantic_narrative_poisoning,6747,False,True,CAUTION,"B1,B2,CP,B3",BENIGN,
mix-00069,semantic_only,semantic_narrative_poisoning,6519,False,False,ACCEPT,"B1,B2,CP,B3",BENIGN,
mix-00069,semantic_only,semantic_narrative_poisoning,6759,False,False,CAUTION,"B1,B2,CP,B3",BENIGN,
mix-00069,semantic_only,semantic_narrative_poisoning,6747,False,True,CAUTION,"B1,B2,CP,B3",BENIGN,
mix-00069,semantic_only,semantic_narrative_poisoning,6519,False,False,ACCEPT,"B1,B2,CP,B3",BENIGN,
mix-00069,semantic_only,semantic_narrative_poisoning,6759,False,False,CAUTION,"B1,B2,CP,B3",BENIGN,
mix-00069,semantic_only,semantic_narrative_poisoning,6747,False,True,CAUTION,"B1,B2,CP,B3",BENIGN,
mix-00069,semantic_only,semantic_narrative_poisoning,6519,False,False,ACCEPT,"B1,B2,CP,B3",BENIGN,
mix-00069,semantic_only,semantic_narrative_poisoning,6759,False,False,CAUTION,"B1,B2,CP,B3",BENIGN,
mix-00069,semantic_only,semantic_narrative_poisoning,6747,False,True,CAUTION,"B1,B2,CP,B3",BENIGN,
mix-00069,semantic_only,semantic_narrative_poisoning,6519,False,False,ACCEPT,"B1,B2,CP,B3",BENIGN,
mix-00069,semantic_only,semantic_narrative_poisoning,6759,False,False,CAUTION,"B1,B2,CP,B3",BENIGN,
mix-00069,semantic_only,semantic_narrative_poisoning,6747,False,True,CAUTION,"B1,B2,CP,B3",BENIGN,
mix-00069,semantic_only,semantic_narrative_poisoning,6519,False,False,ACCEPT,"B1,B2,CP,B3",BENIGN,
mix-00069,semantic_only,semantic_narrative_poisoning,6759,False,False,CAUTION,"B1,B2,CP,B3",BENIGN,
mix-00069,semantic_only,semantic_narrative_poisoning,6747,False,True,CAUTION,"B1,B2,CP,B3",BENIGN,
mix-00070,semantic_only,multi_message_context_poisoning,9429,False,False,ACCEPT,"B1,B2,CP,B3",BENIGN,No history yet; baseline assumed valid.
mix-00070,semantic_only,multi_message_context_poisoning,9417,False,True,ACCEPT,"B1,B2,CP,B3",BENIGN,No history yet; baseline assumed valid.
mix-00070,semantic_only,multi_message_context_poisoning,9423,False,False,ACCEPT,"B1,B2,CP,B3",BENIGN,No history yet; baseline assumed valid.
mix-00070,semantic_only,multi_message_context_poisoning,9429,False,False,CAUTION,"B1,B2,CP,B3",BENIGN,
mix-00070,semantic_only,multi_message_context_poisoning,9417,False,True,CAUTION,"B1,B2,CP,B3",BENIGN,
mix-00070,semantic_only,multi_message_context_poisoning,9423,False,False,CAUTION,"B1,B2,CP,B3",BENIGN,
mix-00070,semantic_only,multi_message_context_poisoning,9429,False,False,CAUTION,"B1,B2,CP,B3",BENIGN,
mix-00070,semantic_only,multi_message_context_poisoning,9417,False,True,CAUTION,"B1,B2,CP,B3",BENIGN,
mix-00070,semantic_only,multi_message_context_poisoning,9423,False,False,CAUTION,"B1,B2,CP,B3",BENIGN,
mix-00070,semantic_only,multi_message_context_poisoning,9429,False,False,ACCEPT,"B1,B2,CP,B3",BENIGN,
mix-00070,semantic_only,multi_message_context_poisoning,9417,False,True,CAUTION,"B1,B2,CP,B3",BENIGN,
mix-00070,semantic_only,multi_message_context_poisoning,9423,False,False,CAUTION,"B1,B2,CP,B3",BENIGN,
mix-00070,semantic_only,multi_message_context_poisoning,9429,False,False,ACCEPT,"B1,B2,CP,B3",BENIGN,
mix-00070,semantic_only,multi_message_context_poisoning,9417,False,True,CAUTION,"B1,B2,CP,B3",BENIGN,
mix-00070,semantic_only,multi_message_context_poisoning,9423,False,False,CAUTION,"B1,B2,CP,B3",BENIGN,
mix-00070,semantic_only,multi_message_context_poisoning,9429,False,False,CAUTION,"B1,B2,CP,B3",BENIGN,
mix-00070,semantic_only,multi_message_context_poisoning,9417,False,True,CAUTION,"B1,B2,CP,B3",BENIGN,
mix-00070,semantic_only,multi_message_context_poisoning,9423,False,False,CAUTION,"B1,B2,CP,B3",BENIGN,
mix-00070,semantic_only,multi_message_context_poisoning,9429,False,False,CAUTION,"B1,B2,CP,B3",BENIGN,
mix-00070,semantic_only,multi_message_context_poisoning,9417,False,True,CAUTION,"B1,B2,CP,B3",BENIGN,
mix-00070,semantic_only,multi_message_context_poisoning,9423,False,False,CAUTION,"B1,B2,CP,B3",BENIGN,
mix-00070,semantic_only,multi_message_context_poisoning,9429,False,False,CAUTION,"B1,B2,CP,B3",BENIGN,
mix-00070,semantic_only,multi_message_context_poisoning,9417,False,True,CAUTION,"B1,B2,CP,B3",BENIGN,
mix-00070,semantic_only,multi_message_context_poisoning,9423,False,False,CAUTION,"B1,B2,CP,B3",BENIGN,
mix-00070,semantic_only,multi_message_context_poisoning,9429,False,False,CAUTION,"B1,B2,CP,B3",BENIGN,
mix-00070,semantic_only,multi_message_context_poisoning,9417,False,True,CAUTION,"B1,B2,CP,B3",BENIGN,
mix-00070,semantic_only,multi_message_context_poisoning,9423,False,False,CAUTION,"B1,B2,CP,B3",BENIGN,
mix-00070,semantic_only,multi_message_context_poisoning,9429,False,False,CAUTION,"B1,B2,CP,B3",BENIGN,
mix-00070,semantic_only,multi_message_context_poisoning,9417,False,True,CAUTION,"B1,B2,CP,B3",BENIGN,
mix-00070,semantic_only,multi_message_context_poisoning,9423,False,False,CAUTION,"B1,B2,CP,B3",BENIGN,
mix-00070,semantic_only,multi_message_context_poisoning,9429,False,False,CAUTION,"B1,B2,CP,B3",BENIGN,
mix-00070,semantic_only,multi_message_context_poisoning,9417,False,True,CAUTION,"B1,B2,CP,B3",BENIGN,
mix-00070,semantic_only,multi_message_context_poisoning,9423,False,False,CAUTION,"B1,B2,CP,B3",BENIGN,
mix-00070,semantic_only,multi_message_context_poisoning,9429,False,False,CAUTION,"B1,B2,CP,B3",BENIGN,
mix-00070,semantic_only,multi_message_context_poisoning,9417,False,True,CAUTION,"B1,B2,CP,B3",BENIGN,
mix-00070,semantic_only,multi_message_context_poisoning,9423,False,False,CAUTION,"B1,B2,CP,B3",BENIGN,
mix-00070,semantic_only,multi_message_context_poisoning,9429,False,False,CAUTION,"B1,B2,CP,B3",BENIGN,
mix-00070,semantic_only,multi_message_context_poisoning,9417,False,True,CAUTION,"B1,B2,CP,B3",BENIGN,
mix-00070,semantic_only,multi_message_context_poisoning,9423,False,False,CAUTION,"B1,B2,CP,B3",BENIGN,
mix-00070,semantic_only,multi_message_context_poisoning,9429,False,False,CAUTION,"B1,B2,CP,B3",BENIGN,
mix-00070,semantic_only,multi_message_context_poisoning,9417,False,True,CAUTION,"B1,B2,CP,B3",BENIGN,
mix-00070,semantic_only,multi_message_context_poisoning,9423,False,False,CAUTION,"B1,B2,CP,B3",BENIGN,
mix-00070,semantic_only,multi_message_context_poisoning,9429,False,False,CAUTION,"B1,B2,CP,B3",BENIGN,
mix-00070,semantic_only,multi_message_context_poisoning,9417,False,True,CAUTION,"B1,B2,CP,B3",BENIGN,
mix-00070,semantic_only,multi_message_context_poisoning,9423,False,False,CAUTION,"B1,B2,CP,B3",BENIGN,
mix-00070,semantic_only,multi_message_context_poisoning,9429,False,False,CAUTION,"B1,B2,CP,B3",BENIGN,
mix-00070,semantic_only,multi_message_context_poisoning,9417,False,True,CAUTION,"B1,B2,CP,B3",BENIGN,
mix-00070,semantic_only,multi_message_context_poisoning,9423,False,False,CAUTION,"B1,B2,CP,B3",BENIGN,
mix-00070,semantic_only,multi_message_context_poisoning,9429,False,False,CAUTION,"B1,B2,CP,B3",BENIGN,
mix-00070,semantic_only,multi_message_context_poisoning,9417,False,True,CAUTION,"B1,B2,CP,B3",BENIGN,
mix-00070,semantic_only,multi_message_context_poisoning,9423,False,False,CAUTION,"B1,B2,CP,B3",BENIGN,
mix-00070,semantic_only,multi_message_context_poisoning,9429,False,False,CAUTION,"B1,B2,CP,B3",BENIGN,
mix-00070,semantic_only,multi_message_context_poisoning,9417,False,True,CAUTION,"B1,B2,CP,B3",BENIGN,
mix-00070,semantic_only,multi_message_context_poisoning,9423,False,False,CAUTION,"B1,B2,CP,B3",BENIGN,
mix-00070,semantic_only,multi_message_context_poisoning,9429,False,False,CAUTION,"B1,B2,CP,B3",BENIGN,
mix-00070,semantic_only,multi_message_context_poisoning,9417,False,True,CAUTION,"B1,B2,CP,B3",BENIGN,
mix-00070,semantic_only,multi_message_context_poisoning,9423,False,False,CAUTION,"B1,B2,CP,B3",BENIGN,
mix-00070,semantic_only,multi_message_context_poisoning,9429,False,False,CAUTION,"B1,B2,CP,B3",BENIGN,
mix-00070,semantic_only,multi_message_context_poisoning,9417,False,True,CAUTION,"B1,B2,CP,B3",BENIGN,
mix-00070,semantic_only,multi_message_context_poisoning,9423,False,False,CAUTION,"B1,B2,CP,B3",BENIGN,
mix-00070,semantic_only,multi_message_context_poisoning,9429,False,False,CAUTION,"B1,B2,CP,B3",BENIGN,
mix-00070,semantic_only,multi_message_context_poisoning,9417,False,True,CAUTION,"B1,B2,CP,B3",BENIGN,
mix-00070,semantic_only,multi_message_context_poisoning,9423,False,False,CAUTION,"B1,B2,CP,B3",BENIGN,
mix-00070,semantic_only,multi_message_context_poisoning,9429,False,False,CAUTION,"B1,B2,CP,B3",BENIGN,
mix-00070,semantic_only,multi_message_context_poisoning,9417,False,True,CAUTION,"B1,B2,CP,B3",BENIGN,
mix-00070,semantic_only,multi_message_context_poisoning,9423,False,False,CAUTION,"B1,B2,CP,B3",BENIGN,
mix-00070,semantic_only,multi_message_context_poisoning,9429,False,False,CAUTION,"B1,B2,CP,B3",BENIGN,
mix-00070,semantic_only,multi_message_context_poisoning,9417,False,True,CAUTION,"B1,B2,CP,B3",BENIGN,
mix-00070,semantic_only,multi_message_context_poisoning,9423,False,False,CAUTION,"B1,B2,CP,B3",BENIGN,
mix-00070,semantic_only,multi_message_context_poisoning,9429,False,False,CAUTION,"B1,B2,CP,B3",BENIGN,
mix-00070,semantic_only,multi_message_context_poisoning,9417,False,True,CAUTION,"B1,B2,CP,B3",BENIGN,
mix-00070,semantic_only,multi_message_context_poisoning,9423,False,False,CAUTION,"B1,B2,CP,B3",BENIGN,
mix-00070,semantic_only,multi_message_context_poisoning,9429,False,False,CAUTION,"B1,B2,CP,B3",BENIGN,
mix-00070,semantic_only,multi_message_context_poisoning,9417,False,True,CAUTION,"B1,B2,CP,B3",BENIGN,
mix-00070,semantic_only,multi_message_context_poisoning,9423,False,False,CAUTION,"B1,B2,CP,B3",BENIGN,
mix-00070,semantic_only,multi_message_context_poisoning,9429,False,False,CAUTION,"B1,B2,CP,B3",BENIGN,
mix-00070,semantic_only,multi_message_context_poisoning,9417,False,True,CAUTION,"B1,B2,CP,B3",BENIGN,
mix-00070,semantic_only,multi_message_context_poisoning,9423,False,False,CAUTION,"B1,B2,CP,B3",BENIGN,
mix-00070,semantic_only,multi_message_context_poisoning,9429,False,False,CAUTION,"B1,B2,CP,B3",BENIGN,
mix-00070,semantic_only,multi_message_context_poisoning,9417,False,True,CAUTION,"B1,B2,CP,B3",BENIGN,
mix-00070,semantic_only,multi_message_context_poisoning,9423,False,False,CAUTION,"B1,B2,CP,B3",BENIGN,
mix-00070,semantic_only,multi_message_context_poisoning,9429,False,False,CAUTION,"B1,B2,CP,B3",BENIGN,
mix-00070,semantic_only,multi_message_context_poisoning,9417,False,True,CAUTION,"B1,B2,CP,B3",BENIGN,
mix-00070,semantic_only,multi_message_context_poisoning,9423,False,False,CAUTION,"B1,B2,CP,B3",BENIGN,
mix-00071,semantic_only,indirect_prompt_injection,8409,False,False,ACCEPT,"B1,B2,CP,B3",BENIGN,No history yet; baseline assumed valid.
mix-00071,semantic_only,indirect_prompt_injection,8469,False,False,ACCEPT,"B1,B2,CP,B3",BENIGN,No history yet; baseline assumed valid.
mix-00071,semantic_only,indirect_prompt_injection,8403,False,True,ACCEPT,"B1,B2,CP,B3",BENIGN,No history yet; baseline assumed valid.
mix-00071,semantic_only,indirect_prompt_injection,8421,False,False,ACCEPT,"B1,B2,CP,B3",BENIGN,No history yet; baseline assumed valid.
mix-00071,semantic_only,indirect_prompt_injection,8397,False,False,ACCEPT,"B1,B2,CP,B3",BENIGN,No history yet; baseline assumed valid.
mix-00071,semantic_only,indirect_prompt_injection,8457,False,False,ACCEPT,"B1,B2,CP,B3",BENIGN,No history yet; baseline assumed valid.
mix-00071,semantic_only,indirect_prompt_injection,8409,False,False,CAUTION,"B1,B2,CP,B3",BENIGN,
mix-00071,semantic_only,indirect_prompt_injection,8469,False,False,CAUTION,"B1,B2,CP,B3",BENIGN,
mix-00071,semantic_only,indirect_prompt_injection,8403,False,True,ACCEPT,"B1,B2,CP,B3",BENIGN,
mix-00071,semantic_only,indirect_prompt_injection,8421,False,False,CAUTION,"B1,B2,CP,B3",BENIGN,
mix-00071,semantic_only,indirect_prompt_injection,8397,False,False,CAUTION,"B1,B2,CP,B3",BENIGN,
mix-00071,semantic_only,indirect_prompt_injection,8457,False,False,CAUTION,"B1,B2,CP,B3",BENIGN,
mix-00071,semantic_only,indirect_prompt_injection,8409,False,False,ACCEPT,"B1,B2,CP,B3",BENIGN,
mix-00071,semantic_only,indirect_prompt_injection,8469,False,False,CAUTION,"B1,B2,CP,B3",BENIGN,
mix-00071,semantic_only,indirect_prompt_injection,8403,False,True,CAUTION,"B1,B2,CP,B3",BENIGN,
mix-00071,semantic_only,indirect_prompt_injection,8421,False,False,CAUTION,"B1,B2,CP,B3",BENIGN,
mix-00071,semantic_only,indirect_prompt_injection,8397,False,False,CAUTION,"B1,B2,CP,B3",BENIGN,
mix-00071,semantic_only,indirect_prompt_injection,8457,False,False,CAUTION,"B1,B2,CP,B3",BENIGN,
mix-00072,clean,,6765,False,False,ACCEPT,"B1,B2,CP,B3",BENIGN,No history yet; baseline assumed valid.
mix-00072,clean,,6903,False,False,ACCEPT,"B1,B2,CP,B3",BENIGN,No history yet; baseline assumed valid.
mix-00072,clean,,6825,False,False,ACCEPT,"B1,B2,CP,B3",BENIGN,No history yet; baseline assumed valid.
mix-00072,clean,,6843,False,False,ACCEPT,"B1,B2,CP,B3",BENIGN,No history yet; baseline assumed valid.
mix-00072,clean,,6765,False,False,CAUTION,"B1,B2,CP,B3",BENIGN,
mix-00072,clean,,6903,False,False,ACCEPT,"B1,B2,CP,B3",BENIGN,
mix-00072,clean,,6825,False,False,CAUTION,"B1,B2,CP,B3",BENIGN,
mix-00072,clean,,6843,False,False,CAUTION,"B1,B2,CP,B3",BENIGN,
mix-00072,clean,,6765,False,False,CAUTION,"B1,B2,CP,B3",BENIGN,
mix-00072,clean,,6903,False,False,ACCEPT,"B1,B2,CP,B3",BENIGN,
mix-00072,clean,,6825,False,False,CAUTION,"B1,B2,CP,B3",BENIGN,
mix-00072,clean,,6843,False,False,ACCEPT,"B1,B2,CP,B3",BENIGN,
mix-00073,clean,,8043,False,False,ACCEPT,"B1,B2,CP,B3",BENIGN,No history yet; baseline assumed valid.
mix-00073,clean,,8061,False,False,ACCEPT,"B1,B2,CP,B3",BENIGN,No history yet; baseline assumed valid.
mix-00073,clean,,8049,False,False,ACCEPT,"B1,B2,CP,B3",BENIGN,No history yet; baseline assumed valid.
mix-00073,clean,,8043,False,False,ACCEPT,"B1,B2,CP,B3",BENIGN,
mix-00073,clean,,8061,False,False,ACCEPT,"B1,B2,CP,B3",BENIGN,
mix-00073,clean,,8049,False,False,ACCEPT,"B1,B2,CP,B3",BENIGN,
mix-00073,clean,,8043,False,False,ACCEPT,"B1,B2,CP,B3",BENIGN,
mix-00073,clean,,8061,False,False,ACCEPT,"B1,B2,CP,B3",BENIGN,
mix-00073,clean,,8049,False,False,CAUTION,"B1,B2,CP,B3",BENIGN,"Speed out of bounds: 263.0 km/h (limit: [0, 180.0])"
mix-00073,clean,,8043,False,False,ACCEPT,"B1,B2,CP,B3",BENIGN,
mix-00073,clean,,8061,False,False,ACCEPT,"B1,B2,CP,B3",BENIGN,
mix-00073,clean,,8049,False,False,CAUTION,"B1,B2,CP,B3",BENIGN,
mix-00073,clean,,8043,False,False,ACCEPT,"B1,B2,CP,B3",BENIGN,
mix-00073,clean,,8061,False,False,ACCEPT,"B1,B2,CP,B3",BENIGN,
mix-00073,clean,,8049,False,False,CAUTION,"B1,B2,CP,B3",BENIGN,
mix-00073,clean,,8043,False,False,ACCEPT,"B1,B2,CP,B3",BENIGN,
mix-00073,clean,,8061,False,False,CAUTION,"B1,B2,CP,B3",BENIGN,"Speed out of bounds: 203.0 km/h (limit: [0, 180.0])"
mix-00073,clean,,8049,False,False,ACCEPT,"B1,B2,CP,B3",BENIGN,
mix-00073,clean,,8043,False,False,ACCEPT,"B1,B2,CP,B3",BENIGN,
mix-00073,clean,,8061,False,False,CAUTION,"B1,B2,CP,B3",BENIGN,
mix-00073,clean,,8049,False,False,ACCEPT,"B1,B2,CP,B3",BENIGN,
mix-00073,clean,,8043,False,False,ACCEPT,"B1,B2,CP,B3",BENIGN,
mix-00073,clean,,8061,False,False,CAUTION,"B1,B2,CP,B3",BENIGN,
mix-00073,clean,,8049,False,False,ACCEPT,"B1,B2,CP,B3",BENIGN,
mix-00073,clean,,8043,False,False,ACCEPT,"B1,B2,CP,B3",BENIGN,
mix-00073,clean,,8061,False,False,ACCEPT,"B1,B2,CP,B3",BENIGN,
mix-00073,clean,,8049,False,False,ACCEPT,"B1,B2,CP,B3",BENIGN,
mix-00073,clean,,8043,False,False,ACCEPT,"B1,B2,CP,B3",BENIGN,
mix-00073,clean,,8061,False,False,ACCEPT,"B1,B2,CP,B3",BENIGN,
mix-00073,clean,,8049,False,False,CAUTION,"B1,B2,CP,B3",BENIGN,Constant Position check: Vehicle reports movement (avg speed 15.60 km/h) but displacement is only 0.24m over 5000.01s.
mix-00073,clean,,8043,False,False,ACCEPT,"B1,B2,CP,B3",BENIGN,
mix-00073,clean,,8061,False,False,ACCEPT,"B1,B2,CP,B3",BENIGN,
mix-00073,clean,,8049,False,False,CAUTION,"B1,B2,CP,B3",BENIGN,Constant Position check: Vehicle reports movement (avg speed 5.60 km/h) but displacement is only 0.07m over 4999.99s.
mix-00073,clean,,8043,False,False,ACCEPT,"B1,B2,CP,B3",BENIGN,
mix-00073,clean,,8061,False,False,ACCEPT,"B1,B2,CP,B3",BENIGN,
mix-00073,clean,,8049,False,False,ACCEPT,"B1,B2,CP,B3",BENIGN,
mix-00073,clean,,8043,False,False,ACCEPT,"B1,B2,CP,B3",BENIGN,
mix-00073,clean,,8061,False,False,CAUTION,"B1,B2,CP,B3",BENIGN,Constant Position check: Vehicle reports movement (avg speed 17.20 km/h) but displacement is only 0.35m over 4999.99s.
mix-00073,clean,,8049,False,False,ACCEPT,"B1,B2,CP,B3",BENIGN,
mix-00073,clean,,8043,False,False,ACCEPT,"B1,B2,CP,B3",BENIGN,
mix-00073,clean,,8061,False,False,CAUTION,"B1,B2,CP,B3",BENIGN,Constant Position check: Vehicle reports movement (avg speed 7.20 km/h) but displacement is only 0.18m over 5000.00s.
mix-00073,clean,,8049,False,False,ACCEPT,"B1,B2,CP,B3",BENIGN,
mix-00073,clean,,8043,False,False,ACCEPT,"B1,B2,CP,B3",BENIGN,
mix-00073,clean,,8061,False,False,ACCEPT,"B1,B2,CP,B3",BENIGN,
mix-00073,clean,,8049,False,False,ACCEPT,"B1,B2,CP,B3",BENIGN,
mix-00073,clean,,8043,False,False,ACCEPT,"B1,B2,CP,B3",BENIGN,
mix-00073,clean,,8061,False,False,ACCEPT,"B1,B2,CP,B3",BENIGN,
mix-00073,clean,,8049,False,False,ACCEPT,"B1,B2,CP,B3",BENIGN,
mix-00073,clean,,8043,False,False,ACCEPT,"B1,B2,CP,B3",BENIGN,
mix-00073,clean,,8061,False,False,ACCEPT,"B1,B2,CP,B3",BENIGN,
mix-00073,clean,,8049,False,False,CAUTION,"B1,B2,CP,B3",BENIGN,
mix-00073,clean,,8043,False,False,CAUTION,"B1,B2,CP,B3",BENIGN,"Speed out of bounds: 225.0 km/h (limit: [0, 180.0])"
mix-00073,clean,,8061,False,False,ACCEPT,"B1,B2,CP,B3",BENIGN,
mix-00073,clean,,8049,False,False,CAUTION,"B1,B2,CP,B3",BENIGN,"Speed out of bounds: 273.0 km/h (limit: [0, 180.0])"
mix-00073,clean,,8043,False,False,ACCEPT,"B1,B2,CP,B3",BENIGN,
mix-00073,clean,,8061,False,False,CAUTION,"B1,B2,CP,B3",BENIGN,Constant Position check: Vehicle reports movement (avg speed 5.60 km/h) but displacement is only 0.90m over 5000.00s.
mix-00073,clean,,8049,False,False,ACCEPT,"B1,B2,CP,B3",BENIGN,
mix-00073,clean,,8043,False,False,ACCEPT,"B1,B2,CP,B3",BENIGN,
mix-00073,clean,,8061,False,False,ACCEPT,"B1,B2,CP,B3",BENIGN,
mix-00073,clean,,8049,False,False,ACCEPT,"B1,B2,CP,B3",BENIGN,
mix-00073,clean,,8043,False,False,ACCEPT,"B1,B2,CP,B3",BENIGN,
mix-00073,clean,,8061,False,False,ACCEPT,"B1,B2,CP,B3",BENIGN,
mix-00073,clean,,8049,False,False,ACCEPT,"B1,B2,CP,B3",BENIGN,
mix-00074,kinematic_only,,6279,False,False,ACCEPT,"B1,B2,CP,B3",BENIGN,No history yet; baseline assumed valid.
mix-00074,kinematic_only,,6267,False,False,ACCEPT,"B1,B2,CP,B3",BENIGN,No history yet; baseline assumed valid.
mix-00074,kinematic_only,,6273,True,False,ACCEPT,"B1,B2,CP,B3",BENIGN,No history yet; baseline assumed valid.
mix-00074,kinematic_only,,6279,False,False,ACCEPT,"B1,B2,CP,B3",BENIGN,
mix-00074,kinematic_only,,6267,False,False,CAUTION,"B1,B2,CP,B3",BENIGN,
mix-00074,kinematic_only,,6273,True,False,CAUTION,"B1,B2,CP,B3",BENIGN,Constant Position check: Vehicle reports movement (avg speed 50.72 km/h) but displacement is only 0.00m over 1000.00s.
mix-00074,kinematic_only,,6279,False,False,ACCEPT,"B1,B2,CP,B3",BENIGN,
mix-00074,kinematic_only,,6267,False,False,CAUTION,"B1,B2,CP,B3",BENIGN,
mix-00074,kinematic_only,,6273,True,False,CAUTION,"B1,B2,CP,B3",BENIGN,Constant Position check: Vehicle reports movement (avg speed 50.85 km/h) but displacement is only 0.00m over 2000.00s.
mix-00074,kinematic_only,,6279,False,False,ACCEPT,"B1,B2,CP,B3",BENIGN,
mix-00074,kinematic_only,,6267,False,False,CAUTION,"B1,B2,CP,B3",BENIGN,
mix-00074,kinematic_only,,6273,True,False,CAUTION,"B1,B2,CP,B3",BENIGN,Constant Position check: Vehicle reports movement (avg speed 50.82 km/h) but displacement is only 0.00m over 3000.00s.
mix-00074,kinematic_only,,6279,False,False,ACCEPT,"B1,B2,CP,B3",BENIGN,
mix-00074,kinematic_only,,6267,False,False,CAUTION,"B1,B2,CP,B3",BENIGN,
mix-00074,kinematic_only,,6273,True,False,CAUTION,"B1,B2,CP,B3",BENIGN,Constant Position check: Vehicle reports movement (avg speed 50.79 km/h) but displacement is only 0.00m over 4000.01s.
mix-00074,kinematic_only,,6279,False,False,ACCEPT,"B1,B2,CP,B3",BENIGN,
mix-00074,kinematic_only,,6267,False,False,CAUTION,"B1,B2,CP,B3",BENIGN,
mix-00074,kinematic_only,,6273,True,False,CAUTION,"B1,B2,CP,B3",BENIGN,Constant Position check: Vehicle reports movement (avg speed 48.25 km/h) but displacement is only 0.00m over 4999.99s.
mix-00075,clean,,6945,False,False,ACCEPT,"B1,B2,CP,B3",BENIGN,No history yet; baseline assumed valid.
mix-00075,clean,,6999,False,False,ACCEPT,"B1,B2,CP,B3",BENIGN,No history yet; baseline assumed valid.
mix-00075,clean,,6981,False,False,ACCEPT,"B1,B2,CP,B3",BENIGN,No history yet; baseline assumed valid.
mix-00075,clean,,6945,False,False,ACCEPT,"B1,B2,CP,B3",BENIGN,
mix-00075,clean,,6999,False,False,CAUTION,"B1,B2,CP,B3",BENIGN,
mix-00075,clean,,6981,False,False,CAUTION,"B1,B2,CP,B3",BENIGN,
mix-00076,clean,,7119,False,False,ACCEPT,"B1,B2,CP,B3",BENIGN,No history yet; baseline assumed valid.
mix-00076,clean,,7089,False,False,ACCEPT,"B1,B2,CP,B3",BENIGN,No history yet; baseline assumed valid.
mix-00076,clean,,7143,False,False,ACCEPT,"B1,B2,CP,B3",BENIGN,No history yet; baseline assumed valid.
mix-00076,clean,,7083,False,False,ACCEPT,"B1,B2,CP,B3",BENIGN,No history yet; baseline assumed valid.
mix-00076,clean,,7119,False,False,CAUTION,"B1,B2,CP,B3",BENIGN,
mix-00076,clean,,7089,False,False,CAUTION,"B1,B2,CP,B3",BENIGN,
mix-00076,clean,,7143,False,False,CAUTION,"B1,B2,CP,B3",BENIGN,
mix-00076,clean,,7083,False,False,CAUTION,"B1,B2,CP,B3",BENIGN,
mix-00077,clean,,7029,False,False,ACCEPT,"B1,B2,CP,B3",BENIGN,No history yet; baseline assumed valid.
mix-00077,clean,,7017,False,False,ACCEPT,"B1,B2,CP,B3",BENIGN,No history yet; baseline assumed valid.
mix-00077,clean,,7023,False,False,ACCEPT,"B1,B2,CP,B3",BENIGN,No history yet; baseline assumed valid.
mix-00077,clean,,7029,False,False,CAUTION,"B1,B2,CP,B3",BENIGN,
mix-00077,clean,,7017,False,False,CAUTION,"B1,B2,CP,B3",BENIGN,
mix-00077,clean,,7023,False,False,ACCEPT,"B1,B2,CP,B3",BENIGN,
mix-00077,clean,,7029,False,False,CAUTION,"B1,B2,CP,B3",BENIGN,
mix-00077,clean,,7017,False,False,CAUTION,"B1,B2,CP,B3",BENIGN,
mix-00077,clean,,7023,False,False,ACCEPT,"B1,B2,CP,B3",BENIGN,
mix-00077,clean,,7029,False,False,CAUTION,"B1,B2,CP,B3",BENIGN,
mix-00077,clean,,7017,False,False,ACCEPT,"B1,B2,CP,B3",BENIGN,
mix-00077,clean,,7023,False,False,CAUTION,"B1,B2,CP,B3",BENIGN,
mix-00077,clean,,7029,False,False,CAUTION,"B1,B2,CP,B3",BENIGN,
mix-00077,clean,,7017,False,False,ACCEPT,"B1,B2,CP,B3",BENIGN,
mix-00077,clean,,7023,False,False,CAUTION,"B1,B2,CP,B3",BENIGN,
mix-00078,semantic_only,hazard_suppression,7167,False,False,ACCEPT,"B1,B2,CP,B3",BENIGN,No history yet; baseline assumed valid.
mix-00078,semantic_only,hazard_suppression,7017,False,True,CAUTION,"B1,B2,CP,B3",BENIGN,No history yet; baseline assumed valid.
mix-00078,semantic_only,hazard_suppression,7161,False,False,ACCEPT,"B1,B2,CP,B3",BENIGN,No history yet; baseline assumed valid.
mix-00078,semantic_only,hazard_suppression,7167,False,False,CAUTION,"B1,B2,CP,B3",BENIGN,
mix-00078,semantic_only,hazard_suppression,7017,False,True,CAUTION,"B1,B2,CP,B3",MALICIOUS,
mix-00078,semantic_only,hazard_suppression,7161,False,False,CAUTION,"B1,B2,CP,B3",BENIGN,
mix-00078,semantic_only,hazard_suppression,7167,False,False,CAUTION,"B1,B2,CP,B3",BENIGN,
mix-00078,semantic_only,hazard_suppression,7017,False,True,CAUTION,"B1,B2,CP,B3",MALICIOUS,
mix-00078,semantic_only,hazard_suppression,7161,False,False,CAUTION,"B1,B2,CP,B3",BENIGN,
mix-00078,semantic_only,hazard_suppression,7167,False,False,CAUTION,"B1,B2,CP,B3",BENIGN,
mix-00078,semantic_only,hazard_suppression,7017,False,True,CAUTION,"B1,B2,CP,B3",MALICIOUS,
mix-00078,semantic_only,hazard_suppression,7161,False,False,CAUTION,"B1,B2,CP,B3",BENIGN,
mix-00078,semantic_only,hazard_suppression,7167,False,False,CAUTION,"B1,B2,CP,B3",BENIGN,
mix-00078,semantic_only,hazard_suppression,7017,False,True,CAUTION,"B1,B2,CP,B3",MALICIOUS,
mix-00078,semantic_only,hazard_suppression,7161,False,False,CAUTION,"B1,B2,CP,B3",BENIGN,
mix-00078,semantic_only,hazard_suppression,7167,False,False,CAUTION,"B1,B2,CP,B3",BENIGN,
mix-00078,semantic_only,hazard_suppression,7017,False,True,CAUTION,"B1,B2,CP,B3",MALICIOUS,
mix-00078,semantic_only,hazard_suppression,7161,False,False,CAUTION,"B1,B2,CP,B3",BENIGN,
mix-00078,semantic_only,hazard_suppression,7167,False,False,CAUTION,"B1,B2,CP,B3",BENIGN,
mix-00078,semantic_only,hazard_suppression,7017,False,True,CAUTION,"B1,B2,CP,B3",MALICIOUS,
mix-00078,semantic_only,hazard_suppression,7161,False,False,CAUTION,"B1,B2,CP,B3",BENIGN,
mix-00078,semantic_only,hazard_suppression,7167,False,False,CAUTION,"B1,B2,CP,B3",BENIGN,
mix-00078,semantic_only,hazard_suppression,7017,False,True,CAUTION,"B1,B2,CP,B3",MALICIOUS,
mix-00078,semantic_only,hazard_suppression,7161,False,False,CAUTION,"B1,B2,CP,B3",BENIGN,
mix-00078,semantic_only,hazard_suppression,7167,False,False,CAUTION,"B1,B2,CP,B3",BENIGN,
mix-00078,semantic_only,hazard_suppression,7017,False,True,CAUTION,"B1,B2,CP,B3",MALICIOUS,
mix-00078,semantic_only,hazard_suppression,7161,False,False,CAUTION,"B1,B2,CP,B3",BENIGN,
mix-00078,semantic_only,hazard_suppression,7167,False,False,CAUTION,"B1,B2,CP,B3",BENIGN,
mix-00078,semantic_only,hazard_suppression,7017,False,True,CAUTION,"B1,B2,CP,B3",MALICIOUS,
mix-00078,semantic_only,hazard_suppression,7161,False,False,CAUTION,"B1,B2,CP,B3",BENIGN,
mix-00079,clean,,8307,False,False,ACCEPT,"B1,B2,CP,B3",BENIGN,No history yet; baseline assumed valid.
mix-00079,clean,,8265,False,False,ACCEPT,"B1,B2,CP,B3",BENIGN,No history yet; baseline assumed valid.
mix-00079,clean,,8283,False,False,ACCEPT,"B1,B2,CP,B3",BENIGN,No history yet; baseline assumed valid.
mix-00079,clean,,8307,False,False,CAUTION,"B1,B2,CP,B3",BENIGN,
mix-00079,clean,,8265,False,False,CAUTION,"B1,B2,CP,B3",BENIGN,
mix-00079,clean,,8283,False,False,CAUTION,"B1,B2,CP,B3",BENIGN,
mix-00080,clean,,7341,False,False,ACCEPT,"B1,B2,CP,B3",BENIGN,No history yet; baseline assumed valid.
mix-00080,clean,,7377,False,False,ACCEPT,"B1,B2,CP,B3",BENIGN,No history yet; baseline assumed valid.
mix-00080,clean,,7347,False,False,ACCEPT,"B1,B2,CP,B3",BENIGN,No history yet; baseline assumed valid.
mix-00080,clean,,7341,False,False,ACCEPT,"B1,B2,CP,B3",BENIGN,
mix-00080,clean,,7377,False,False,ACCEPT,"B1,B2,CP,B3",BENIGN,
mix-00080,clean,,7347,False,False,ACCEPT,"B1,B2,CP,B3",BENIGN,
mix-00080,clean,,7341,False,False,ACCEPT,"B1,B2,CP,B3",BENIGN,
mix-00080,clean,,7377,False,False,ACCEPT,"B1,B2,CP,B3",BENIGN,
mix-00080,clean,,7347,False,False,ACCEPT,"B1,B2,CP,B3",BENIGN,
mix-00080,clean,,7341,False,False,ACCEPT,"B1,B2,CP,B3",BENIGN,
mix-00080,clean,,7377,False,False,ACCEPT,"B1,B2,CP,B3",BENIGN,
mix-00080,clean,,7347,False,False,ACCEPT,"B1,B2,CP,B3",BENIGN,
mix-00080,clean,,7341,False,False,ACCEPT,"B1,B2,CP,B3",BENIGN,
mix-00080,clean,,7377,False,False,ACCEPT,"B1,B2,CP,B3",BENIGN,
mix-00080,clean,,7347,False,False,ACCEPT,"B1,B2,CP,B3",BENIGN,
mix-00080,clean,,7341,False,False,ACCEPT,"B1,B2,CP,B3",BENIGN,
mix-00080,clean,,7377,False,False,ACCEPT,"B1,B2,CP,B3",BENIGN,
mix-00080,clean,,7347,False,False,ACCEPT,"B1,B2,CP,B3",BENIGN,
mix-00080,clean,,7341,False,False,CAUTION,"B1,B2,CP,B3",BENIGN,Replay check: Identical payload matches past report from sender '7341'.
mix-00080,clean,,7377,False,False,ACCEPT,"B1,B2,CP,B3",BENIGN,
mix-00080,clean,,7347,False,False,ACCEPT,"B1,B2,CP,B3",BENIGN,
mix-00080,clean,,7341,False,False,ACCEPT,"B1,B2,CP,B3",BENIGN,
mix-00080,clean,,7377,False,False,ACCEPT,"B1,B2,CP,B3",BENIGN,
mix-00080,clean,,7347,False,False,ACCEPT,"B1,B2,CP,B3",BENIGN,
mix-00080,clean,,7341,False,False,ACCEPT,"B1,B2,CP,B3",BENIGN,
mix-00080,clean,,7377,False,False,ACCEPT,"B1,B2,CP,B3",BENIGN,
mix-00080,clean,,7347,False,False,CAUTION,"B1,B2,CP,B3",BENIGN,Replay check: Identical payload matches past report from sender '7347'.
mix-00080,clean,,7341,False,False,ACCEPT,"B1,B2,CP,B3",BENIGN,
mix-00080,clean,,7377,False,False,ACCEPT,"B1,B2,CP,B3",BENIGN,
mix-00080,clean,,7347,False,False,ACCEPT,"B1,B2,CP,B3",BENIGN,
mix-00080,clean,,7341,False,False,ACCEPT,"B1,B2,CP,B3",BENIGN,
mix-00080,clean,,7377,False,False,ACCEPT,"B1,B2,CP,B3",BENIGN,
mix-00080,clean,,7347,False,False,ACCEPT,"B1,B2,CP,B3",BENIGN,
mix-00080,clean,,7341,False,False,CAUTION,"B1,B2,CP,B3",BENIGN,Replay check: Identical payload matches past report from sender '7341'.
mix-00080,clean,,7377,False,False,ACCEPT,"B1,B2,CP,B3",BENIGN,
mix-00080,clean,,7347,False,False,ACCEPT,"B1,B2,CP,B3",BENIGN,
mix-00080,clean,,7341,False,False,CAUTION,"B1,B2,CP,B3",BENIGN,"Speed out of bounds: 257.0 km/h (limit: [0, 180.0])"
mix-00080,clean,,7377,False,False,CAUTION,"B1,B2,CP,B3",BENIGN,"Speed out of bounds: 229.0 km/h (limit: [0, 180.0])"
mix-00080,clean,,7347,False,False,CAUTION,"B1,B2,CP,B3",BENIGN,"Speed out of bounds: 252.0 km/h (limit: [0, 180.0])"
mix-00080,clean,,7341,False,False,ACCEPT,"B1,B2,CP,B3",BENIGN,
mix-00080,clean,,7377,False,False,ACCEPT,"B1,B2,CP,B3",BENIGN,
mix-00080,clean,,7347,False,False,ACCEPT,"B1,B2,CP,B3",BENIGN,
mix-00080,clean,,7341,False,False,ACCEPT,"B1,B2,CP,B3",BENIGN,
mix-00080,clean,,7377,False,False,ACCEPT,"B1,B2,CP,B3",BENIGN,
mix-00080,clean,,7347,False,False,ACCEPT,"B1,B2,CP,B3",BENIGN,
mix-00080,clean,,7341,False,False,ACCEPT,"B1,B2,CP,B3",BENIGN,
mix-00080,clean,,7377,False,False,ACCEPT,"B1,B2,CP,B3",BENIGN,
mix-00080,clean,,7347,False,False,ACCEPT,"B1,B2,CP,B3",BENIGN,
mix-00080,clean,,7341,False,False,CAUTION,"B1,B2,CP,B3",BENIGN,
mix-00080,clean,,7377,False,False,CAUTION,"B1,B2,CP,B3",BENIGN,"Speed out of bounds: 194.0 km/h (limit: [0, 180.0])"
mix-00080,clean,,7347,False,False,ACCEPT,"B1,B2,CP,B3",BENIGN,
mix-00080,clean,,7341,False,False,ACCEPT,"B1,B2,CP,B3",BENIGN,
mix-00080,clean,,7377,False,False,CAUTION,"B1,B2,CP,B3",BENIGN,
mix-00080,clean,,7347,False,False,ACCEPT,"B1,B2,CP,B3",BENIGN,
mix-00080,clean,,7341,False,False,ACCEPT,"B1,B2,CP,B3",BENIGN,
mix-00080,clean,,7377,False,False,CAUTION,"B1,B2,CP,B3",BENIGN,
mix-00080,clean,,7347,False,False,CAUTION,"B1,B2,CP,B3",BENIGN,
mix-00080,clean,,7341,False,False,ACCEPT,"B1,B2,CP,B3",BENIGN,
mix-00080,clean,,7377,False,False,CAUTION,"B1,B2,CP,B3",BENIGN,
mix-00080,clean,,7347,False,False,ACCEPT,"B1,B2,CP,B3",BENIGN,
mix-00080,clean,,7341,False,False,ACCEPT,"B1,B2,CP,B3",BENIGN,
mix-00080,clean,,7377,False,False,CAUTION,"B1,B2,CP,B3",BENIGN,
mix-00080,clean,,7347,False,False,ACCEPT,"B1,B2,CP,B3",BENIGN,
mix-00080,clean,,7341,False,False,ACCEPT,"B1,B2,CP,B3",BENIGN,
mix-00080,clean,,7377,False,False,CAUTION,"B1,B2,CP,B3",BENIGN,
mix-00080,clean,,7347,False,False,ACCEPT,"B1,B2,CP,B3",BENIGN,
mix-00080,clean,,7341,False,False,ACCEPT,"B1,B2,CP,B3",BENIGN,
mix-00080,clean,,7377,False,False,ACCEPT,"B1,B2,CP,B3",BENIGN,
mix-00080,clean,,7347,False,False,ACCEPT,"B1,B2,CP,B3",BENIGN,
mix-00080,clean,,7341,False,False,ACCEPT,"B1,B2,CP,B3",BENIGN,
mix-00080,clean,,7377,False,False,ACCEPT,"B1,B2,CP,B3",BENIGN,
mix-00080,clean,,7347,False,False,CAUTION,"B1,B2,CP,B3",BENIGN,Constant Position check: Vehicle reports movement (avg speed 8.40 km/h) but displacement is only 0.56m over 5000.00s.
mix-00080,clean,,7341,False,False,ACCEPT,"B1,B2,CP,B3",BENIGN,
mix-00080,clean,,7377,False,False,ACCEPT,"B1,B2,CP,B3",BENIGN,
mix-00080,clean,,7347,False,False,ACCEPT,"B1,B2,CP,B3",BENIGN,
mix-00080,clean,,7341,False,False,ACCEPT,"B1,B2,CP,B3",BENIGN,
mix-00080,clean,,7377,False,False,ACCEPT,"B1,B2,CP,B3",BENIGN,
mix-00080,clean,,7347,False,False,ACCEPT,"B1,B2,CP,B3",BENIGN,
mix-00080,clean,,7341,False,False,ACCEPT,"B1,B2,CP,B3",BENIGN,
mix-00080,clean,,7377,False,False,ACCEPT,"B1,B2,CP,B3",BENIGN,
mix-00080,clean,,7347,False,False,ACCEPT,"B1,B2,CP,B3",BENIGN,
mix-00080,clean,,7341,False,False,ACCEPT,"B1,B2,CP,B3",BENIGN,
mix-00080,clean,,7377,False,False,ACCEPT,"B1,B2,CP,B3",BENIGN,
mix-00080,clean,,7347,False,False,ACCEPT,"B1,B2,CP,B3",BENIGN,
mix-00080,clean,,7341,False,False,ACCEPT,"B1,B2,CP,B3",BENIGN,
mix-00080,clean,,7377,False,False,ACCEPT,"B1,B2,CP,B3",BENIGN,
mix-00080,clean,,7347,False,False,ACCEPT,"B1,B2,CP,B3",BENIGN,
mix-00080,clean,,7341,False,False,ACCEPT,"B1,B2,CP,B3",BENIGN,
mix-00080,clean,,7377,False,False,ACCEPT,"B1,B2,CP,B3",BENIGN,
mix-00080,clean,,7347,False,False,ACCEPT,"B1,B2,CP,B3",BENIGN,
mix-00080,clean,,7341,False,False,ACCEPT,"B1,B2,CP,B3",BENIGN,
mix-00080,clean,,7377,False,False,ACCEPT,"B1,B2,CP,B3",BENIGN,
mix-00080,clean,,7347,False,False,ACCEPT,"B1,B2,CP,B3",BENIGN,
mix-00080,clean,,7341,False,False,ACCEPT,"B1,B2,CP,B3",BENIGN,
mix-00080,clean,,7377,False,False,ACCEPT,"B1,B2,CP,B3",BENIGN,
mix-00080,clean,,7347,False,False,ACCEPT,"B1,B2,CP,B3",BENIGN,
mix-00080,clean,,7341,False,False,ACCEPT,"B1,B2,CP,B3",BENIGN,
mix-00080,clean,,7377,False,False,CAUTION,"B1,B2,CP,B3",BENIGN,Replay check: Identical payload matches past report from sender '7377'.
mix-00080,clean,,7347,False,False,ACCEPT,"B1,B2,CP,B3",BENIGN,
mix-00080,clean,,7341,False,False,ACCEPT,"B1,B2,CP,B3",BENIGN,
mix-00080,clean,,7377,False,False,ACCEPT,"B1,B2,CP,B3",BENIGN,
mix-00080,clean,,7347,False,False,ACCEPT,"B1,B2,CP,B3",BENIGN,
mix-00080,clean,,7341,False,False,ACCEPT,"B1,B2,CP,B3",BENIGN,
mix-00080,clean,,7377,False,False,ACCEPT,"B1,B2,CP,B3",BENIGN,
mix-00080,clean,,7347,False,False,ACCEPT,"B1,B2,CP,B3",BENIGN,
mix-00080,clean,,7341,False,False,ACCEPT,"B1,B2,CP,B3",BENIGN,
mix-00080,clean,,7377,False,False,ACCEPT,"B1,B2,CP,B3",BENIGN,
mix-00080,clean,,7347,False,False,ACCEPT,"B1,B2,CP,B3",BENIGN,
mix-00080,clean,,7341,False,False,ACCEPT,"B1,B2,CP,B3",BENIGN,
mix-00080,clean,,7377,False,False,ACCEPT,"B1,B2,CP,B3",BENIGN,
mix-00080,clean,,7347,False,False,ACCEPT,"B1,B2,CP,B3",BENIGN,
mix-00080,clean,,7341,False,False,ACCEPT,"B1,B2,CP,B3",BENIGN,
mix-00080,clean,,7377,False,False,ACCEPT,"B1,B2,CP,B3",BENIGN,
mix-00080,clean,,7347,False,False,ACCEPT,"B1,B2,CP,B3",BENIGN,
mix-00080,clean,,7341,False,False,ACCEPT,"B1,B2,CP,B3",BENIGN,
mix-00080,clean,,7377,False,False,ACCEPT,"B1,B2,CP,B3",BENIGN,
mix-00080,clean,,7347,False,False,ACCEPT,"B1,B2,CP,B3",BENIGN,
mix-00080,clean,,7341,False,False,ACCEPT,"B1,B2,CP,B3",BENIGN,
mix-00080,clean,,7377,False,False,ACCEPT,"B1,B2,CP,B3",BENIGN,
mix-00080,clean,,7347,False,False,ACCEPT,"B1,B2,CP,B3",BENIGN,
mix-00080,clean,,7341,False,False,ACCEPT,"B1,B2,CP,B3",BENIGN,
mix-00080,clean,,7377,False,False,ACCEPT,"B1,B2,CP,B3",BENIGN,
mix-00080,clean,,7347,False,False,ACCEPT,"B1,B2,CP,B3",BENIGN,
mix-00080,clean,,7341,False,False,ACCEPT,"B1,B2,CP,B3",BENIGN,
mix-00080,clean,,7377,False,False,CAUTION,"B1,B2,CP,B3",BENIGN,Replay check: Identical payload matches past report from sender '7377'.
mix-00080,clean,,7347,False,False,ACCEPT,"B1,B2,CP,B3",BENIGN,
mix-00081,semantic_only,semantic_narrative_poisoning,9621,False,False,ACCEPT,"B1,B2,CP,B3",BENIGN,No history yet; baseline assumed valid.
mix-00081,semantic_only,semantic_narrative_poisoning,9789,False,False,ACCEPT,"B1,B2,CP,B3",BENIGN,No history yet; baseline assumed valid.
mix-00081,semantic_only,semantic_narrative_poisoning,9603,False,True,ACCEPT,"B1,B2,CP,B3",BENIGN,No history yet; baseline assumed valid.
mix-00081,semantic_only,semantic_narrative_poisoning,9801,False,False,ACCEPT,"B1,B2,CP,B3",BENIGN,No history yet; baseline assumed valid.
mix-00081,semantic_only,semantic_narrative_poisoning,9621,False,False,CAUTION,"B1,B2,CP,B3",BENIGN,
mix-00081,semantic_only,semantic_narrative_poisoning,9789,False,False,CAUTION,"B1,B2,CP,B3",BENIGN,
mix-00081,semantic_only,semantic_narrative_poisoning,9603,False,True,CAUTION,"B1,B2,CP,B3",BENIGN,
mix-00081,semantic_only,semantic_narrative_poisoning,9801,False,False,CAUTION,"B1,B2,CP,B3",BENIGN,
mix-00081,semantic_only,semantic_narrative_poisoning,9621,False,False,CAUTION,"B1,B2,CP,B3",BENIGN,
mix-00081,semantic_only,semantic_narrative_poisoning,9789,False,False,ACCEPT,"B1,B2,CP,B3",BENIGN,
mix-00081,semantic_only,semantic_narrative_poisoning,9603,False,True,CAUTION,"B1,B2,CP,B3",BENIGN,
mix-00081,semantic_only,semantic_narrative_poisoning,9801,False,False,CAUTION,"B1,B2,CP,B3",BENIGN,
mix-00082,clean,,8523,False,False,ACCEPT,"B1,B2,CP,B3",BENIGN,No history yet; baseline assumed valid.
mix-00082,clean,,8529,False,False,ACCEPT,"B1,B2,CP,B3",BENIGN,No history yet; baseline assumed valid.
mix-00082,clean,,8499,False,False,ACCEPT,"B1,B2,CP,B3",BENIGN,No history yet; baseline assumed valid.
mix-00082,clean,,8523,False,False,CAUTION,"B1,B2,CP,B3",BENIGN,
mix-00082,clean,,8529,False,False,CAUTION,"B1,B2,CP,B3",BENIGN,
mix-00082,clean,,8499,False,False,CAUTION,"B1,B2,CP,B3",BENIGN,
mix-00082,clean,,8523,False,False,CAUTION,"B1,B2,CP,B3",BENIGN,
mix-00082,clean,,8529,False,False,CAUTION,"B1,B2,CP,B3",BENIGN,
mix-00082,clean,,8499,False,False,CAUTION,"B1,B2,CP,B3",BENIGN,
mix-00082,clean,,8523,False,False,CAUTION,"B1,B2,CP,B3",BENIGN,
mix-00082,clean,,8529,False,False,CAUTION,"B1,B2,CP,B3",BENIGN,
mix-00082,clean,,8499,False,False,CAUTION,"B1,B2,CP,B3",BENIGN,
mix-00082,clean,,8523,False,False,CAUTION,"B1,B2,CP,B3",BENIGN,
mix-00082,clean,,8529,False,False,CAUTION,"B1,B2,CP,B3",BENIGN,
mix-00082,clean,,8499,False,False,CAUTION,"B1,B2,CP,B3",BENIGN,
mix-00082,clean,,8523,False,False,CAUTION,"B1,B2,CP,B3",BENIGN,
mix-00082,clean,,8529,False,False,CAUTION,"B1,B2,CP,B3",BENIGN,
mix-00082,clean,,8499,False,False,CAUTION,"B1,B2,CP,B3",BENIGN,
mix-00082,clean,,8523,False,False,CAUTION,"B1,B2,CP,B3",BENIGN,
mix-00082,clean,,8529,False,False,CAUTION,"B1,B2,CP,B3",BENIGN,
mix-00082,clean,,8499,False,False,CAUTION,"B1,B2,CP,B3",BENIGN,
mix-00082,clean,,8523,False,False,CAUTION,"B1,B2,CP,B3",BENIGN,
mix-00082,clean,,8529,False,False,CAUTION,"B1,B2,CP,B3",BENIGN,
mix-00082,clean,,8499,False,False,CAUTION,"B1,B2,CP,B3",BENIGN,
mix-00082,clean,,8523,False,False,CAUTION,"B1,B2,CP,B3",BENIGN,
mix-00082,clean,,8529,False,False,CAUTION,"B1,B2,CP,B3",BENIGN,
mix-00082,clean,,8499,False,False,CAUTION,"B1,B2,CP,B3",BENIGN,
mix-00082,clean,,8523,False,False,CAUTION,"B1,B2,CP,B3",BENIGN,
mix-00082,clean,,8529,False,False,CAUTION,"B1,B2,CP,B3",BENIGN,
mix-00082,clean,,8499,False,False,CAUTION,"B1,B2,CP,B3",BENIGN,
mix-00082,clean,,8523,False,False,CAUTION,"B1,B2,CP,B3",BENIGN,
mix-00082,clean,,8529,False,False,CAUTION,"B1,B2,CP,B3",BENIGN,
mix-00082,clean,,8499,False,False,CAUTION,"B1,B2,CP,B3",BENIGN,
mix-00082,clean,,8523,False,False,CAUTION,"B1,B2,CP,B3",BENIGN,
mix-00082,clean,,8529,False,False,CAUTION,"B1,B2,CP,B3",BENIGN,
mix-00082,clean,,8499,False,False,CAUTION,"B1,B2,CP,B3",BENIGN,
mix-00082,clean,,8523,False,False,CAUTION,"B1,B2,CP,B3",BENIGN,
mix-00082,clean,,8529,False,False,CAUTION,"B1,B2,CP,B3",BENIGN,
mix-00082,clean,,8499,False,False,CAUTION,"B1,B2,CP,B3",BENIGN,
mix-00082,clean,,8523,False,False,CAUTION,"B1,B2,CP,B3",BENIGN,
mix-00082,clean,,8529,False,False,CAUTION,"B1,B2,CP,B3",BENIGN,
mix-00082,clean,,8499,False,False,CAUTION,"B1,B2,CP,B3",BENIGN,
mix-00082,clean,,8523,False,False,CAUTION,"B1,B2,CP,B3",BENIGN,
mix-00082,clean,,8529,False,False,CAUTION,"B1,B2,CP,B3",BENIGN,
mix-00082,clean,,8499,False,False,CAUTION,"B1,B2,CP,B3",BENIGN,
mix-00082,clean,,8523,False,False,CAUTION,"B1,B2,CP,B3",BENIGN,
mix-00082,clean,,8529,False,False,CAUTION,"B1,B2,CP,B3",BENIGN,
mix-00082,clean,,8499,False,False,CAUTION,"B1,B2,CP,B3",BENIGN,
mix-00082,clean,,8523,False,False,CAUTION,"B1,B2,CP,B3",BENIGN,
mix-00082,clean,,8529,False,False,CAUTION,"B1,B2,CP,B3",BENIGN,
mix-00082,clean,,8499,False,False,CAUTION,"B1,B2,CP,B3",BENIGN,
mix-00082,clean,,8523,False,False,CAUTION,"B1,B2,CP,B3",BENIGN,
mix-00082,clean,,8529,False,False,CAUTION,"B1,B2,CP,B3",BENIGN,
mix-00082,clean,,8499,False,False,CAUTION,"B1,B2,CP,B3",BENIGN,
mix-00082,clean,,8523,False,False,CAUTION,"B1,B2,CP,B3",BENIGN,
mix-00082,clean,,8529,False,False,CAUTION,"B1,B2,CP,B3",BENIGN,
mix-00082,clean,,8499,False,False,CAUTION,"B1,B2,CP,B3",BENIGN,
mix-00082,clean,,8523,False,False,CAUTION,"B1,B2,CP,B3",BENIGN,
mix-00082,clean,,8529,False,False,CAUTION,"B1,B2,CP,B3",BENIGN,
mix-00082,clean,,8499,False,False,CAUTION,"B1,B2,CP,B3",BENIGN,
mix-00082,clean,,8523,False,False,CAUTION,"B1,B2,CP,B3",BENIGN,
mix-00082,clean,,8529,False,False,CAUTION,"B1,B2,CP,B3",BENIGN,
mix-00082,clean,,8499,False,False,ACCEPT,"B1,B2,CP,B3",BENIGN,
mix-00082,clean,,8523,False,False,CAUTION,"B1,B2,CP,B3",BENIGN,
mix-00082,clean,,8529,False,False,CAUTION,"B1,B2,CP,B3",BENIGN,
mix-00082,clean,,8499,False,False,ACCEPT,"B1,B2,CP,B3",BENIGN,
mix-00082,clean,,8523,False,False,ACCEPT,"B1,B2,CP,B3",BENIGN,
mix-00082,clean,,8529,False,False,CAUTION,"B1,B2,CP,B3",BENIGN,
mix-00082,clean,,8499,False,False,ACCEPT,"B1,B2,CP,B3",BENIGN,
mix-00082,clean,,8523,False,False,ACCEPT,"B1,B2,CP,B3",BENIGN,
mix-00082,clean,,8529,False,False,ACCEPT,"B1,B2,CP,B3",BENIGN,
mix-00082,clean,,8499,False,False,ACCEPT,"B1,B2,CP,B3",BENIGN,
mix-00082,clean,,8523,False,False,ACCEPT,"B1,B2,CP,B3",BENIGN,
mix-00082,clean,,8529,False,False,ACCEPT,"B1,B2,CP,B3",BENIGN,
mix-00082,clean,,8499,False,False,ACCEPT,"B1,B2,CP,B3",BENIGN,
mix-00082,clean,,8523,False,False,ACCEPT,"B1,B2,CP,B3",BENIGN,
mix-00082,clean,,8529,False,False,ACCEPT,"B1,B2,CP,B3",BENIGN,
mix-00082,clean,,8499,False,False,ACCEPT,"B1,B2,CP,B3",BENIGN,
mix-00082,clean,,8523,False,False,ACCEPT,"B1,B2,CP,B3",BENIGN,
mix-00082,clean,,8529,False,False,ACCEPT,"B1,B2,CP,B3",BENIGN,
mix-00082,clean,,8499,False,False,ACCEPT,"B1,B2,CP,B3",BENIGN,
mix-00082,clean,,8523,False,False,ACCEPT,"B1,B2,CP,B3",BENIGN,
mix-00082,clean,,8529,False,False,ACCEPT,"B1,B2,CP,B3",BENIGN,
mix-00082,clean,,8499,False,False,ACCEPT,"B1,B2,CP,B3",BENIGN,
mix-00082,clean,,8523,False,False,ACCEPT,"B1,B2,CP,B3",BENIGN,
mix-00082,clean,,8529,False,False,ACCEPT,"B1,B2,CP,B3",BENIGN,
mix-00082,clean,,8499,False,False,ACCEPT,"B1,B2,CP,B3",BENIGN,
mix-00082,clean,,8523,False,False,ACCEPT,"B1,B2,CP,B3",BENIGN,
mix-00082,clean,,8529,False,False,ACCEPT,"B1,B2,CP,B3",BENIGN,
mix-00082,clean,,8499,False,False,ACCEPT,"B1,B2,CP,B3",BENIGN,
mix-00082,clean,,8523,False,False,ACCEPT,"B1,B2,CP,B3",BENIGN,
mix-00082,clean,,8529,False,False,ACCEPT,"B1,B2,CP,B3",BENIGN,
mix-00082,clean,,8499,False,False,CAUTION,"B1,B2,CP,B3",BENIGN,
mix-00082,clean,,8523,False,False,ACCEPT,"B1,B2,CP,B3",BENIGN,
mix-00082,clean,,8529,False,False,ACCEPT,"B1,B2,CP,B3",BENIGN,
mix-00082,clean,,8499,False,False,ACCEPT,"B1,B2,CP,B3",BENIGN,
mix-00082,clean,,8523,False,False,ACCEPT,"B1,B2,CP,B3",BENIGN,
mix-00082,clean,,8529,False,False,ACCEPT,"B1,B2,CP,B3",BENIGN,
mix-00082,clean,,8499,False,False,CAUTION,"B1,B2,CP,B3",BENIGN,"Speed out of bounds: 255.0 km/h (limit: [0, 180.0])"
mix-00083,kinematic_only,,9675,True,False,ACCEPT,"B1,B2,CP,B3",BENIGN,No history yet; baseline assumed valid.
mix-00083,kinematic_only,,9573,True,False,ACCEPT,"B1,B2,CP,B3",BENIGN,No history yet; baseline assumed valid.
mix-00083,kinematic_only,,9513,True,False,ACCEPT,"B1,B2,CP,B3",BENIGN,No history yet; baseline assumed valid.
mix-00083,kinematic_only,,9675,True,False,CAUTION,"B1,B2,CP,B3",BENIGN,Constant Position check: Vehicle reports movement (avg speed 47.84 km/h) but displacement is only 0.00m over 1000.00s.
mix-00083,kinematic_only,,9573,True,False,CAUTION,"B1,B2,CP,B3",BENIGN,Constant Position check: Vehicle reports movement (avg speed 32.54 km/h) but displacement is only 0.00m over 1000.01s.
mix-00083,kinematic_only,,9513,True,False,CAUTION,"B1,B2,CP,B3",BENIGN,Constant Position check: Vehicle reports movement (avg speed 37.15 km/h) but displacement is only 0.00m over 1000.01s.
mix-00083,kinematic_only,,9675,True,False,CAUTION,"B1,B2,CP,B3",BENIGN,Constant Position check: Vehicle reports movement (avg speed 47.90 km/h) but displacement is only 0.00m over 2000.00s.
mix-00083,kinematic_only,,9573,True,False,CAUTION,"B1,B2,CP,B3",BENIGN,Constant Position check: Vehicle reports movement (avg speed 35.89 km/h) but displacement is only 0.00m over 2000.00s.
mix-00083,kinematic_only,,9513,True,False,CAUTION,"B1,B2,CP,B3",BENIGN,Constant Position check: Vehicle reports movement (avg speed 37.19 km/h) but displacement is only 0.00m over 2000.01s.
mix-00083,kinematic_only,,9675,True,False,CAUTION,"B1,B2,CP,B3",BENIGN,Constant Position check: Vehicle reports movement (avg speed 47.77 km/h) but displacement is only 0.00m over 3000.00s.
mix-00083,kinematic_only,,9573,True,False,CAUTION,"B1,B2,CP,B3",BENIGN,Constant Position check: Vehicle reports movement (avg speed 39.19 km/h) but displacement is only 0.00m over 3000.01s.
mix-00083,kinematic_only,,9513,True,False,CAUTION,"B1,B2,CP,B3",BENIGN,Constant Position check: Vehicle reports movement (avg speed 37.24 km/h) but displacement is only 0.00m over 3000.01s.
mix-00084,clean,,7089,False,False,ACCEPT,"B1,B2,CP,B3",BENIGN,No history yet; baseline assumed valid.
mix-00084,clean,,7107,False,False,ACCEPT,"B1,B2,CP,B3",BENIGN,No history yet; baseline assumed valid.
mix-00084,clean,,7101,False,False,ACCEPT,"B1,B2,CP,B3",BENIGN,No history yet; baseline assumed valid.
mix-00084,clean,,7083,False,False,ACCEPT,"B1,B2,CP,B3",BENIGN,No history yet; baseline assumed valid.
mix-00084,clean,,7089,False,False,CAUTION,"B1,B2,CP,B3",BENIGN,
mix-00084,clean,,7107,False,False,CAUTION,"B1,B2,CP,B3",BENIGN,
mix-00084,clean,,7101,False,False,CAUTION,"B1,B2,CP,B3",BENIGN,
mix-00084,clean,,7083,False,False,ACCEPT,"B1,B2,CP,B3",BENIGN,
mix-00085,kinematic_only,,6813,True,False,ACCEPT,"B1,B2,CP,B3",BENIGN,No history yet; baseline assumed valid.
mix-00085,kinematic_only,,6825,False,False,ACCEPT,"B1,B2,CP,B3",BENIGN,No history yet; baseline assumed valid.
mix-00085,kinematic_only,,6843,False,False,ACCEPT,"B1,B2,CP,B3",BENIGN,No history yet; baseline assumed valid.
mix-00085,kinematic_only,,6813,True,False,CAUTION,"B1,B2,CP,B3",BENIGN,Constant Position check: Vehicle reports movement (avg speed 55.91 km/h) but displacement is only 0.00m over 1000.00s.
mix-00085,kinematic_only,,6825,False,False,CAUTION,"B1,B2,CP,B3",BENIGN,
mix-00085,kinematic_only,,6843,False,False,CAUTION,"B1,B2,CP,B3",BENIGN,"Speed out of bounds: 246.0 km/h (limit: [0, 180.0])"
mix-00085,kinematic_only,,6813,True,False,CAUTION,"B1,B2,CP,B3",BENIGN,Constant Position check: Vehicle reports movement (avg speed 55.80 km/h) but displacement is only 0.00m over 1999.99s.
mix-00085,kinematic_only,,6825,False,False,CAUTION,"B1,B2,CP,B3",BENIGN,
mix-00085,kinematic_only,,6843,False,False,ACCEPT,"B1,B2,CP,B3",BENIGN,
mix-00086,clean,,6399,False,False,ACCEPT,"B1,B2,CP,B3",BENIGN,No history yet; baseline assumed valid.
mix-00086,clean,,6405,False,False,ACCEPT,"B1,B2,CP,B3",BENIGN,No history yet; baseline assumed valid.
mix-00086,clean,,6423,False,False,ACCEPT,"B1,B2,CP,B3",BENIGN,No history yet; baseline assumed valid.
mix-00086,clean,,6399,False,False,ACCEPT,"B1,B2,CP,B3",BENIGN,
mix-00086,clean,,6405,False,False,CAUTION,"B1,B2,CP,B3",BENIGN,
mix-00086,clean,,6423,False,False,ACCEPT,"B1,B2,CP,B3",BENIGN,
mix-00086,clean,,6399,False,False,ACCEPT,"B1,B2,CP,B3",BENIGN,
mix-00086,clean,,6405,False,False,ACCEPT,"B1,B2,CP,B3",BENIGN,
mix-00086,clean,,6423,False,False,ACCEPT,"B1,B2,CP,B3",BENIGN,
mix-00086,clean,,6399,False,False,CAUTION,"B1,B2,CP,B3",BENIGN,
mix-00086,clean,,6405,False,False,ACCEPT,"B1,B2,CP,B3",BENIGN,
mix-00086,clean,,6423,False,False,ACCEPT,"B1,B2,CP,B3",BENIGN,
mix-00086,clean,,6399,False,False,CAUTION,"B1,B2,CP,B3",BENIGN,
mix-00086,clean,,6405,False,False,ACCEPT,"B1,B2,CP,B3",BENIGN,
mix-00086,clean,,6423,False,False,ACCEPT,"B1,B2,CP,B3",BENIGN,
mix-00086,clean,,6399,False,False,CAUTION,"B1,B2,CP,B3",BENIGN,
mix-00086,clean,,6405,False,False,ACCEPT,"B1,B2,CP,B3",BENIGN,
mix-00086,clean,,6423,False,False,CAUTION,"B1,B2,CP,B3",BENIGN,
mix-00087,clean,,7089,False,False,ACCEPT,"B1,B2,CP,B3",BENIGN,No history yet; baseline assumed valid.
mix-00087,clean,,7059,False,False,ACCEPT,"B1,B2,CP,B3",BENIGN,No history yet; baseline assumed valid.
mix-00087,clean,,7083,False,False,ACCEPT,"B1,B2,CP,B3",BENIGN,No history yet; baseline assumed valid.
mix-00087,clean,,7089,False,False,CAUTION,"B1,B2,CP,B3",BENIGN,
mix-00087,clean,,7059,False,False,CAUTION,"B1,B2,CP,B3",BENIGN,
mix-00087,clean,,7083,False,False,CAUTION,"B1,B2,CP,B3",BENIGN,
mix-00087,clean,,7089,False,False,CAUTION,"B1,B2,CP,B3",BENIGN,
mix-00087,clean,,7059,False,False,CAUTION,"B1,B2,CP,B3",BENIGN,
mix-00087,clean,,7083,False,False,CAUTION,"B1,B2,CP,B3",BENIGN,
mix-00087,clean,,7089,False,False,CAUTION,"B1,B2,CP,B3",BENIGN,
mix-00087,clean,,7059,False,False,CAUTION,"B1,B2,CP,B3",BENIGN,
mix-00087,clean,,7083,False,False,CAUTION,"B1,B2,CP,B3",BENIGN,
mix-00087,clean,,7089,False,False,CAUTION,"B1,B2,CP,B3",BENIGN,
mix-00087,clean,,7059,False,False,CAUTION,"B1,B2,CP,B3",BENIGN,
mix-00087,clean,,7083,False,False,CAUTION,"B1,B2,CP,B3",BENIGN,
mix-00087,clean,,7089,False,False,CAUTION,"B1,B2,CP,B3",BENIGN,
mix-00087,clean,,7059,False,False,CAUTION,"B1,B2,CP,B3",BENIGN,
mix-00087,clean,,7083,False,False,CAUTION,"B1,B2,CP,B3",BENIGN,
mix-00087,clean,,7089,False,False,CAUTION,"B1,B2,CP,B3",BENIGN,
mix-00087,clean,,7059,False,False,CAUTION,"B1,B2,CP,B3",BENIGN,
mix-00087,clean,,7083,False,False,CAUTION,"B1,B2,CP,B3",BENIGN,
mix-00087,clean,,7089,False,False,CAUTION,"B1,B2,CP,B3",BENIGN,
mix-00087,clean,,7059,False,False,CAUTION,"B1,B2,CP,B3",BENIGN,
mix-00087,clean,,7083,False,False,CAUTION,"B1,B2,CP,B3",BENIGN,
mix-00087,clean,,7089,False,False,CAUTION,"B1,B2,CP,B3",BENIGN,
mix-00087,clean,,7059,False,False,CAUTION,"B1,B2,CP,B3",BENIGN,
mix-00087,clean,,7083,False,False,CAUTION,"B1,B2,CP,B3",BENIGN,
mix-00087,clean,,7089,False,False,CAUTION,"B1,B2,CP,B3",BENIGN,
mix-00087,clean,,7059,False,False,CAUTION,"B1,B2,CP,B3",BENIGN,
mix-00087,clean,,7083,False,False,CAUTION,"B1,B2,CP,B3",BENIGN,
mix-00087,clean,,7089,False,False,CAUTION,"B1,B2,CP,B3",BENIGN,
mix-00087,clean,,7059,False,False,CAUTION,"B1,B2,CP,B3",BENIGN,
mix-00087,clean,,7083,False,False,CAUTION,"B1,B2,CP,B3",BENIGN,
mix-00087,clean,,7089,False,False,CAUTION,"B1,B2,CP,B3",BENIGN,
mix-00087,clean,,7059,False,False,CAUTION,"B1,B2,CP,B3",BENIGN,
mix-00087,clean,,7083,False,False,CAUTION,"B1,B2,CP,B3",BENIGN,
mix-00087,clean,,7089,False,False,CAUTION,"B1,B2,CP,B3",BENIGN,
mix-00087,clean,,7059,False,False,CAUTION,"B1,B2,CP,B3",BENIGN,
mix-00087,clean,,7083,False,False,CAUTION,"B1,B2,CP,B3",BENIGN,
mix-00087,clean,,7089,False,False,CAUTION,"B1,B2,CP,B3",BENIGN,
mix-00087,clean,,7059,False,False,CAUTION,"B1,B2,CP,B3",BENIGN,
mix-00087,clean,,7083,False,False,CAUTION,"B1,B2,CP,B3",BENIGN,
mix-00087,clean,,7089,False,False,CAUTION,"B1,B2,CP,B3",BENIGN,
mix-00087,clean,,7059,False,False,CAUTION,"B1,B2,CP,B3",BENIGN,
mix-00087,clean,,7083,False,False,CAUTION,"B1,B2,CP,B3",BENIGN,
mix-00087,clean,,7089,False,False,CAUTION,"B1,B2,CP,B3",BENIGN,
mix-00087,clean,,7059,False,False,CAUTION,"B1,B2,CP,B3",BENIGN,
mix-00087,clean,,7083,False,False,CAUTION,"B1,B2,CP,B3",BENIGN,
mix-00087,clean,,7089,False,False,CAUTION,"B1,B2,CP,B3",BENIGN,
mix-00087,clean,,7059,False,False,CAUTION,"B1,B2,CP,B3",BENIGN,
mix-00087,clean,,7083,False,False,CAUTION,"B1,B2,CP,B3",BENIGN,
mix-00087,clean,,7089,False,False,CAUTION,"B1,B2,CP,B3",BENIGN,
mix-00087,clean,,7059,False,False,CAUTION,"B1,B2,CP,B3",BENIGN,
mix-00087,clean,,7083,False,False,CAUTION,"B1,B2,CP,B3",BENIGN,
mix-00088,mixed,semantic_narrative_poisoning,6627,False,True,ACCEPT,"B1,B2,CP,B3",BENIGN,No history yet; baseline assumed valid.
mix-00088,mixed,semantic_narrative_poisoning,6759,False,False,ACCEPT,"B1,B2,CP,B3",BENIGN,No history yet; baseline assumed valid.
mix-00088,mixed,semantic_narrative_poisoning,6633,True,False,ACCEPT,"B1,B2,CP,B3",BENIGN,No history yet; baseline assumed valid.
mix-00088,mixed,semantic_narrative_poisoning,6627,False,True,ACCEPT,"B1,B2,CP,B3",BENIGN,
mix-00088,mixed,semantic_narrative_poisoning,6759,False,False,CAUTION,"B1,B2,CP,B3",BENIGN,"Speed out of bounds: 287.0 km/h (limit: [0, 180.0])"
mix-00088,mixed,semantic_narrative_poisoning,6633,True,False,CAUTION,"B1,B2,CP,B3",BENIGN,Constant Position check: Vehicle reports movement (avg speed 47.30 km/h) but displacement is only 0.00m over 1000.00s.
mix-00088,mixed,semantic_narrative_poisoning,6627,False,True,ACCEPT,"B1,B2,CP,B3",BENIGN,
mix-00088,mixed,semantic_narrative_poisoning,6759,False,False,CAUTION,"B1,B2,CP,B3",BENIGN,
mix-00088,mixed,semantic_narrative_poisoning,6633,True,False,CAUTION,"B1,B2,CP,B3",BENIGN,Constant Position check: Vehicle reports movement (avg speed 47.32 km/h) but displacement is only 0.00m over 2000.00s.
mix-00089,semantic_only,authority_override,8157,False,False,ACCEPT,"B1,B2,CP,B3",BENIGN,No history yet; baseline assumed valid.
mix-00089,semantic_only,authority_override,8319,False,True,REJECT,"B1,B2,CP,B3",MALICIOUS,No history yet; baseline assumed valid.
mix-00089,semantic_only,authority_override,8325,False,False,CAUTION,"B1,B2,CP,B3",BENIGN,"Speed out of bounds: 212.0 km/h (limit: [0, 180.0]);No history yet; baseline assumed valid."
mix-00089,semantic_only,authority_override,8157,False,False,CAUTION,"B1,B2,CP,B3",BENIGN,
mix-00089,semantic_only,authority_override,8319,False,True,REJECT,"B1,B2,CP,B3",MALICIOUS,"Speed out of bounds: 284.0 km/h (limit: [0, 180.0])"
mix-00089,semantic_only,authority_override,8325,False,False,ACCEPT,"B1,B2,CP,B3",BENIGN,
mix-00089,semantic_only,authority_override,8157,False,False,CAUTION,"B1,B2,CP,B3",BENIGN,
mix-00089,semantic_only,authority_override,8319,False,True,REJECT,"B1,B2,CP,B3",MALICIOUS,
mix-00089,semantic_only,authority_override,8325,False,False,ACCEPT,"B1,B2,CP,B3",BENIGN,
mix-00089,semantic_only,authority_override,8157,False,False,ACCEPT,"B1,B2,CP,B3",BENIGN,
mix-00089,semantic_only,authority_override,8319,False,True,REJECT,"B1,B2,CP,B3",MALICIOUS,
mix-00089,semantic_only,authority_override,8325,False,False,ACCEPT,"B1,B2,CP,B3",BENIGN,
mix-00089,semantic_only,authority_override,8157,False,False,CAUTION,"B1,B2,CP,B3",BENIGN,"Speed out of bounds: 294.0 km/h (limit: [0, 180.0])"
mix-00089,semantic_only,authority_override,8319,False,True,REJECT,"B1,B2,CP,B3",MALICIOUS,
mix-00089,semantic_only,authority_override,8325,False,False,ACCEPT,"B1,B2,CP,B3",BENIGN,
mix-00090,kinematic_only,,8493,True,False,ACCEPT,"B1,B2,CP,B3",BENIGN,No history yet; baseline assumed valid.
mix-00090,kinematic_only,,8469,False,False,ACCEPT,"B1,B2,CP,B3",BENIGN,No history yet; baseline assumed valid.
mix-00090,kinematic_only,,8457,False,False,ACCEPT,"B1,B2,CP,B3",BENIGN,No history yet; baseline assumed valid.
mix-00090,kinematic_only,,8493,True,False,CAUTION,"B1,B2,CP,B3",BENIGN,"Speed out of bounds: 230.0 km/h (limit: [0, 180.0])"
mix-00090,kinematic_only,,8469,False,False,CAUTION,"B1,B2,CP,B3",BENIGN,
mix-00090,kinematic_only,,8457,False,False,CAUTION,"B1,B2,CP,B3",BENIGN,
mix-00090,kinematic_only,,8493,True,False,CAUTION,"B1,B2,CP,B3",BENIGN,Constant Position check: Vehicle reports movement (avg speed 115.00 km/h) but displacement is only 0.00m over 2000.01s.
mix-00090,kinematic_only,,8469,False,False,CAUTION,"B1,B2,CP,B3",BENIGN,
mix-00090,kinematic_only,,8457,False,False,CAUTION,"B1,B2,CP,B3",BENIGN,
mix-00090,kinematic_only,,8493,True,False,CAUTION,"B1,B2,CP,B3",BENIGN,Constant Position check: Vehicle reports movement (avg speed 81.83 km/h) but displacement is only 0.00m over 2999.99s.
mix-00090,kinematic_only,,8469,False,False,CAUTION,"B1,B2,CP,B3",BENIGN,
mix-00090,kinematic_only,,8457,False,False,CAUTION,"B1,B2,CP,B3",BENIGN,
mix-00090,kinematic_only,,8493,True,False,CAUTION,"B1,B2,CP,B3",BENIGN,Constant Position check: Vehicle reports movement (avg speed 67.11 km/h) but displacement is only 0.00m over 4000.00s.
mix-00090,kinematic_only,,8469,False,False,CAUTION,"B1,B2,CP,B3",BENIGN,
mix-00090,kinematic_only,,8457,False,False,CAUTION,"B1,B2,CP,B3",BENIGN,
mix-00091,semantic_only,multi_message_context_poisoning,8097,False,True,ACCEPT,"B1,B2,CP,B3",BENIGN,No history yet; baseline assumed valid.
mix-00091,semantic_only,multi_message_context_poisoning,8229,False,False,ACCEPT,"B1,B2,CP,B3",BENIGN,No history yet; baseline assumed valid.
mix-00091,semantic_only,multi_message_context_poisoning,8223,False,False,ACCEPT,"B1,B2,CP,B3",BENIGN,No history yet; baseline assumed valid.
mix-00091,semantic_only,multi_message_context_poisoning,8097,False,True,CAUTION,"B1,B2,CP,B3",BENIGN,
mix-00091,semantic_only,multi_message_context_poisoning,8229,False,False,CAUTION,"B1,B2,CP,B3",BENIGN,
mix-00091,semantic_only,multi_message_context_poisoning,8223,False,False,CAUTION,"B1,B2,CP,B3",BENIGN,
mix-00091,semantic_only,multi_message_context_poisoning,8097,False,True,CAUTION,"B1,B2,CP,B3",BENIGN,
mix-00091,semantic_only,multi_message_context_poisoning,8229,False,False,CAUTION,"B1,B2,CP,B3",BENIGN,
mix-00091,semantic_only,multi_message_context_poisoning,8223,False,False,CAUTION,"B1,B2,CP,B3",BENIGN,
mix-00091,semantic_only,multi_message_context_poisoning,8097,False,True,CAUTION,"B1,B2,CP,B3",BENIGN,
mix-00091,semantic_only,multi_message_context_poisoning,8229,False,False,CAUTION,"B1,B2,CP,B3",BENIGN,
mix-00091,semantic_only,multi_message_context_poisoning,8223,False,False,CAUTION,"B1,B2,CP,B3",BENIGN,
mix-00091,semantic_only,multi_message_context_poisoning,8097,False,True,CAUTION,"B1,B2,CP,B3",BENIGN,
mix-00091,semantic_only,multi_message_context_poisoning,8229,False,False,CAUTION,"B1,B2,CP,B3",BENIGN,
mix-00091,semantic_only,multi_message_context_poisoning,8223,False,False,CAUTION,"B1,B2,CP,B3",BENIGN,
mix-00091,semantic_only,multi_message_context_poisoning,8097,False,True,ACCEPT,"B1,B2,CP,B3",BENIGN,
mix-00091,semantic_only,multi_message_context_poisoning,8229,False,False,CAUTION,"B1,B2,CP,B3",BENIGN,
mix-00091,semantic_only,multi_message_context_poisoning,8223,False,False,CAUTION,"B1,B2,CP,B3",BENIGN,
mix-00091,semantic_only,multi_message_context_poisoning,8097,False,True,ACCEPT,"B1,B2,CP,B3",BENIGN,
mix-00091,semantic_only,multi_message_context_poisoning,8229,False,False,CAUTION,"B1,B2,CP,B3",BENIGN,
mix-00091,semantic_only,multi_message_context_poisoning,8223,False,False,CAUTION,"B1,B2,CP,B3",BENIGN,
mix-00092,semantic_only,hazard_suppression,8661,False,False,ACCEPT,"B1,B2,CP,B3",BENIGN,No history yet; baseline assumed valid.
mix-00092,semantic_only,hazard_suppression,8787,False,False,ACCEPT,"B1,B2,CP,B3",BENIGN,No history yet; baseline assumed valid.
mix-00092,semantic_only,hazard_suppression,8667,False,False,ACCEPT,"B1,B2,CP,B3",BENIGN,No history yet; baseline assumed valid.
mix-00092,semantic_only,hazard_suppression,8703,False,True,CAUTION,"B1,B2,CP,B3",MALICIOUS,No history yet; baseline assumed valid.
mix-00092,semantic_only,hazard_suppression,8661,False,False,ACCEPT,"B1,B2,CP,B3",BENIGN,
mix-00092,semantic_only,hazard_suppression,8787,False,False,CAUTION,"B1,B2,CP,B3",BENIGN,
mix-00092,semantic_only,hazard_suppression,8667,False,False,ACCEPT,"B1,B2,CP,B3",BENIGN,
mix-00092,semantic_only,hazard_suppression,8703,False,True,CAUTION,"B1,B2,CP,B3",MALICIOUS,
mix-00092,semantic_only,hazard_suppression,8661,False,False,ACCEPT,"B1,B2,CP,B3",BENIGN,
mix-00092,semantic_only,hazard_suppression,8787,False,False,CAUTION,"B1,B2,CP,B3",BENIGN,
mix-00092,semantic_only,hazard_suppression,8667,False,False,ACCEPT,"B1,B2,CP,B3",BENIGN,
mix-00092,semantic_only,hazard_suppression,8703,False,True,CAUTION,"B1,B2,CP,B3",MALICIOUS,
mix-00092,semantic_only,hazard_suppression,8661,False,False,ACCEPT,"B1,B2,CP,B3",BENIGN,
mix-00092,semantic_only,hazard_suppression,8787,False,False,CAUTION,"B1,B2,CP,B3",BENIGN,
mix-00092,semantic_only,hazard_suppression,8667,False,False,CAUTION,"B1,B2,CP,B3",BENIGN,
mix-00092,semantic_only,hazard_suppression,8703,False,True,CAUTION,"B1,B2,CP,B3",MALICIOUS,
mix-00092,semantic_only,hazard_suppression,8661,False,False,CAUTION,"B1,B2,CP,B3",BENIGN,
mix-00092,semantic_only,hazard_suppression,8787,False,False,CAUTION,"B1,B2,CP,B3",BENIGN,
mix-00092,semantic_only,hazard_suppression,8667,False,False,CAUTION,"B1,B2,CP,B3",BENIGN,
mix-00092,semantic_only,hazard_suppression,8703,False,True,CAUTION,"B1,B2,CP,B3",MALICIOUS,
mix-00092,semantic_only,hazard_suppression,8661,False,False,CAUTION,"B1,B2,CP,B3",BENIGN,
mix-00092,semantic_only,hazard_suppression,8787,False,False,CAUTION,"B1,B2,CP,B3",BENIGN,
mix-00092,semantic_only,hazard_suppression,8667,False,False,CAUTION,"B1,B2,CP,B3",BENIGN,
mix-00092,semantic_only,hazard_suppression,8703,False,True,CAUTION,"B1,B2,CP,B3",MALICIOUS,
mix-00092,semantic_only,hazard_suppression,8661,False,False,CAUTION,"B1,B2,CP,B3",BENIGN,
mix-00092,semantic_only,hazard_suppression,8787,False,False,CAUTION,"B1,B2,CP,B3",BENIGN,
mix-00092,semantic_only,hazard_suppression,8667,False,False,CAUTION,"B1,B2,CP,B3",BENIGN,
mix-00092,semantic_only,hazard_suppression,8703,False,True,CAUTION,"B1,B2,CP,B3",MALICIOUS,
mix-00092,semantic_only,hazard_suppression,8661,False,False,CAUTION,"B1,B2,CP,B3",BENIGN,
mix-00092,semantic_only,hazard_suppression,8787,False,False,CAUTION,"B1,B2,CP,B3",BENIGN,
mix-00092,semantic_only,hazard_suppression,8667,False,False,CAUTION,"B1,B2,CP,B3",BENIGN,
mix-00092,semantic_only,hazard_suppression,8703,False,True,CAUTION,"B1,B2,CP,B3",MALICIOUS,
mix-00092,semantic_only,hazard_suppression,8661,False,False,CAUTION,"B1,B2,CP,B3",BENIGN,
mix-00092,semantic_only,hazard_suppression,8787,False,False,CAUTION,"B1,B2,CP,B3",BENIGN,
mix-00092,semantic_only,hazard_suppression,8667,False,False,CAUTION,"B1,B2,CP,B3",BENIGN,
mix-00092,semantic_only,hazard_suppression,8703,False,True,CAUTION,"B1,B2,CP,B3",MALICIOUS,
mix-00093,semantic_only,mixed_semantic_attacks,9657,False,True,ACCEPT,"B1,B2,CP,B3",BENIGN,No history yet; baseline assumed valid.
mix-00093,semantic_only,mixed_semantic_attacks,9561,False,False,ACCEPT,"B1,B2,CP,B3",BENIGN,No history yet; baseline assumed valid.
mix-00093,semantic_only,mixed_semantic_attacks,9729,False,False,ACCEPT,"B1,B2,CP,B3",BENIGN,No history yet; baseline assumed valid.
mix-00093,semantic_only,mixed_semantic_attacks,9657,False,True,CAUTION,"B1,B2,CP,B3",BENIGN,"Speed out of bounds: 232.0 km/h (limit: [0, 180.0])"
mix-00093,semantic_only,mixed_semantic_attacks,9561,False,False,CAUTION,"B1,B2,CP,B3",BENIGN,
mix-00093,semantic_only,mixed_semantic_attacks,9729,False,False,CAUTION,"B1,B2,CP,B3",BENIGN,
mix-00094,semantic_only,goal_manipulation,6627,False,False,ACCEPT,"B1,B2,CP,B3",BENIGN,No history yet; baseline assumed valid.
mix-00094,semantic_only,goal_manipulation,6699,False,True,ACCEPT,"B1,B2,CP,B3",BENIGN,No history yet; baseline assumed valid.
mix-00094,semantic_only,goal_manipulation,6705,False,False,ACCEPT,"B1,B2,CP,B3",BENIGN,No history yet; baseline assumed valid.
mix-00094,semantic_only,goal_manipulation,6639,False,False,ACCEPT,"B1,B2,CP,B3",BENIGN,No history yet; baseline assumed valid.
mix-00094,semantic_only,goal_manipulation,6627,False,False,ACCEPT,"B1,B2,CP,B3",BENIGN,
mix-00094,semantic_only,goal_manipulation,6699,False,True,CAUTION,"B1,B2,CP,B3",BENIGN,
mix-00094,semantic_only,goal_manipulation,6705,False,False,CAUTION,"B1,B2,CP,B3",BENIGN,
mix-00094,semantic_only,goal_manipulation,6639,False,False,CAUTION,"B1,B2,CP,B3",BENIGN,
mix-00094,semantic_only,goal_manipulation,6627,False,False,ACCEPT,"B1,B2,CP,B3",BENIGN,
mix-00094,semantic_only,goal_manipulation,6699,False,True,CAUTION,"B1,B2,CP,B3",BENIGN,
mix-00094,semantic_only,goal_manipulation,6705,False,False,CAUTION,"B1,B2,CP,B3",BENIGN,
mix-00094,semantic_only,goal_manipulation,6639,False,False,CAUTION,"B1,B2,CP,B3",BENIGN,
mix-00094,semantic_only,goal_manipulation,6627,False,False,ACCEPT,"B1,B2,CP,B3",BENIGN,
mix-00094,semantic_only,goal_manipulation,6699,False,True,CAUTION,"B1,B2,CP,B3",BENIGN,
mix-00094,semantic_only,goal_manipulation,6705,False,False,CAUTION,"B1,B2,CP,B3",BENIGN,
mix-00094,semantic_only,goal_manipulation,6639,False,False,CAUTION,"B1,B2,CP,B3",BENIGN,
mix-00094,semantic_only,goal_manipulation,6627,False,False,ACCEPT,"B1,B2,CP,B3",BENIGN,
mix-00094,semantic_only,goal_manipulation,6699,False,True,CAUTION,"B1,B2,CP,B3",BENIGN,
mix-00094,semantic_only,goal_manipulation,6705,False,False,CAUTION,"B1,B2,CP,B3",BENIGN,
mix-00094,semantic_only,goal_manipulation,6639,False,False,CAUTION,"B1,B2,CP,B3",BENIGN,
mix-00094,semantic_only,goal_manipulation,6627,False,False,ACCEPT,"B1,B2,CP,B3",BENIGN,
mix-00094,semantic_only,goal_manipulation,6699,False,True,CAUTION,"B1,B2,CP,B3",BENIGN,
mix-00094,semantic_only,goal_manipulation,6705,False,False,CAUTION,"B1,B2,CP,B3",BENIGN,
mix-00094,semantic_only,goal_manipulation,6639,False,False,ACCEPT,"B1,B2,CP,B3",BENIGN,
mix-00094,semantic_only,goal_manipulation,6627,False,False,ACCEPT,"B1,B2,CP,B3",BENIGN,
mix-00094,semantic_only,goal_manipulation,6699,False,True,CAUTION,"B1,B2,CP,B3",BENIGN,
mix-00094,semantic_only,goal_manipulation,6705,False,False,CAUTION,"B1,B2,CP,B3",BENIGN,
mix-00094,semantic_only,goal_manipulation,6639,False,False,ACCEPT,"B1,B2,CP,B3",BENIGN,
mix-00094,semantic_only,goal_manipulation,6627,False,False,ACCEPT,"B1,B2,CP,B3",BENIGN,
mix-00094,semantic_only,goal_manipulation,6699,False,True,CAUTION,"B1,B2,CP,B3",BENIGN,
mix-00094,semantic_only,goal_manipulation,6705,False,False,CAUTION,"B1,B2,CP,B3",BENIGN,
mix-00094,semantic_only,goal_manipulation,6639,False,False,ACCEPT,"B1,B2,CP,B3",BENIGN,
mix-00094,semantic_only,goal_manipulation,6627,False,False,ACCEPT,"B1,B2,CP,B3",BENIGN,
mix-00094,semantic_only,goal_manipulation,6699,False,True,CAUTION,"B1,B2,CP,B3",BENIGN,
mix-00094,semantic_only,goal_manipulation,6705,False,False,CAUTION,"B1,B2,CP,B3",BENIGN,
mix-00094,semantic_only,goal_manipulation,6639,False,False,CAUTION,"B1,B2,CP,B3",BENIGN,
mix-00094,semantic_only,goal_manipulation,6627,False,False,ACCEPT,"B1,B2,CP,B3",BENIGN,
mix-00094,semantic_only,goal_manipulation,6699,False,True,CAUTION,"B1,B2,CP,B3",BENIGN,
mix-00094,semantic_only,goal_manipulation,6705,False,False,CAUTION,"B1,B2,CP,B3",BENIGN,
mix-00094,semantic_only,goal_manipulation,6639,False,False,CAUTION,"B1,B2,CP,B3",BENIGN,
mix-00094,semantic_only,goal_manipulation,6627,False,False,ACCEPT,"B1,B2,CP,B3",BENIGN,
mix-00094,semantic_only,goal_manipulation,6699,False,True,CAUTION,"B1,B2,CP,B3",BENIGN,
mix-00094,semantic_only,goal_manipulation,6705,False,False,CAUTION,"B1,B2,CP,B3",BENIGN,
mix-00094,semantic_only,goal_manipulation,6639,False,False,CAUTION,"B1,B2,CP,B3",BENIGN,
mix-00094,semantic_only,goal_manipulation,6627,False,False,ACCEPT,"B1,B2,CP,B3",BENIGN,
mix-00094,semantic_only,goal_manipulation,6699,False,True,CAUTION,"B1,B2,CP,B3",BENIGN,
mix-00094,semantic_only,goal_manipulation,6705,False,False,CAUTION,"B1,B2,CP,B3",BENIGN,
mix-00094,semantic_only,goal_manipulation,6639,False,False,CAUTION,"B1,B2,CP,B3",BENIGN,
mix-00095,clean,,8889,False,False,ACCEPT,"B1,B2,CP,B3",BENIGN,No history yet; baseline assumed valid.
mix-00095,clean,,8859,False,False,ACCEPT,"B1,B2,CP,B3",BENIGN,No history yet; baseline assumed valid.
mix-00095,clean,,8877,False,False,ACCEPT,"B1,B2,CP,B3",BENIGN,No history yet; baseline assumed valid.
mix-00095,clean,,8883,False,False,ACCEPT,"B1,B2,CP,B3",BENIGN,No history yet; baseline assumed valid.
mix-00095,clean,,8889,False,False,ACCEPT,"B1,B2,CP,B3",BENIGN,
mix-00095,clean,,8859,False,False,ACCEPT,"B1,B2,CP,B3",BENIGN,
mix-00095,clean,,8877,False,False,ACCEPT,"B1,B2,CP,B3",BENIGN,
mix-00095,clean,,8883,False,False,ACCEPT,"B1,B2,CP,B3",BENIGN,
mix-00095,clean,,8889,False,False,ACCEPT,"B1,B2,CP,B3",BENIGN,
mix-00095,clean,,8859,False,False,ACCEPT,"B1,B2,CP,B3",BENIGN,
mix-00095,clean,,8877,False,False,CAUTION,"B1,B2,CP,B3",BENIGN,
mix-00095,clean,,8883,False,False,ACCEPT,"B1,B2,CP,B3",BENIGN,
mix-00095,clean,,8889,False,False,ACCEPT,"B1,B2,CP,B3",BENIGN,
mix-00095,clean,,8859,False,False,ACCEPT,"B1,B2,CP,B3",BENIGN,
mix-00095,clean,,8877,False,False,CAUTION,"B1,B2,CP,B3",BENIGN,
mix-00095,clean,,8883,False,False,ACCEPT,"B1,B2,CP,B3",BENIGN,
mix-00095,clean,,8889,False,False,ACCEPT,"B1,B2,CP,B3",BENIGN,
mix-00095,clean,,8859,False,False,CAUTION,"B1,B2,CP,B3",BENIGN,
mix-00095,clean,,8877,False,False,CAUTION,"B1,B2,CP,B3",BENIGN,
mix-00095,clean,,8883,False,False,CAUTION,"B1,B2,CP,B3",BENIGN,
mix-00095,clean,,8889,False,False,CAUTION,"B1,B2,CP,B3",BENIGN,
mix-00095,clean,,8859,False,False,CAUTION,"B1,B2,CP,B3",BENIGN,
mix-00095,clean,,8877,False,False,CAUTION,"B1,B2,CP,B3",BENIGN,
mix-00095,clean,,8883,False,False,CAUTION,"B1,B2,CP,B3",BENIGN,
mix-00095,clean,,8889,False,False,CAUTION,"B1,B2,CP,B3",BENIGN,
mix-00095,clean,,8859,False,False,CAUTION,"B1,B2,CP,B3",BENIGN,
mix-00095,clean,,8877,False,False,CAUTION,"B1,B2,CP,B3",BENIGN,
mix-00095,clean,,8883,False,False,CAUTION,"B1,B2,CP,B3",BENIGN,
mix-00095,clean,,8889,False,False,CAUTION,"B1,B2,CP,B3",BENIGN,
mix-00095,clean,,8859,False,False,CAUTION,"B1,B2,CP,B3",BENIGN,
mix-00095,clean,,8877,False,False,CAUTION,"B1,B2,CP,B3",BENIGN,
mix-00095,clean,,8883,False,False,CAUTION,"B1,B2,CP,B3",BENIGN,
mix-00095,clean,,8889,False,False,CAUTION,"B1,B2,CP,B3",BENIGN,
mix-00095,clean,,8859,False,False,CAUTION,"B1,B2,CP,B3",BENIGN,
mix-00095,clean,,8877,False,False,CAUTION,"B1,B2,CP,B3",BENIGN,
mix-00095,clean,,8883,False,False,CAUTION,"B1,B2,CP,B3",BENIGN,
mix-00095,clean,,8889,False,False,CAUTION,"B1,B2,CP,B3",BENIGN,
mix-00095,clean,,8859,False,False,CAUTION,"B1,B2,CP,B3",BENIGN,
mix-00095,clean,,8877,False,False,CAUTION,"B1,B2,CP,B3",BENIGN,
mix-00095,clean,,8883,False,False,CAUTION,"B1,B2,CP,B3",BENIGN,
mix-00096,semantic_only,hazard_amplification,9081,False,True,REJECT,"B1,B2,CP,B3",BENIGN,No history yet; baseline assumed valid.
mix-00096,semantic_only,hazard_amplification,9069,False,False,ACCEPT,"B1,B2,CP,B3",BENIGN,No history yet; baseline assumed valid.
mix-00096,semantic_only,hazard_amplification,9087,False,False,ACCEPT,"B1,B2,CP,B3",BENIGN,No history yet; baseline assumed valid.
mix-00096,semantic_only,hazard_amplification,9081,False,True,REJECT,"B1,B2,CP,B3",BENIGN,
mix-00096,semantic_only,hazard_amplification,9069,False,False,CAUTION,"B1,B2,CP,B3",BENIGN,
mix-00096,semantic_only,hazard_amplification,9087,False,False,CAUTION,"B1,B2,CP,B3",BENIGN,
mix-00096,semantic_only,hazard_amplification,9081,False,True,REJECT,"B1,B2,CP,B3",BENIGN,
mix-00096,semantic_only,hazard_amplification,9069,False,False,CAUTION,"B1,B2,CP,B3",BENIGN,
mix-00096,semantic_only,hazard_amplification,9087,False,False,CAUTION,"B1,B2,CP,B3",BENIGN,
mix-00096,semantic_only,hazard_amplification,9081,False,True,CAUTION,"B1,B2,CP,B3",BENIGN,
mix-00096,semantic_only,hazard_amplification,9069,False,False,ACCEPT,"B1,B2,CP,B3",BENIGN,
mix-00096,semantic_only,hazard_amplification,9087,False,False,ACCEPT,"B1,B2,CP,B3",BENIGN,
mix-00096,semantic_only,hazard_amplification,9081,False,True,CAUTION,"B1,B2,CP,B3",BENIGN,
mix-00096,semantic_only,hazard_amplification,9069,False,False,ACCEPT,"B1,B2,CP,B3",BENIGN,
mix-00096,semantic_only,hazard_amplification,9087,False,False,ACCEPT,"B1,B2,CP,B3",BENIGN,
mix-00096,semantic_only,hazard_amplification,9081,False,True,CAUTION,"B1,B2,CP,B3",BENIGN,
mix-00096,semantic_only,hazard_amplification,9069,False,False,ACCEPT,"B1,B2,CP,B3",BENIGN,
mix-00096,semantic_only,hazard_amplification,9087,False,False,ACCEPT,"B1,B2,CP,B3",BENIGN,
mix-00096,semantic_only,hazard_amplification,9081,False,True,CAUTION,"B1,B2,CP,B3",BENIGN,
mix-00096,semantic_only,hazard_amplification,9069,False,False,CAUTION,"B1,B2,CP,B3",BENIGN,
mix-00096,semantic_only,hazard_amplification,9087,False,False,ACCEPT,"B1,B2,CP,B3",BENIGN,
mix-00096,semantic_only,hazard_amplification,9081,False,True,CAUTION,"B1,B2,CP,B3",BENIGN,
mix-00096,semantic_only,hazard_amplification,9069,False,False,CAUTION,"B1,B2,CP,B3",BENIGN,
mix-00096,semantic_only,hazard_amplification,9087,False,False,ACCEPT,"B1,B2,CP,B3",BENIGN,
mix-00096,semantic_only,hazard_amplification,9081,False,True,CAUTION,"B1,B2,CP,B3",BENIGN,
mix-00096,semantic_only,hazard_amplification,9069,False,False,CAUTION,"B1,B2,CP,B3",BENIGN,
mix-00096,semantic_only,hazard_amplification,9087,False,False,CAUTION,"B1,B2,CP,B3",BENIGN,
mix-00096,semantic_only,hazard_amplification,9081,False,True,CAUTION,"B1,B2,CP,B3",BENIGN,
mix-00096,semantic_only,hazard_amplification,9069,False,False,CAUTION,"B1,B2,CP,B3",BENIGN,
mix-00096,semantic_only,hazard_amplification,9087,False,False,CAUTION,"B1,B2,CP,B3",BENIGN,
mix-00096,semantic_only,hazard_amplification,9081,False,True,CAUTION,"B1,B2,CP,B3",BENIGN,
mix-00096,semantic_only,hazard_amplification,9069,False,False,CAUTION,"B1,B2,CP,B3",BENIGN,
mix-00096,semantic_only,hazard_amplification,9087,False,False,CAUTION,"B1,B2,CP,B3",BENIGN,
mix-00096,semantic_only,hazard_amplification,9081,False,True,CAUTION,"B1,B2,CP,B3",BENIGN,
mix-00096,semantic_only,hazard_amplification,9069,False,False,CAUTION,"B1,B2,CP,B3",BENIGN,
mix-00096,semantic_only,hazard_amplification,9087,False,False,CAUTION,"B1,B2,CP,B3",BENIGN,
mix-00096,semantic_only,hazard_amplification,9081,False,True,CAUTION,"B1,B2,CP,B3",BENIGN,
mix-00096,semantic_only,hazard_amplification,9069,False,False,CAUTION,"B1,B2,CP,B3",BENIGN,
mix-00096,semantic_only,hazard_amplification,9087,False,False,CAUTION,"B1,B2,CP,B3",BENIGN,
mix-00096,semantic_only,hazard_amplification,9081,False,True,CAUTION,"B1,B2,CP,B3",BENIGN,
mix-00096,semantic_only,hazard_amplification,9069,False,False,CAUTION,"B1,B2,CP,B3",BENIGN,
mix-00096,semantic_only,hazard_amplification,9087,False,False,CAUTION,"B1,B2,CP,B3",BENIGN,
mix-00096,semantic_only,hazard_amplification,9081,False,True,CAUTION,"B1,B2,CP,B3",BENIGN,
mix-00096,semantic_only,hazard_amplification,9069,False,False,CAUTION,"B1,B2,CP,B3",BENIGN,
mix-00096,semantic_only,hazard_amplification,9087,False,False,CAUTION,"B1,B2,CP,B3",BENIGN,
mix-00097,semantic_only,temporal_context_drift,8385,False,False,ACCEPT,"B1,B2,CP,B3",BENIGN,No history yet; baseline assumed valid.
mix-00097,semantic_only,temporal_context_drift,8349,False,True,REJECT,"B1,B2,CP,B3",BENIGN,No history yet; baseline assumed valid.
mix-00097,semantic_only,temporal_context_drift,8361,False,False,ACCEPT,"B1,B2,CP,B3",BENIGN,No history yet; baseline assumed valid.
mix-00097,semantic_only,temporal_context_drift,8385,False,False,ACCEPT,"B1,B2,CP,B3",BENIGN,
mix-00097,semantic_only,temporal_context_drift,8349,False,True,CAUTION,"B1,B2,CP,B3",BENIGN,
mix-00097,semantic_only,temporal_context_drift,8361,False,False,ACCEPT,"B1,B2,CP,B3",BENIGN,
mix-00097,semantic_only,temporal_context_drift,8385,False,False,ACCEPT,"B1,B2,CP,B3",BENIGN,
mix-00097,semantic_only,temporal_context_drift,8349,False,True,CAUTION,"B1,B2,CP,B3",BENIGN,
mix-00097,semantic_only,temporal_context_drift,8361,False,False,ACCEPT,"B1,B2,CP,B3",BENIGN,
mix-00097,semantic_only,temporal_context_drift,8385,False,False,ACCEPT,"B1,B2,CP,B3",BENIGN,
mix-00097,semantic_only,temporal_context_drift,8349,False,True,CAUTION,"B1,B2,CP,B3",BENIGN,
mix-00097,semantic_only,temporal_context_drift,8361,False,False,ACCEPT,"B1,B2,CP,B3",BENIGN,
mix-00097,semantic_only,temporal_context_drift,8385,False,False,ACCEPT,"B1,B2,CP,B3",BENIGN,
mix-00097,semantic_only,temporal_context_drift,8349,False,True,CAUTION,"B1,B2,CP,B3",BENIGN,
mix-00097,semantic_only,temporal_context_drift,8361,False,False,ACCEPT,"B1,B2,CP,B3",BENIGN,
mix-00097,semantic_only,temporal_context_drift,8385,False,False,ACCEPT,"B1,B2,CP,B3",BENIGN,
mix-00097,semantic_only,temporal_context_drift,8349,False,True,CAUTION,"B1,B2,CP,B3",BENIGN,
mix-00097,semantic_only,temporal_context_drift,8361,False,False,ACCEPT,"B1,B2,CP,B3",BENIGN,
mix-00097,semantic_only,temporal_context_drift,8385,False,False,ACCEPT,"B1,B2,CP,B3",BENIGN,
mix-00097,semantic_only,temporal_context_drift,8349,False,True,CAUTION,"B1,B2,CP,B3",BENIGN,
mix-00097,semantic_only,temporal_context_drift,8361,False,False,ACCEPT,"B1,B2,CP,B3",BENIGN,
mix-00097,semantic_only,temporal_context_drift,8385,False,False,ACCEPT,"B1,B2,CP,B3",BENIGN,
mix-00097,semantic_only,temporal_context_drift,8349,False,True,CAUTION,"B1,B2,CP,B3",BENIGN,
mix-00097,semantic_only,temporal_context_drift,8361,False,False,ACCEPT,"B1,B2,CP,B3",BENIGN,
mix-00097,semantic_only,temporal_context_drift,8385,False,False,ACCEPT,"B1,B2,CP,B3",BENIGN,
mix-00097,semantic_only,temporal_context_drift,8349,False,True,CAUTION,"B1,B2,CP,B3",BENIGN,
mix-00097,semantic_only,temporal_context_drift,8361,False,False,ACCEPT,"B1,B2,CP,B3",BENIGN,
mix-00097,semantic_only,temporal_context_drift,8385,False,False,ACCEPT,"B1,B2,CP,B3",BENIGN,
mix-00097,semantic_only,temporal_context_drift,8349,False,True,CAUTION,"B1,B2,CP,B3",BENIGN,
mix-00097,semantic_only,temporal_context_drift,8361,False,False,ACCEPT,"B1,B2,CP,B3",BENIGN,
mix-00097,semantic_only,temporal_context_drift,8385,False,False,ACCEPT,"B1,B2,CP,B3",BENIGN,
mix-00097,semantic_only,temporal_context_drift,8349,False,True,CAUTION,"B1,B2,CP,B3",BENIGN,
mix-00097,semantic_only,temporal_context_drift,8361,False,False,ACCEPT,"B1,B2,CP,B3",BENIGN,
mix-00097,semantic_only,temporal_context_drift,8385,False,False,CAUTION,"B1,B2,CP,B3",BENIGN,"Speed out of bounds: 252.0 km/h (limit: [0, 180.0])"
mix-00097,semantic_only,temporal_context_drift,8349,False,True,REJECT,"B1,B2,CP,B3",BENIGN,"Speed out of bounds: 227.0 km/h (limit: [0, 180.0])"
mix-00097,semantic_only,temporal_context_drift,8361,False,False,CAUTION,"B1,B2,CP,B3",BENIGN,"Speed out of bounds: 230.0 km/h (limit: [0, 180.0])"
mix-00097,semantic_only,temporal_context_drift,8385,False,False,ACCEPT,"B1,B2,CP,B3",BENIGN,
mix-00097,semantic_only,temporal_context_drift,8349,False,True,CAUTION,"B1,B2,CP,B3",BENIGN,
mix-00097,semantic_only,temporal_context_drift,8361,False,False,ACCEPT,"B1,B2,CP,B3",BENIGN,
mix-00097,semantic_only,temporal_context_drift,8385,False,False,ACCEPT,"B1,B2,CP,B3",BENIGN,
mix-00097,semantic_only,temporal_context_drift,8349,False,True,CAUTION,"B1,B2,CP,B3",BENIGN,
mix-00097,semantic_only,temporal_context_drift,8361,False,False,ACCEPT,"B1,B2,CP,B3",BENIGN,
mix-00097,semantic_only,temporal_context_drift,8385,False,False,ACCEPT,"B1,B2,CP,B3",BENIGN,
mix-00097,semantic_only,temporal_context_drift,8349,False,True,CAUTION,"B1,B2,CP,B3",BENIGN,
mix-00097,semantic_only,temporal_context_drift,8361,False,False,ACCEPT,"B1,B2,CP,B3",BENIGN,
mix-00097,semantic_only,temporal_context_drift,8385,False,False,CAUTION,"B1,B2,CP,B3",BENIGN,
mix-00097,semantic_only,temporal_context_drift,8349,False,True,CAUTION,"B1,B2,CP,B3",BENIGN,
mix-00097,semantic_only,temporal_context_drift,8361,False,False,ACCEPT,"B1,B2,CP,B3",BENIGN,
mix-00097,semantic_only,temporal_context_drift,8385,False,False,CAUTION,"B1,B2,CP,B3",BENIGN,
mix-00097,semantic_only,temporal_context_drift,8349,False,True,CAUTION,"B1,B2,CP,B3",BENIGN,
mix-00097,semantic_only,temporal_context_drift,8361,False,False,CAUTION,"B1,B2,CP,B3",BENIGN,
mix-00097,semantic_only,temporal_context_drift,8385,False,False,CAUTION,"B1,B2,CP,B3",BENIGN,
mix-00097,semantic_only,temporal_context_drift,8349,False,True,CAUTION,"B1,B2,CP,B3",BENIGN,
mix-00097,semantic_only,temporal_context_drift,8361,False,False,CAUTION,"B1,B2,CP,B3",BENIGN,
mix-00097,semantic_only,temporal_context_drift,8385,False,False,CAUTION,"B1,B2,CP,B3",BENIGN,
mix-00097,semantic_only,temporal_context_drift,8349,False,True,CAUTION,"B1,B2,CP,B3",BENIGN,
mix-00097,semantic_only,temporal_context_drift,8361,False,False,ACCEPT,"B1,B2,CP,B3",BENIGN,
mix-00097,semantic_only,temporal_context_drift,8385,False,False,ACCEPT,"B1,B2,CP,B3",BENIGN,
mix-00097,semantic_only,temporal_context_drift,8349,False,True,CAUTION,"B1,B2,CP,B3",BENIGN,
mix-00097,semantic_only,temporal_context_drift,8361,False,False,ACCEPT,"B1,B2,CP,B3",BENIGN,
mix-00097,semantic_only,temporal_context_drift,8385,False,False,ACCEPT,"B1,B2,CP,B3",BENIGN,
mix-00097,semantic_only,temporal_context_drift,8349,False,True,CAUTION,"B1,B2,CP,B3",BENIGN,
mix-00097,semantic_only,temporal_context_drift,8361,False,False,ACCEPT,"B1,B2,CP,B3",BENIGN,
mix-00097,semantic_only,temporal_context_drift,8385,False,False,ACCEPT,"B1,B2,CP,B3",BENIGN,
mix-00097,semantic_only,temporal_context_drift,8349,False,True,CAUTION,"B1,B2,CP,B3",BENIGN,
mix-00097,semantic_only,temporal_context_drift,8361,False,False,ACCEPT,"B1,B2,CP,B3",BENIGN,
mix-00098,kinematic_only,,7233,True,False,ACCEPT,"B1,B2,CP,B3",BENIGN,No history yet; baseline assumed valid.
mix-00098,kinematic_only,,7245,False,False,ACCEPT,"B1,B2,CP,B3",BENIGN,No history yet; baseline assumed valid.
mix-00098,kinematic_only,,7257,False,False,ACCEPT,"B1,B2,CP,B3",BENIGN,No history yet; baseline assumed valid.
mix-00098,kinematic_only,,7233,True,False,CAUTION,"B1,B2,CP,B3",BENIGN,Constant Position check: Vehicle reports movement (avg speed 43.78 km/h) but displacement is only 0.00m over 1000.00s.
mix-00098,kinematic_only,,7245,False,False,CAUTION,"B1,B2,CP,B3",BENIGN,
mix-00098,kinematic_only,,7257,False,False,CAUTION,"B1,B2,CP,B3",BENIGN,
mix-00098,kinematic_only,,7233,True,False,CAUTION,"B1,B2,CP,B3",BENIGN,Constant Position check: Vehicle reports movement (avg speed 43.65 km/h) but displacement is only 0.00m over 2000.00s.
mix-00098,kinematic_only,,7245,False,False,CAUTION,"B1,B2,CP,B3",BENIGN,
mix-00098,kinematic_only,,7257,False,False,CAUTION,"B1,B2,CP,B3",BENIGN,
mix-00098,kinematic_only,,7233,True,False,CAUTION,"B1,B2,CP,B3",BENIGN,Constant Position check: Vehicle reports movement (avg speed 43.66 km/h) but displacement is only 0.00m over 3000.00s.
mix-00098,kinematic_only,,7245,False,False,CAUTION,"B1,B2,CP,B3",BENIGN,
mix-00098,kinematic_only,,7257,False,False,CAUTION,"B1,B2,CP,B3",BENIGN,
mix-00098,kinematic_only,,7233,True,False,CAUTION,"B1,B2,CP,B3",BENIGN,Constant Position check: Vehicle reports movement (avg speed 42.17 km/h) but displacement is only 0.00m over 4000.00s.
mix-00098,kinematic_only,,7245,False,False,CAUTION,"B1,B2,CP,B3",BENIGN,
mix-00098,kinematic_only,,7257,False,False,CAUTION,"B1,B2,CP,B3",BENIGN,
mix-00098,kinematic_only,,7233,True,False,CAUTION,"B1,B2,CP,B3",BENIGN,Constant Position check: Vehicle reports movement (avg speed 39.57 km/h) but displacement is only 0.00m over 5000.00s.
mix-00098,kinematic_only,,7245,False,False,CAUTION,"B1,B2,CP,B3",BENIGN,
mix-00098,kinematic_only,,7257,False,False,CAUTION,"B1,B2,CP,B3",BENIGN,
mix-00098,kinematic_only,,7233,True,False,CAUTION,"B1,B2,CP,B3",BENIGN,Constant Position check: Vehicle reports movement (avg speed 37.22 km/h) but displacement is only 0.00m over 5000.00s.
mix-00098,kinematic_only,,7245,False,False,CAUTION,"B1,B2,CP,B3",BENIGN,
mix-00098,kinematic_only,,7257,False,False,CAUTION,"B1,B2,CP,B3",BENIGN,
mix-00098,kinematic_only,,7233,True,False,CAUTION,"B1,B2,CP,B3",BENIGN,Constant Position check: Vehicle reports movement (avg speed 33.11 km/h) but displacement is only 0.00m over 5000.00s.
mix-00098,kinematic_only,,7245,False,False,CAUTION,"B1,B2,CP,B3",BENIGN,
mix-00098,kinematic_only,,7257,False,False,CAUTION,"B1,B2,CP,B3",BENIGN,
mix-00099,semantic_only,hazard_suppression,8487,False,False,ACCEPT,"B1,B2,CP,B3",BENIGN,No history yet; baseline assumed valid.
mix-00099,semantic_only,hazard_suppression,8523,False,False,ACCEPT,"B1,B2,CP,B3",BENIGN,No history yet; baseline assumed valid.
mix-00099,semantic_only,hazard_suppression,8469,False,False,ACCEPT,"B1,B2,CP,B3",BENIGN,No history yet; baseline assumed valid.
mix-00099,semantic_only,hazard_suppression,8529,False,False,ACCEPT,"B1,B2,CP,B3",BENIGN,No history yet; baseline assumed valid.
mix-00099,semantic_only,hazard_suppression,8541,False,True,REJECT,"B1,B2,CP,B3",MALICIOUS,No history yet; baseline assumed valid.
mix-00099,semantic_only,hazard_suppression,8487,False,False,CAUTION,"B1,B2,CP,B3",BENIGN,
mix-00099,semantic_only,hazard_suppression,8523,False,False,ACCEPT,"B1,B2,CP,B3",BENIGN,
mix-00099,semantic_only,hazard_suppression,8469,False,False,CAUTION,"B1,B2,CP,B3",BENIGN,
mix-00099,semantic_only,hazard_suppression,8529,False,False,ACCEPT,"B1,B2,CP,B3",BENIGN,
mix-00099,semantic_only,hazard_suppression,8541,False,True,REJECT,"B1,B2,CP,B3",MALICIOUS,Constant Position check: Vehicle reports movement (avg speed 113.00 km/h) but displacement is only 0.75m over 1000.00s.
mix-00099,semantic_only,hazard_suppression,8487,False,False,CAUTION,"B1,B2,CP,B3",BENIGN,
mix-00099,semantic_only,hazard_suppression,8523,False,False,ACCEPT,"B1,B2,CP,B3",BENIGN,
mix-00099,semantic_only,hazard_suppression,8469,False,False,CAUTION,"B1,B2,CP,B3",BENIGN,
mix-00099,semantic_only,hazard_suppression,8529,False,False,ACCEPT,"B1,B2,CP,B3",BENIGN,
mix-00099,semantic_only,hazard_suppression,8541,False,True,CAUTION,"B1,B2,CP,B3",MALICIOUS,
mix-00099,semantic_only,hazard_suppression,8487,False,False,CAUTION,"B1,B2,CP,B3",BENIGN,
mix-00099,semantic_only,hazard_suppression,8523,False,False,CAUTION,"B1,B2,CP,B3",BENIGN,"Speed out of bounds: 210.0 km/h (limit: [0, 180.0])"
mix-00099,semantic_only,hazard_suppression,8469,False,False,CAUTION,"B1,B2,CP,B3",BENIGN,
mix-00099,semantic_only,hazard_suppression,8529,False,False,CAUTION,"B1,B2,CP,B3",BENIGN,
mix-00099,semantic_only,hazard_suppression,8541,False,True,CAUTION,"B1,B2,CP,B3",MALICIOUS,
mix-00099,semantic_only,hazard_suppression,8487,False,False,CAUTION,"B1,B2,CP,B3",BENIGN,
mix-00099,semantic_only,hazard_suppression,8523,False,False,ACCEPT,"B1,B2,CP,B3",BENIGN,
mix-00099,semantic_only,hazard_suppression,8469,False,False,CAUTION,"B1,B2,CP,B3",BENIGN,
mix-00099,semantic_only,hazard_suppression,8529,False,False,CAUTION,"B1,B2,CP,B3",BENIGN,"Speed out of bounds: 257.0 km/h (limit: [0, 180.0])"
mix-00099,semantic_only,hazard_suppression,8541,False,True,CAUTION,"B1,B2,CP,B3",MALICIOUS,
mix-00099,semantic_only,hazard_suppression,8487,False,False,ACCEPT,"B1,B2,CP,B3",BENIGN,
mix-00099,semantic_only,hazard_suppression,8523,False,False,ACCEPT,"B1,B2,CP,B3",BENIGN,
mix-00099,semantic_only,hazard_suppression,8469,False,False,CAUTION,"B1,B2,CP,B3",BENIGN,
mix-00099,semantic_only,hazard_suppression,8529,False,False,ACCEPT,"B1,B2,CP,B3",BENIGN,
mix-00099,semantic_only,hazard_suppression,8541,False,True,CAUTION,"B1,B2,CP,B3",MALICIOUS,
mix-00099,semantic_only,hazard_suppression,8487,False,False,ACCEPT,"B1,B2,CP,B3",BENIGN,
mix-00099,semantic_only,hazard_suppression,8523,False,False,ACCEPT,"B1,B2,CP,B3",BENIGN,
mix-00099,semantic_only,hazard_suppression,8469,False,False,ACCEPT,"B1,B2,CP,B3",BENIGN,
mix-00099,semantic_only,hazard_suppression,8529,False,False,ACCEPT,"B1,B2,CP,B3",BENIGN,
mix-00099,semantic_only,hazard_suppression,8541,False,True,CAUTION,"B1,B2,CP,B3",MALICIOUS,
mix-00099,semantic_only,hazard_suppression,8487,False,False,ACCEPT,"B1,B2,CP,B3",BENIGN,
mix-00099,semantic_only,hazard_suppression,8523,False,False,ACCEPT,"B1,B2,CP,B3",BENIGN,
mix-00099,semantic_only,hazard_suppression,8469,False,False,ACCEPT,"B1,B2,CP,B3",BENIGN,
mix-00099,semantic_only,hazard_suppression,8529,False,False,ACCEPT,"B1,B2,CP,B3",BENIGN,
mix-00099,semantic_only,hazard_suppression,8541,False,True,CAUTION,"B1,B2,CP,B3",MALICIOUS,
mix-00099,semantic_only,hazard_suppression,8487,False,False,CAUTION,"B1,B2,CP,B3",BENIGN,
mix-00099,semantic_only,hazard_suppression,8523,False,False,ACCEPT,"B1,B2,CP,B3",BENIGN,
mix-00099,semantic_only,hazard_suppression,8469,False,False,ACCEPT,"B1,B2,CP,B3",BENIGN,
mix-00099,semantic_only,hazard_suppression,8529,False,False,ACCEPT,"B1,B2,CP,B3",BENIGN,
mix-00099,semantic_only,hazard_suppression,8541,False,True,CAUTION,"B1,B2,CP,B3",MALICIOUS,
mix-00099,semantic_only,hazard_suppression,8487,False,False,CAUTION,"B1,B2,CP,B3",BENIGN,
mix-00099,semantic_only,hazard_suppression,8523,False,False,ACCEPT,"B1,B2,CP,B3",BENIGN,
mix-00099,semantic_only,hazard_suppression,8469,False,False,ACCEPT,"B1,B2,CP,B3",BENIGN,
mix-00099,semantic_only,hazard_suppression,8529,False,False,ACCEPT,"B1,B2,CP,B3",BENIGN,
mix-00099,semantic_only,hazard_suppression,8541,False,True,CAUTION,"B1,B2,CP,B3",MALICIOUS,
mix-00100,semantic_only,goal_manipulation,7461,False,False,ACCEPT,"B1,B2,CP,B3",BENIGN,No history yet; baseline assumed valid.
mix-00100,semantic_only,goal_manipulation,7503,False,True,ACCEPT,"B1,B2,CP,B3",BENIGN,No history yet; baseline assumed valid.
mix-00100,semantic_only,goal_manipulation,7497,False,False,CAUTION,"B1,B2,CP,B3",BENIGN,"Speed out of bounds: 225.0 km/h (limit: [0, 180.0]);No history yet; baseline assumed valid."
mix-00100,semantic_only,goal_manipulation,7485,False,False,CAUTION,"B1,B2,CP,B3",BENIGN,"Speed out of bounds: 271.0 km/h (limit: [0, 180.0]);No history yet; baseline assumed valid."
mix-00100,semantic_only,goal_manipulation,7461,False,False,CAUTION,"B1,B2,CP,B3",BENIGN,
mix-00100,semantic_only,goal_manipulation,7503,False,True,ACCEPT,"B1,B2,CP,B3",BENIGN,
mix-00100,semantic_only,goal_manipulation,7497,False,False,ACCEPT,"B1,B2,CP,B3",BENIGN,
mix-00100,semantic_only,goal_manipulation,7485,False,False,CAUTION,"B1,B2,CP,B3",BENIGN,"Speed out of bounds: 204.0 km/h (limit: [0, 180.0])"
mix-00100,semantic_only,goal_manipulation,7461,False,False,CAUTION,"B1,B2,CP,B3",BENIGN,
mix-00100,semantic_only,goal_manipulation,7503,False,True,ACCEPT,"B1,B2,CP,B3",BENIGN,
mix-00100,semantic_only,goal_manipulation,7497,False,False,CAUTION,"B1,B2,CP,B3",BENIGN,"Speed out of bounds: 228.0 km/h (limit: [0, 180.0])"
mix-00100,semantic_only,goal_manipulation,7485,False,False,ACCEPT,"B1,B2,CP,B3",BENIGN,
mix-00100,semantic_only,goal_manipulation,7461,False,False,CAUTION,"B1,B2,CP,B3",BENIGN,
mix-00100,semantic_only,goal_manipulation,7503,False,True,ACCEPT,"B1,B2,CP,B3",BENIGN,
mix-00100,semantic_only,goal_manipulation,7497,False,False,CAUTION,"B1,B2,CP,B3",BENIGN,
mix-00100,semantic_only,goal_manipulation,7485,False,False,ACCEPT,"B1,B2,CP,B3",BENIGN,
mix-00100,semantic_only,goal_manipulation,7461,False,False,CAUTION,"B1,B2,CP,B3",BENIGN,
mix-00100,semantic_only,goal_manipulation,7503,False,True,ACCEPT,"B1,B2,CP,B3",BENIGN,
mix-00100,semantic_only,goal_manipulation,7497,False,False,CAUTION,"B1,B2,CP,B3",BENIGN,
mix-00100,semantic_only,goal_manipulation,7485,False,False,ACCEPT,"B1,B2,CP,B3",BENIGN,
mix-00101,kinematic_only,,9963,False,False,ACCEPT,"B1,B2,CP,B3",BENIGN,No history yet; baseline assumed valid.
mix-00101,kinematic_only,,9969,False,False,ACCEPT,"B1,B2,CP,B3",BENIGN,No history yet; baseline assumed valid.
mix-00101,kinematic_only,,9993,True,False,ACCEPT,"B1,B2,CP,B3",BENIGN,No history yet; baseline assumed valid.
mix-00101,kinematic_only,,9963,False,False,CAUTION,"B1,B2,CP,B3",BENIGN,
mix-00101,kinematic_only,,9969,False,False,ACCEPT,"B1,B2,CP,B3",BENIGN,
mix-00101,kinematic_only,,9993,True,False,CAUTION,"B1,B2,CP,B3",BENIGN,Constant Position check: Vehicle reports movement (avg speed 42.80 km/h) but displacement is only 0.00m over 1000.00s.
mix-00101,kinematic_only,,9963,False,False,CAUTION,"B1,B2,CP,B3",BENIGN,
mix-00101,kinematic_only,,9969,False,False,ACCEPT,"B1,B2,CP,B3",BENIGN,
mix-00101,kinematic_only,,9993,True,False,CAUTION,"B1,B2,CP,B3",BENIGN,Constant Position check: Vehicle reports movement (avg speed 42.88 km/h) but displacement is only 0.00m over 2000.00s.
mix-00101,kinematic_only,,9963,False,False,CAUTION,"B1,B2,CP,B3",BENIGN,
mix-00101,kinematic_only,,9969,False,False,CAUTION,"B1,B2,CP,B3",BENIGN,
mix-00101,kinematic_only,,9993,True,False,CAUTION,"B1,B2,CP,B3",BENIGN,Constant Position check: Vehicle reports movement (avg speed 42.94 km/h) but displacement is only 0.00m over 3000.00s.
mix-00101,kinematic_only,,9963,False,False,CAUTION,"B1,B2,CP,B3",BENIGN,
mix-00101,kinematic_only,,9969,False,False,CAUTION,"B1,B2,CP,B3",BENIGN,
mix-00101,kinematic_only,,9993,True,False,CAUTION,"B1,B2,CP,B3",BENIGN,Constant Position check: Vehicle reports movement (avg speed 42.96 km/h) but displacement is only 0.00m over 4000.01s.
mix-00102,semantic_only,instruction_injection,8625,False,False,ACCEPT,"B1,B2,CP,B3",BENIGN,No history yet; baseline assumed valid.
mix-00102,semantic_only,instruction_injection,8457,False,True,REJECT,"B1,B2,CP,B3",MALICIOUS,No history yet; baseline assumed valid.
mix-00102,semantic_only,instruction_injection,8643,False,False,ACCEPT,"B1,B2,CP,B3",BENIGN,No history yet; baseline assumed valid.
mix-00102,semantic_only,instruction_injection,8625,False,False,ACCEPT,"B1,B2,CP,B3",BENIGN,
mix-00102,semantic_only,instruction_injection,8457,False,True,REJECT,"B1,B2,CP,B3",MALICIOUS,
mix-00102,semantic_only,instruction_injection,8643,False,False,ACCEPT,"B1,B2,CP,B3",BENIGN,
mix-00102,semantic_only,instruction_injection,8625,False,False,ACCEPT,"B1,B2,CP,B3",BENIGN,
mix-00102,semantic_only,instruction_injection,8457,False,True,REJECT,"B1,B2,CP,B3",MALICIOUS,
mix-00102,semantic_only,instruction_injection,8643,False,False,ACCEPT,"B1,B2,CP,B3",BENIGN,
mix-00102,semantic_only,instruction_injection,8625,False,False,ACCEPT,"B1,B2,CP,B3",BENIGN,
mix-00102,semantic_only,instruction_injection,8457,False,True,REJECT,"B1,B2,CP,B3",MALICIOUS,
mix-00102,semantic_only,instruction_injection,8643,False,False,ACCEPT,"B1,B2,CP,B3",BENIGN,
mix-00102,semantic_only,instruction_injection,8625,False,False,ACCEPT,"B1,B2,CP,B3",BENIGN,
mix-00102,semantic_only,instruction_injection,8457,False,True,REJECT,"B1,B2,CP,B3",MALICIOUS,
mix-00102,semantic_only,instruction_injection,8643,False,False,ACCEPT,"B1,B2,CP,B3",BENIGN,
mix-00102,semantic_only,instruction_injection,8625,False,False,ACCEPT,"B1,B2,CP,B3",BENIGN,
mix-00102,semantic_only,instruction_injection,8457,False,True,REJECT,"B1,B2,CP,B3",MALICIOUS,
mix-00102,semantic_only,instruction_injection,8643,False,False,ACCEPT,"B1,B2,CP,B3",BENIGN,
mix-00102,semantic_only,instruction_injection,8625,False,False,ACCEPT,"B1,B2,CP,B3",BENIGN,
mix-00102,semantic_only,instruction_injection,8457,False,True,REJECT,"B1,B2,CP,B3",MALICIOUS,
mix-00102,semantic_only,instruction_injection,8643,False,False,ACCEPT,"B1,B2,CP,B3",BENIGN,
mix-00102,semantic_only,instruction_injection,8625,False,False,ACCEPT,"B1,B2,CP,B3",BENIGN,
mix-00102,semantic_only,instruction_injection,8457,False,True,REJECT,"B1,B2,CP,B3",MALICIOUS,
mix-00102,semantic_only,instruction_injection,8643,False,False,ACCEPT,"B1,B2,CP,B3",BENIGN,
mix-00102,semantic_only,instruction_injection,8625,False,False,ACCEPT,"B1,B2,CP,B3",BENIGN,
mix-00102,semantic_only,instruction_injection,8457,False,True,REJECT,"B1,B2,CP,B3",MALICIOUS,
mix-00102,semantic_only,instruction_injection,8643,False,False,ACCEPT,"B1,B2,CP,B3",BENIGN,
mix-00103,semantic_only,mixed_semantic_attacks,9507,False,True,ACCEPT,"B1,B2,CP,B3",BENIGN,No history yet; baseline assumed valid.
mix-00103,semantic_only,mixed_semantic_attacks,9549,False,False,ACCEPT,"B1,B2,CP,B3",BENIGN,No history yet; baseline assumed valid.
mix-00103,semantic_only,mixed_semantic_attacks,9627,False,False,ACCEPT,"B1,B2,CP,B3",BENIGN,No history yet; baseline assumed valid.
mix-00103,semantic_only,mixed_semantic_attacks,9507,False,True,CAUTION,"B1,B2,CP,B3",BENIGN,
mix-00103,semantic_only,mixed_semantic_attacks,9549,False,False,CAUTION,"B1,B2,CP,B3",BENIGN,
mix-00103,semantic_only,mixed_semantic_attacks,9627,False,False,CAUTION,"B1,B2,CP,B3",BENIGN,"Speed out of bounds: 228.0 km/h (limit: [0, 180.0])"
mix-00103,semantic_only,mixed_semantic_attacks,9507,False,True,CAUTION,"B1,B2,CP,B3",BENIGN,
mix-00103,semantic_only,mixed_semantic_attacks,9549,False,False,CAUTION,"B1,B2,CP,B3",BENIGN,
mix-00103,semantic_only,mixed_semantic_attacks,9627,False,False,ACCEPT,"B1,B2,CP,B3",BENIGN,
mix-00103,semantic_only,mixed_semantic_attacks,9507,False,True,CAUTION,"B1,B2,CP,B3",BENIGN,
mix-00103,semantic_only,mixed_semantic_attacks,9549,False,False,CAUTION,"B1,B2,CP,B3",BENIGN,
mix-00103,semantic_only,mixed_semantic_attacks,9627,False,False,ACCEPT,"B1,B2,CP,B3",BENIGN,
mix-00103,semantic_only,mixed_semantic_attacks,9507,False,True,CAUTION,"B1,B2,CP,B3",BENIGN,
mix-00103,semantic_only,mixed_semantic_attacks,9549,False,False,CAUTION,"B1,B2,CP,B3",BENIGN,
mix-00103,semantic_only,mixed_semantic_attacks,9627,False,False,ACCEPT,"B1,B2,CP,B3",BENIGN,
mix-00103,semantic_only,mixed_semantic_attacks,9507,False,True,CAUTION,"B1,B2,CP,B3",BENIGN,
mix-00103,semantic_only,mixed_semantic_attacks,9549,False,False,CAUTION,"B1,B2,CP,B3",BENIGN,
mix-00103,semantic_only,mixed_semantic_attacks,9627,False,False,ACCEPT,"B1,B2,CP,B3",BENIGN,
mix-00103,semantic_only,mixed_semantic_attacks,9507,False,True,CAUTION,"B1,B2,CP,B3",BENIGN,
mix-00103,semantic_only,mixed_semantic_attacks,9549,False,False,CAUTION,"B1,B2,CP,B3",BENIGN,
mix-00103,semantic_only,mixed_semantic_attacks,9627,False,False,ACCEPT,"B1,B2,CP,B3",BENIGN,
mix-00103,semantic_only,mixed_semantic_attacks,9507,False,True,CAUTION,"B1,B2,CP,B3",BENIGN,
mix-00103,semantic_only,mixed_semantic_attacks,9549,False,False,CAUTION,"B1,B2,CP,B3",BENIGN,
mix-00103,semantic_only,mixed_semantic_attacks,9627,False,False,ACCEPT,"B1,B2,CP,B3",BENIGN,
mix-00103,semantic_only,mixed_semantic_attacks,9507,False,True,CAUTION,"B1,B2,CP,B3",BENIGN,
mix-00103,semantic_only,mixed_semantic_attacks,9549,False,False,ACCEPT,"B1,B2,CP,B3",BENIGN,
mix-00103,semantic_only,mixed_semantic_attacks,9627,False,False,ACCEPT,"B1,B2,CP,B3",BENIGN,
mix-00103,semantic_only,mixed_semantic_attacks,9507,False,True,CAUTION,"B1,B2,CP,B3",BENIGN,
mix-00103,semantic_only,mixed_semantic_attacks,9549,False,False,ACCEPT,"B1,B2,CP,B3",BENIGN,
mix-00103,semantic_only,mixed_semantic_attacks,9627,False,False,ACCEPT,"B1,B2,CP,B3",BENIGN,
mix-00103,semantic_only,mixed_semantic_attacks,9507,False,True,CAUTION,"B1,B2,CP,B3",BENIGN,
mix-00103,semantic_only,mixed_semantic_attacks,9549,False,False,ACCEPT,"B1,B2,CP,B3",BENIGN,
mix-00103,semantic_only,mixed_semantic_attacks,9627,False,False,ACCEPT,"B1,B2,CP,B3",BENIGN,
mix-00103,semantic_only,mixed_semantic_attacks,9507,False,True,CAUTION,"B1,B2,CP,B3",BENIGN,
mix-00103,semantic_only,mixed_semantic_attacks,9549,False,False,ACCEPT,"B1,B2,CP,B3",BENIGN,
mix-00103,semantic_only,mixed_semantic_attacks,9627,False,False,ACCEPT,"B1,B2,CP,B3",BENIGN,
mix-00103,semantic_only,mixed_semantic_attacks,9507,False,True,CAUTION,"B1,B2,CP,B3",BENIGN,
mix-00103,semantic_only,mixed_semantic_attacks,9549,False,False,CAUTION,"B1,B2,CP,B3",BENIGN,
mix-00103,semantic_only,mixed_semantic_attacks,9627,False,False,ACCEPT,"B1,B2,CP,B3",BENIGN,
mix-00104,mixed,false_clearance,6537,False,True,CAUTION,"B1,B2,CP,B3",BENIGN,No history yet; baseline assumed valid.
mix-00104,mixed,false_clearance,6543,False,False,ACCEPT,"B1,B2,CP,B3",BENIGN,No history yet; baseline assumed valid.
mix-00104,mixed,false_clearance,6555,True,False,ACCEPT,"B1,B2,CP,B3",BENIGN,No history yet; baseline assumed valid.
mix-00104,mixed,false_clearance,6537,False,True,CAUTION,"B1,B2,CP,B3",MALICIOUS,
mix-00104,mixed,false_clearance,6543,False,False,ACCEPT,"B1,B2,CP,B3",BENIGN,
mix-00104,mixed,false_clearance,6555,True,False,CAUTION,"B1,B2,CP,B3",BENIGN,Constant Position check: Vehicle reports movement (avg speed 52.81 km/h) but displacement is only 0.00m over 1000.00s.
mix-00104,mixed,false_clearance,6537,False,True,CAUTION,"B1,B2,CP,B3",MALICIOUS,
mix-00104,mixed,false_clearance,6543,False,False,ACCEPT,"B1,B2,CP,B3",BENIGN,
mix-00104,mixed,false_clearance,6555,True,False,CAUTION,"B1,B2,CP,B3",BENIGN,Constant Position check: Vehicle reports movement (avg speed 52.85 km/h) but displacement is only 0.00m over 2000.00s.
mix-00104,mixed,false_clearance,6537,False,True,CAUTION,"B1,B2,CP,B3",MALICIOUS,
mix-00104,mixed,false_clearance,6543,False,False,ACCEPT,"B1,B2,CP,B3",BENIGN,
mix-00104,mixed,false_clearance,6555,True,False,CAUTION,"B1,B2,CP,B3",BENIGN,Constant Position check: Vehicle reports movement (avg speed 52.79 km/h) but displacement is only 0.00m over 3000.00s.
mix-00104,mixed,false_clearance,6537,False,True,CAUTION,"B1,B2,CP,B3",MALICIOUS,
mix-00104,mixed,false_clearance,6543,False,False,ACCEPT,"B1,B2,CP,B3",BENIGN,
mix-00104,mixed,false_clearance,6555,True,False,CAUTION,"B1,B2,CP,B3",BENIGN,Constant Position check: Vehicle reports movement (avg speed 52.82 km/h) but displacement is only 0.00m over 4000.00s.
mix-00104,mixed,false_clearance,6537,False,True,CAUTION,"B1,B2,CP,B3",MALICIOUS,
mix-00104,mixed,false_clearance,6543,False,False,ACCEPT,"B1,B2,CP,B3",BENIGN,
mix-00104,mixed,false_clearance,6555,True,False,CAUTION,"B1,B2,CP,B3",BENIGN,Constant Position check: Vehicle reports movement (avg speed 52.87 km/h) but displacement is only 0.00m over 4999.99s.
mix-00104,mixed,false_clearance,6537,False,True,CAUTION,"B1,B2,CP,B3",MALICIOUS,
mix-00104,mixed,false_clearance,6543,False,False,ACCEPT,"B1,B2,CP,B3",BENIGN,
mix-00104,mixed,false_clearance,6555,True,False,CAUTION,"B1,B2,CP,B3",BENIGN,Constant Position check: Vehicle reports movement (avg speed 52.86 km/h) but displacement is only 0.00m over 4999.99s.
mix-00104,mixed,false_clearance,6537,False,True,CAUTION,"B1,B2,CP,B3",MALICIOUS,
mix-00104,mixed,false_clearance,6543,False,False,ACCEPT,"B1,B2,CP,B3",BENIGN,
mix-00104,mixed,false_clearance,6555,True,False,CAUTION,"B1,B2,CP,B3",BENIGN,Constant Position check: Vehicle reports movement (avg speed 52.80 km/h) but displacement is only 0.00m over 4999.99s.
mix-00104,mixed,false_clearance,6537,False,True,CAUTION,"B1,B2,CP,B3",MALICIOUS,
mix-00104,mixed,false_clearance,6543,False,False,CAUTION,"B1,B2,CP,B3",BENIGN,
mix-00104,mixed,false_clearance,6555,True,False,CAUTION,"B1,B2,CP,B3",BENIGN,Constant Position check: Vehicle reports movement (avg speed 52.80 km/h) but displacement is only 0.00m over 5000.00s.
mix-00104,mixed,false_clearance,6537,False,True,CAUTION,"B1,B2,CP,B3",MALICIOUS,
mix-00104,mixed,false_clearance,6543,False,False,CAUTION,"B1,B2,CP,B3",BENIGN,
mix-00104,mixed,false_clearance,6555,True,False,CAUTION,"B1,B2,CP,B3",BENIGN,Constant Position check: Vehicle reports movement (avg speed 52.79 km/h) but displacement is only 0.00m over 5000.00s.
mix-00104,mixed,false_clearance,6537,False,True,CAUTION,"B1,B2,CP,B3",MALICIOUS,
mix-00104,mixed,false_clearance,6543,False,False,CAUTION,"B1,B2,CP,B3",BENIGN,
mix-00104,mixed,false_clearance,6555,True,False,CAUTION,"B1,B2,CP,B3",BENIGN,Constant Position check: Vehicle reports movement (avg speed 52.77 km/h) but displacement is only 0.00m over 5000.01s.
mix-00104,mixed,false_clearance,6537,False,True,CAUTION,"B1,B2,CP,B3",MALICIOUS,
mix-00104,mixed,false_clearance,6543,False,False,CAUTION,"B1,B2,CP,B3",BENIGN,
mix-00104,mixed,false_clearance,6555,True,False,CAUTION,"B1,B2,CP,B3",BENIGN,Constant Position check: Vehicle reports movement (avg speed 52.82 km/h) but displacement is only 0.00m over 5000.00s.
mix-00104,mixed,false_clearance,6537,False,True,CAUTION,"B1,B2,CP,B3",MALICIOUS,
mix-00104,mixed,false_clearance,6543,False,False,CAUTION,"B1,B2,CP,B3",BENIGN,
mix-00104,mixed,false_clearance,6555,True,False,CAUTION,"B1,B2,CP,B3",BENIGN,Constant Position check: Vehicle reports movement (avg speed 52.82 km/h) but displacement is only 0.00m over 5000.00s.
mix-00104,mixed,false_clearance,6537,False,True,CAUTION,"B1,B2,CP,B3",MALICIOUS,
mix-00104,mixed,false_clearance,6543,False,False,CAUTION,"B1,B2,CP,B3",BENIGN,
mix-00104,mixed,false_clearance,6555,True,False,CAUTION,"B1,B2,CP,B3",BENIGN,Constant Position check: Vehicle reports movement (avg speed 52.81 km/h) but displacement is only 0.00m over 4999.99s.
mix-00104,mixed,false_clearance,6537,False,True,CAUTION,"B1,B2,CP,B3",MALICIOUS,
mix-00104,mixed,false_clearance,6543,False,False,CAUTION,"B1,B2,CP,B3",BENIGN,
mix-00104,mixed,false_clearance,6555,True,False,CAUTION,"B1,B2,CP,B3",BENIGN,Constant Position check: Vehicle reports movement (avg speed 52.83 km/h) but displacement is only 0.00m over 5000.00s.
mix-00104,mixed,false_clearance,6537,False,True,CAUTION,"B1,B2,CP,B3",MALICIOUS,
mix-00104,mixed,false_clearance,6543,False,False,CAUTION,"B1,B2,CP,B3",BENIGN,
mix-00104,mixed,false_clearance,6555,True,False,CAUTION,"B1,B2,CP,B3",BENIGN,Constant Position check: Vehicle reports movement (avg speed 52.82 km/h) but displacement is only 0.00m over 5000.00s.
mix-00104,mixed,false_clearance,6537,False,True,CAUTION,"B1,B2,CP,B3",MALICIOUS,
mix-00104,mixed,false_clearance,6543,False,False,CAUTION,"B1,B2,CP,B3",BENIGN,
mix-00104,mixed,false_clearance,6555,True,False,CAUTION,"B1,B2,CP,B3",BENIGN,Constant Position check: Vehicle reports movement (avg speed 52.73 km/h) but displacement is only 0.00m over 5000.00s.
mix-00104,mixed,false_clearance,6537,False,True,CAUTION,"B1,B2,CP,B3",MALICIOUS,
mix-00104,mixed,false_clearance,6543,False,False,CAUTION,"B1,B2,CP,B3",BENIGN,
mix-00104,mixed,false_clearance,6555,True,False,CAUTION,"B1,B2,CP,B3",BENIGN,Constant Position check: Vehicle reports movement (avg speed 52.76 km/h) but displacement is only 0.00m over 5000.01s.
mix-00104,mixed,false_clearance,6537,False,True,CAUTION,"B1,B2,CP,B3",MALICIOUS,
mix-00104,mixed,false_clearance,6543,False,False,CAUTION,"B1,B2,CP,B3",BENIGN,
mix-00104,mixed,false_clearance,6555,True,False,CAUTION,"B1,B2,CP,B3",BENIGN,Constant Position check: Vehicle reports movement (avg speed 52.83 km/h) but displacement is only 0.00m over 5000.01s.
mix-00104,mixed,false_clearance,6537,False,True,CAUTION,"B1,B2,CP,B3",MALICIOUS,
mix-00104,mixed,false_clearance,6543,False,False,CAUTION,"B1,B2,CP,B3",BENIGN,
mix-00104,mixed,false_clearance,6555,True,False,CAUTION,"B1,B2,CP,B3",BENIGN,Constant Position check: Vehicle reports movement (avg speed 52.81 km/h) but displacement is only 0.00m over 4999.99s.
mix-00104,mixed,false_clearance,6537,False,True,CAUTION,"B1,B2,CP,B3",MALICIOUS,
mix-00104,mixed,false_clearance,6543,False,False,CAUTION,"B1,B2,CP,B3",BENIGN,
mix-00104,mixed,false_clearance,6555,True,False,CAUTION,"B1,B2,CP,B3",BENIGN,Constant Position check: Vehicle reports movement (avg speed 52.85 km/h) but displacement is only 0.00m over 5000.00s.
mix-00104,mixed,false_clearance,6537,False,True,CAUTION,"B1,B2,CP,B3",MALICIOUS,
mix-00104,mixed,false_clearance,6543,False,False,ACCEPT,"B1,B2,CP,B3",BENIGN,
mix-00104,mixed,false_clearance,6555,True,False,CAUTION,"B1,B2,CP,B3",BENIGN,Constant Position check: Vehicle reports movement (avg speed 52.95 km/h) but displacement is only 0.00m over 45536.01s.
mix-00104,mixed,false_clearance,6537,False,True,CAUTION,"B1,B2,CP,B3",MALICIOUS,
mix-00104,mixed,false_clearance,6543,False,False,ACCEPT,"B1,B2,CP,B3",BENIGN,
mix-00104,mixed,false_clearance,6555,True,False,CAUTION,"B1,B2,CP,B3",BENIGN,Constant Position check: Vehicle reports movement (avg speed 52.94 km/h) but displacement is only 0.00m over 45535.99s.
mix-00104,mixed,false_clearance,6537,False,True,CAUTION,"B1,B2,CP,B3",MALICIOUS,
mix-00104,mixed,false_clearance,6543,False,False,ACCEPT,"B1,B2,CP,B3",BENIGN,
mix-00104,mixed,false_clearance,6555,True,False,CAUTION,"B1,B2,CP,B3",BENIGN,Constant Position check: Vehicle reports movement (avg speed 52.88 km/h) but displacement is only 0.00m over 45535.99s.
mix-00104,mixed,false_clearance,6537,False,True,CAUTION,"B1,B2,CP,B3",MALICIOUS,
mix-00104,mixed,false_clearance,6543,False,False,ACCEPT,"B1,B2,CP,B3",BENIGN,
mix-00104,mixed,false_clearance,6555,True,False,CAUTION,"B1,B2,CP,B3",BENIGN,Constant Position check: Vehicle reports movement (avg speed 52.86 km/h) but displacement is only 0.00m over 45536.01s.
mix-00105,kinematic_only,,7881,False,False,ACCEPT,"B1,B2,CP,B3",BENIGN,No history yet; baseline assumed valid.
mix-00105,kinematic_only,,7863,False,False,ACCEPT,"B1,B2,CP,B3",BENIGN,No history yet; baseline assumed valid.
mix-00105,kinematic_only,,7839,False,False,ACCEPT,"B1,B2,CP,B3",BENIGN,No history yet; baseline assumed valid.
mix-00105,kinematic_only,,7911,True,False,ACCEPT,"B1,B2,CP,B3",BENIGN,No history yet; baseline assumed valid.
mix-00105,kinematic_only,,7881,False,False,CAUTION,"B1,B2,CP,B3",BENIGN,
mix-00105,kinematic_only,,7863,False,False,CAUTION,"B1,B2,CP,B3",BENIGN,
mix-00105,kinematic_only,,7839,False,False,CAUTION,"B1,B2,CP,B3",BENIGN,
mix-00105,kinematic_only,,7911,True,False,CAUTION,"B1,B2,CP,B3",BENIGN,Constant Position check: Vehicle reports movement (avg speed 44.78 km/h) but displacement is only 0.00m over 999.99s.
mix-00106,clean,,6699,False,False,ACCEPT,"B1,B2,CP,B3",BENIGN,No history yet; baseline assumed valid.
mix-00106,clean,,6705,False,False,ACCEPT,"B1,B2,CP,B3",BENIGN,No history yet; baseline assumed valid.
mix-00106,clean,,6777,False,False,ACCEPT,"B1,B2,CP,B3",BENIGN,No history yet; baseline assumed valid.
mix-00106,clean,,6783,False,False,ACCEPT,"B1,B2,CP,B3",BENIGN,No history yet; baseline assumed valid.
mix-00106,clean,,6699,False,False,CAUTION,"B1,B2,CP,B3",BENIGN,
mix-00106,clean,,6705,False,False,CAUTION,"B1,B2,CP,B3",BENIGN,
mix-00106,clean,,6777,False,False,ACCEPT,"B1,B2,CP,B3",BENIGN,
mix-00106,clean,,6783,False,False,CAUTION,"B1,B2,CP,B3",BENIGN,
mix-00106,clean,,6699,False,False,CAUTION,"B1,B2,CP,B3",BENIGN,
mix-00106,clean,,6705,False,False,CAUTION,"B1,B2,CP,B3",BENIGN,
mix-00106,clean,,6777,False,False,ACCEPT,"B1,B2,CP,B3",BENIGN,
mix-00106,clean,,6783,False,False,ACCEPT,"B1,B2,CP,B3",BENIGN,
mix-00106,clean,,6699,False,False,CAUTION,"B1,B2,CP,B3",BENIGN,
mix-00106,clean,,6705,False,False,CAUTION,"B1,B2,CP,B3",BENIGN,
mix-00106,clean,,6777,False,False,ACCEPT,"B1,B2,CP,B3",BENIGN,
mix-00106,clean,,6783,False,False,ACCEPT,"B1,B2,CP,B3",BENIGN,
mix-00106,clean,,6699,False,False,CAUTION,"B1,B2,CP,B3",BENIGN,
mix-00106,clean,,6705,False,False,CAUTION,"B1,B2,CP,B3",BENIGN,
mix-00106,clean,,6777,False,False,CAUTION,"B1,B2,CP,B3",BENIGN,
mix-00106,clean,,6783,False,False,ACCEPT,"B1,B2,CP,B3",BENIGN,
mix-00106,clean,,6699,False,False,CAUTION,"B1,B2,CP,B3",BENIGN,
mix-00106,clean,,6705,False,False,CAUTION,"B1,B2,CP,B3",BENIGN,
mix-00106,clean,,6777,False,False,CAUTION,"B1,B2,CP,B3",BENIGN,
mix-00106,clean,,6783,False,False,CAUTION,"B1,B2,CP,B3",BENIGN,
mix-00106,clean,,6699,False,False,CAUTION,"B1,B2,CP,B3",BENIGN,
mix-00106,clean,,6705,False,False,CAUTION,"B1,B2,CP,B3",BENIGN,
mix-00106,clean,,6777,False,False,CAUTION,"B1,B2,CP,B3",BENIGN,
mix-00106,clean,,6783,False,False,CAUTION,"B1,B2,CP,B3",BENIGN,
mix-00106,clean,,6699,False,False,CAUTION,"B1,B2,CP,B3",BENIGN,
mix-00106,clean,,6705,False,False,CAUTION,"B1,B2,CP,B3",BENIGN,
mix-00106,clean,,6777,False,False,CAUTION,"B1,B2,CP,B3",BENIGN,
mix-00106,clean,,6783,False,False,CAUTION,"B1,B2,CP,B3",BENIGN,
mix-00107,kinematic_only,,10011,True,False,ACCEPT,"B1,B2,CP,B3",BENIGN,No history yet; baseline assumed valid.
mix-00107,kinematic_only,,10029,False,False,ACCEPT,"B1,B2,CP,B3",BENIGN,No history yet; baseline assumed valid.
mix-00107,kinematic_only,,9987,False,False,ACCEPT,"B1,B2,CP,B3",BENIGN,No history yet; baseline assumed valid.
mix-00107,kinematic_only,,9981,False,False,CAUTION,"B1,B2,CP,B3",BENIGN,"Speed out of bounds: 258.0 km/h (limit: [0, 180.0]);No history yet; baseline assumed valid."
mix-00107,kinematic_only,,10011,True,False,CAUTION,"B1,B2,CP,B3",BENIGN,Constant Position check: Vehicle reports movement (avg speed 49.25 km/h) but displacement is only 0.00m over 1000.01s.
mix-00107,kinematic_only,,10029,False,False,CAUTION,"B1,B2,CP,B3",BENIGN,"Speed out of bounds: 279.0 km/h (limit: [0, 180.0])"
mix-00107,kinematic_only,,9987,False,False,ACCEPT,"B1,B2,CP,B3",BENIGN,
mix-00107,kinematic_only,,9981,False,False,ACCEPT,"B1,B2,CP,B3",BENIGN,
mix-00108,semantic_only,planner_manipulation,7869,False,False,ACCEPT,"B1,B2,CP,B3",BENIGN,No history yet; baseline assumed valid.
mix-00108,semantic_only,planner_manipulation,7899,False,True,CAUTION,"B1,B2,CP,B3",BENIGN,No history yet; baseline assumed valid.
mix-00108,semantic_only,planner_manipulation,7905,False,False,ACCEPT,"B1,B2,CP,B3",BENIGN,No history yet; baseline assumed valid.
mix-00108,semantic_only,planner_manipulation,7869,False,False,ACCEPT,"B1,B2,CP,B3",BENIGN,
mix-00108,semantic_only,planner_manipulation,7899,False,True,CAUTION,"B1,B2,CP,B3",MALICIOUS,
mix-00108,semantic_only,planner_manipulation,7905,False,False,ACCEPT,"B1,B2,CP,B3",BENIGN,
mix-00108,semantic_only,planner_manipulation,7869,False,False,ACCEPT,"B1,B2,CP,B3",BENIGN,
mix-00108,semantic_only,planner_manipulation,7899,False,True,CAUTION,"B1,B2,CP,B3",MALICIOUS,
mix-00108,semantic_only,planner_manipulation,7905,False,False,ACCEPT,"B1,B2,CP,B3",BENIGN,
mix-00108,semantic_only,planner_manipulation,7869,False,False,ACCEPT,"B1,B2,CP,B3",BENIGN,
mix-00108,semantic_only,planner_manipulation,7899,False,True,CAUTION,"B1,B2,CP,B3",MALICIOUS,
mix-00108,semantic_only,planner_manipulation,7905,False,False,ACCEPT,"B1,B2,CP,B3",BENIGN,
mix-00108,semantic_only,planner_manipulation,7869,False,False,ACCEPT,"B1,B2,CP,B3",BENIGN,
mix-00108,semantic_only,planner_manipulation,7899,False,True,CAUTION,"B1,B2,CP,B3",MALICIOUS,
mix-00108,semantic_only,planner_manipulation,7905,False,False,CAUTION,"B1,B2,CP,B3",BENIGN,
mix-00108,semantic_only,planner_manipulation,7869,False,False,ACCEPT,"B1,B2,CP,B3",BENIGN,
mix-00108,semantic_only,planner_manipulation,7899,False,True,CAUTION,"B1,B2,CP,B3",MALICIOUS,
mix-00108,semantic_only,planner_manipulation,7905,False,False,CAUTION,"B1,B2,CP,B3",BENIGN,
mix-00108,semantic_only,planner_manipulation,7869,False,False,ACCEPT,"B1,B2,CP,B3",BENIGN,
mix-00108,semantic_only,planner_manipulation,7899,False,True,REJECT,"B1,B2,CP,B3",MALICIOUS,"Speed out of bounds: 276.0 km/h (limit: [0, 180.0])"
mix-00108,semantic_only,planner_manipulation,7905,False,False,CAUTION,"B1,B2,CP,B3",BENIGN,
mix-00108,semantic_only,planner_manipulation,7869,False,False,ACCEPT,"B1,B2,CP,B3",BENIGN,
mix-00108,semantic_only,planner_manipulation,7899,False,True,CAUTION,"B1,B2,CP,B3",MALICIOUS,
mix-00108,semantic_only,planner_manipulation,7905,False,False,CAUTION,"B1,B2,CP,B3",BENIGN,
mix-00108,semantic_only,planner_manipulation,7869,False,False,ACCEPT,"B1,B2,CP,B3",BENIGN,
mix-00108,semantic_only,planner_manipulation,7899,False,True,CAUTION,"B1,B2,CP,B3",MALICIOUS,
mix-00108,semantic_only,planner_manipulation,7905,False,False,CAUTION,"B1,B2,CP,B3",BENIGN,
mix-00108,semantic_only,planner_manipulation,7869,False,False,ACCEPT,"B1,B2,CP,B3",BENIGN,
mix-00108,semantic_only,planner_manipulation,7899,False,True,CAUTION,"B1,B2,CP,B3",MALICIOUS,
mix-00108,semantic_only,planner_manipulation,7905,False,False,ACCEPT,"B1,B2,CP,B3",BENIGN,
mix-00108,semantic_only,planner_manipulation,7869,False,False,ACCEPT,"B1,B2,CP,B3",BENIGN,
mix-00108,semantic_only,planner_manipulation,7899,False,True,CAUTION,"B1,B2,CP,B3",MALICIOUS,
mix-00108,semantic_only,planner_manipulation,7905,False,False,ACCEPT,"B1,B2,CP,B3",BENIGN,
mix-00108,semantic_only,planner_manipulation,7869,False,False,ACCEPT,"B1,B2,CP,B3",BENIGN,
mix-00108,semantic_only,planner_manipulation,7899,False,True,REJECT,"B1,B2,CP,B3",MALICIOUS,Constant Position check: Vehicle reports movement (avg speed 55.20 km/h) but displacement is only 0.80m over 5000.01s.
mix-00108,semantic_only,planner_manipulation,7905,False,False,ACCEPT,"B1,B2,CP,B3",BENIGN,
mix-00108,semantic_only,planner_manipulation,7869,False,False,ACCEPT,"B1,B2,CP,B3",BENIGN,
mix-00108,semantic_only,planner_manipulation,7899,False,True,CAUTION,"B1,B2,CP,B3",MALICIOUS,
mix-00108,semantic_only,planner_manipulation,7905,False,False,ACCEPT,"B1,B2,CP,B3",BENIGN,
mix-00108,semantic_only,planner_manipulation,7869,False,False,ACCEPT,"B1,B2,CP,B3",BENIGN,
mix-00108,semantic_only,planner_manipulation,7899,False,True,CAUTION,"B1,B2,CP,B3",MALICIOUS,
mix-00108,semantic_only,planner_manipulation,7905,False,False,CAUTION,"B1,B2,CP,B3",BENIGN,"Speed out of bounds: 251.0 km/h (limit: [0, 180.0])"
mix-00108,semantic_only,planner_manipulation,7869,False,False,ACCEPT,"B1,B2,CP,B3",BENIGN,
mix-00108,semantic_only,planner_manipulation,7899,False,True,CAUTION,"B1,B2,CP,B3",MALICIOUS,
mix-00108,semantic_only,planner_manipulation,7905,False,False,CAUTION,"B1,B2,CP,B3",BENIGN,
mix-00108,semantic_only,planner_manipulation,7869,False,False,ACCEPT,"B1,B2,CP,B3",BENIGN,
mix-00108,semantic_only,planner_manipulation,7899,False,True,CAUTION,"B1,B2,CP,B3",MALICIOUS,
mix-00108,semantic_only,planner_manipulation,7905,False,False,CAUTION,"B1,B2,CP,B3",BENIGN,
mix-00108,semantic_only,planner_manipulation,7869,False,False,ACCEPT,"B1,B2,CP,B3",BENIGN,
mix-00108,semantic_only,planner_manipulation,7899,False,True,CAUTION,"B1,B2,CP,B3",MALICIOUS,
mix-00108,semantic_only,planner_manipulation,7905,False,False,ACCEPT,"B1,B2,CP,B3",BENIGN,
mix-00108,semantic_only,planner_manipulation,7869,False,False,ACCEPT,"B1,B2,CP,B3",BENIGN,
mix-00108,semantic_only,planner_manipulation,7899,False,True,CAUTION,"B1,B2,CP,B3",MALICIOUS,
mix-00108,semantic_only,planner_manipulation,7905,False,False,ACCEPT,"B1,B2,CP,B3",BENIGN,
mix-00108,semantic_only,planner_manipulation,7869,False,False,ACCEPT,"B1,B2,CP,B3",BENIGN,
mix-00108,semantic_only,planner_manipulation,7899,False,True,CAUTION,"B1,B2,CP,B3",MALICIOUS,
mix-00108,semantic_only,planner_manipulation,7905,False,False,ACCEPT,"B1,B2,CP,B3",BENIGN,
mix-00108,semantic_only,planner_manipulation,7869,False,False,ACCEPT,"B1,B2,CP,B3",BENIGN,
mix-00108,semantic_only,planner_manipulation,7899,False,True,CAUTION,"B1,B2,CP,B3",MALICIOUS,
mix-00108,semantic_only,planner_manipulation,7905,False,False,ACCEPT,"B1,B2,CP,B3",BENIGN,
mix-00109,clean,,9507,False,False,ACCEPT,"B1,B2,CP,B3",BENIGN,No history yet; baseline assumed valid.
mix-00109,clean,,9729,False,False,ACCEPT,"B1,B2,CP,B3",BENIGN,No history yet; baseline assumed valid.
mix-00109,clean,,9639,False,False,ACCEPT,"B1,B2,CP,B3",BENIGN,No history yet; baseline assumed valid.
mix-00109,clean,,9507,False,False,ACCEPT,"B1,B2,CP,B3",BENIGN,
mix-00109,clean,,9729,False,False,CAUTION,"B1,B2,CP,B3",BENIGN,
mix-00109,clean,,9639,False,False,CAUTION,"B1,B2,CP,B3",BENIGN,
mix-00109,clean,,9507,False,False,CAUTION,"B1,B2,CP,B3",BENIGN,"Speed out of bounds: 198.0 km/h (limit: [0, 180.0])"
mix-00109,clean,,9729,False,False,CAUTION,"B1,B2,CP,B3",BENIGN,
mix-00109,clean,,9639,False,False,CAUTION,"B1,B2,CP,B3",BENIGN,
mix-00110,kinematic_only,,6261,False,False,ACCEPT,"B1,B2,CP,B3",BENIGN,No history yet; baseline assumed valid.
mix-00110,kinematic_only,,6267,False,False,ACCEPT,"B1,B2,CP,B3",BENIGN,No history yet; baseline assumed valid.
mix-00110,kinematic_only,,6231,True,False,ACCEPT,"B1,B2,CP,B3",BENIGN,No history yet; baseline assumed valid.
mix-00110,kinematic_only,,6261,False,False,CAUTION,"B1,B2,CP,B3",BENIGN,
mix-00110,kinematic_only,,6267,False,False,CAUTION,"B1,B2,CP,B3",BENIGN,
mix-00110,kinematic_only,,6231,True,False,CAUTION,"B1,B2,CP,B3",BENIGN,Constant Position check: Vehicle reports movement (avg speed 30.82 km/h) but displacement is only 0.00m over 1000.00s.
mix-00110,kinematic_only,,6261,False,False,CAUTION,"B1,B2,CP,B3",BENIGN,
mix-00110,kinematic_only,,6267,False,False,CAUTION,"B1,B2,CP,B3",BENIGN,
mix-00110,kinematic_only,,6231,True,False,CAUTION,"B1,B2,CP,B3",BENIGN,Constant Position check: Vehicle reports movement (avg speed 34.52 km/h) but displacement is only 0.00m over 2000.00s.
mix-00110,kinematic_only,,6261,False,False,CAUTION,"B1,B2,CP,B3",BENIGN,
mix-00110,kinematic_only,,6267,False,False,CAUTION,"B1,B2,CP,B3",BENIGN,
mix-00110,kinematic_only,,6231,True,False,CAUTION,"B1,B2,CP,B3",BENIGN,Constant Position check: Vehicle reports movement (avg speed 38.12 km/h) but displacement is only 0.00m over 3000.00s.
mix-00110,kinematic_only,,6261,False,False,CAUTION,"B1,B2,CP,B3",BENIGN,
mix-00110,kinematic_only,,6267,False,False,CAUTION,"B1,B2,CP,B3",BENIGN,
mix-00110,kinematic_only,,6231,True,False,CAUTION,"B1,B2,CP,B3",BENIGN,Constant Position check: Vehicle reports movement (avg speed 41.54 km/h) but displacement is only 0.00m over 4000.00s.
mix-00110,kinematic_only,,6261,False,False,CAUTION,"B1,B2,CP,B3",BENIGN,
mix-00110,kinematic_only,,6267,False,False,CAUTION,"B1,B2,CP,B3",BENIGN,
mix-00110,kinematic_only,,6231,True,False,CAUTION,"B1,B2,CP,B3",BENIGN,Constant Position check: Vehicle reports movement (avg speed 43.44 km/h) but displacement is only 0.00m over 4999.99s.
mix-00110,kinematic_only,,6261,False,False,ACCEPT,"B1,B2,CP,B3",BENIGN,
mix-00110,kinematic_only,,6267,False,False,ACCEPT,"B1,B2,CP,B3",BENIGN,
mix-00110,kinematic_only,,6231,True,False,CAUTION,"B1,B2,CP,B3",BENIGN,Constant Position check: Vehicle reports movement (avg speed 44.25 km/h) but displacement is only 0.00m over 5000.00s.
mix-00110,kinematic_only,,6261,False,False,ACCEPT,"B1,B2,CP,B3",BENIGN,
mix-00110,kinematic_only,,6267,False,False,ACCEPT,"B1,B2,CP,B3",BENIGN,
mix-00110,kinematic_only,,6231,True,False,CAUTION,"B1,B2,CP,B3",BENIGN,Constant Position check: Vehicle reports movement (avg speed 41.37 km/h) but displacement is only 0.00m over 5000.00s.
mix-00111,semantic_only,semantic_narrative_poisoning,8487,False,True,ACCEPT,"B1,B2,CP,B3",BENIGN,No history yet; baseline assumed valid.
mix-00111,semantic_only,semantic_narrative_poisoning,8469,False,False,ACCEPT,"B1,B2,CP,B3",BENIGN,No history yet; baseline assumed valid.
mix-00111,semantic_only,semantic_narrative_poisoning,8481,False,False,ACCEPT,"B1,B2,CP,B3",BENIGN,No history yet; baseline assumed valid.
mix-00111,semantic_only,semantic_narrative_poisoning,8487,False,True,CAUTION,"B1,B2,CP,B3",BENIGN,
mix-00111,semantic_only,semantic_narrative_poisoning,8469,False,False,CAUTION,"B1,B2,CP,B3",BENIGN,
mix-00111,semantic_only,semantic_narrative_poisoning,8481,False,False,ACCEPT,"B1,B2,CP,B3",BENIGN,
mix-00112,semantic_only,traffic_efficiency_lure,9657,False,False,ACCEPT,"B1,B2,CP,B3",BENIGN,No history yet; baseline assumed valid.
mix-00112,semantic_only,traffic_efficiency_lure,9561,False,False,ACCEPT,"B1,B2,CP,B3",BENIGN,No history yet; baseline assumed valid.
mix-00112,semantic_only,traffic_efficiency_lure,9729,False,False,ACCEPT,"B1,B2,CP,B3",BENIGN,No history yet; baseline assumed valid.
mix-00112,semantic_only,traffic_efficiency_lure,9627,False,True,ACCEPT,"B1,B2,CP,B3",BENIGN,No history yet; baseline assumed valid.
mix-00112,semantic_only,traffic_efficiency_lure,9657,False,False,ACCEPT,"B1,B2,CP,B3",BENIGN,
mix-00112,semantic_only,traffic_efficiency_lure,9561,False,False,ACCEPT,"B1,B2,CP,B3",BENIGN,
mix-00112,semantic_only,traffic_efficiency_lure,9729,False,False,CAUTION,"B1,B2,CP,B3",BENIGN,
mix-00112,semantic_only,traffic_efficiency_lure,9627,False,True,CAUTION,"B1,B2,CP,B3",BENIGN,"Speed out of bounds: 244.0 km/h (limit: [0, 180.0])"
mix-00113,clean,,6945,False,False,ACCEPT,"B1,B2,CP,B3",BENIGN,No history yet; baseline assumed valid.
mix-00113,clean,,6999,False,False,ACCEPT,"B1,B2,CP,B3",BENIGN,No history yet; baseline assumed valid.
mix-00113,clean,,6981,False,False,ACCEPT,"B1,B2,CP,B3",BENIGN,No history yet; baseline assumed valid.
mix-00113,clean,,6945,False,False,ACCEPT,"B1,B2,CP,B3",BENIGN,
mix-00113,clean,,6999,False,False,CAUTION,"B1,B2,CP,B3",BENIGN,
mix-00113,clean,,6981,False,False,CAUTION,"B1,B2,CP,B3",BENIGN,
mix-00113,clean,,6945,False,False,ACCEPT,"B1,B2,CP,B3",BENIGN,
mix-00113,clean,,6999,False,False,CAUTION,"B1,B2,CP,B3",BENIGN,
mix-00113,clean,,6981,False,False,CAUTION,"B1,B2,CP,B3",BENIGN,
mix-00114,clean,,6399,False,False,ACCEPT,"B1,B2,CP,B3",BENIGN,No history yet; baseline assumed valid.
mix-00114,clean,,6405,False,False,ACCEPT,"B1,B2,CP,B3",BENIGN,No history yet; baseline assumed valid.
mix-00114,clean,,6345,False,False,ACCEPT,"B1,B2,CP,B3",BENIGN,No history yet; baseline assumed valid.
mix-00114,clean,,6399,False,False,CAUTION,"B1,B2,CP,B3",BENIGN,
mix-00114,clean,,6405,False,False,CAUTION,"B1,B2,CP,B3",BENIGN,
mix-00114,clean,,6345,False,False,CAUTION,"B1,B2,CP,B3",BENIGN,
mix-00114,clean,,6399,False,False,CAUTION,"B1,B2,CP,B3",BENIGN,
mix-00114,clean,,6405,False,False,CAUTION,"B1,B2,CP,B3",BENIGN,
mix-00114,clean,,6345,False,False,CAUTION,"B1,B2,CP,B3",BENIGN,
mix-00114,clean,,6399,False,False,CAUTION,"B1,B2,CP,B3",BENIGN,
mix-00114,clean,,6405,False,False,CAUTION,"B1,B2,CP,B3",BENIGN,
mix-00114,clean,,6345,False,False,CAUTION,"B1,B2,CP,B3",BENIGN,
mix-00114,clean,,6399,False,False,CAUTION,"B1,B2,CP,B3",BENIGN,
mix-00114,clean,,6405,False,False,CAUTION,"B1,B2,CP,B3",BENIGN,
mix-00114,clean,,6345,False,False,CAUTION,"B1,B2,CP,B3",BENIGN,
mix-00114,clean,,6399,False,False,CAUTION,"B1,B2,CP,B3",BENIGN,
mix-00114,clean,,6405,False,False,CAUTION,"B1,B2,CP,B3",BENIGN,
mix-00114,clean,,6345,False,False,CAUTION,"B1,B2,CP,B3",BENIGN,
mix-00114,clean,,6399,False,False,CAUTION,"B1,B2,CP,B3",BENIGN,
mix-00114,clean,,6405,False,False,CAUTION,"B1,B2,CP,B3",BENIGN,
mix-00114,clean,,6345,False,False,CAUTION,"B1,B2,CP,B3",BENIGN,
mix-00114,clean,,6399,False,False,CAUTION,"B1,B2,CP,B3",BENIGN,
mix-00114,clean,,6405,False,False,CAUTION,"B1,B2,CP,B3",BENIGN,
mix-00114,clean,,6345,False,False,CAUTION,"B1,B2,CP,B3",BENIGN,
mix-00114,clean,,6399,False,False,CAUTION,"B1,B2,CP,B3",BENIGN,
mix-00114,clean,,6405,False,False,CAUTION,"B1,B2,CP,B3",BENIGN,
mix-00114,clean,,6345,False,False,CAUTION,"B1,B2,CP,B3",BENIGN,
mix-00114,clean,,6399,False,False,CAUTION,"B1,B2,CP,B3",BENIGN,
mix-00114,clean,,6405,False,False,CAUTION,"B1,B2,CP,B3",BENIGN,
mix-00114,clean,,6345,False,False,CAUTION,"B1,B2,CP,B3",BENIGN,
mix-00114,clean,,6399,False,False,CAUTION,"B1,B2,CP,B3",BENIGN,
mix-00114,clean,,6405,False,False,CAUTION,"B1,B2,CP,B3",BENIGN,
mix-00114,clean,,6345,False,False,CAUTION,"B1,B2,CP,B3",BENIGN,
mix-00114,clean,,6399,False,False,CAUTION,"B1,B2,CP,B3",BENIGN,
mix-00114,clean,,6405,False,False,CAUTION,"B1,B2,CP,B3",BENIGN,
mix-00114,clean,,6345,False,False,CAUTION,"B1,B2,CP,B3",BENIGN,
mix-00114,clean,,6399,False,False,ACCEPT,"B1,B2,CP,B3",BENIGN,
mix-00114,clean,,6405,False,False,CAUTION,"B1,B2,CP,B3",BENIGN,
mix-00114,clean,,6345,False,False,CAUTION,"B1,B2,CP,B3",BENIGN,
mix-00114,clean,,6399,False,False,ACCEPT,"B1,B2,CP,B3",BENIGN,
mix-00114,clean,,6405,False,False,CAUTION,"B1,B2,CP,B3",BENIGN,
mix-00114,clean,,6345,False,False,CAUTION,"B1,B2,CP,B3",BENIGN,
mix-00114,clean,,6399,False,False,ACCEPT,"B1,B2,CP,B3",BENIGN,
mix-00114,clean,,6405,False,False,ACCEPT,"B1,B2,CP,B3",BENIGN,
mix-00114,clean,,6345,False,False,CAUTION,"B1,B2,CP,B3",BENIGN,
mix-00114,clean,,6399,False,False,CAUTION,"B1,B2,CP,B3",BENIGN,
mix-00114,clean,,6405,False,False,ACCEPT,"B1,B2,CP,B3",BENIGN,
mix-00114,clean,,6345,False,False,CAUTION,"B1,B2,CP,B3",BENIGN,
mix-00114,clean,,6399,False,False,CAUTION,"B1,B2,CP,B3",BENIGN,
mix-00114,clean,,6405,False,False,ACCEPT,"B1,B2,CP,B3",BENIGN,
mix-00114,clean,,6345,False,False,CAUTION,"B1,B2,CP,B3",BENIGN,
mix-00114,clean,,6399,False,False,CAUTION,"B1,B2,CP,B3",BENIGN,
mix-00114,clean,,6405,False,False,ACCEPT,"B1,B2,CP,B3",BENIGN,
mix-00114,clean,,6345,False,False,CAUTION,"B1,B2,CP,B3",BENIGN,
mix-00114,clean,,6399,False,False,CAUTION,"B1,B2,CP,B3",BENIGN,
mix-00114,clean,,6405,False,False,CAUTION,"B1,B2,CP,B3",BENIGN,
mix-00114,clean,,6345,False,False,CAUTION,"B1,B2,CP,B3",BENIGN,
mix-00114,clean,,6399,False,False,CAUTION,"B1,B2,CP,B3",BENIGN,
mix-00114,clean,,6405,False,False,CAUTION,"B1,B2,CP,B3",BENIGN,
mix-00114,clean,,6345,False,False,CAUTION,"B1,B2,CP,B3",BENIGN,
mix-00114,clean,,6399,False,False,CAUTION,"B1,B2,CP,B3",BENIGN,
mix-00114,clean,,6405,False,False,CAUTION,"B1,B2,CP,B3",BENIGN,
mix-00114,clean,,6345,False,False,CAUTION,"B1,B2,CP,B3",BENIGN,
mix-00114,clean,,6399,False,False,CAUTION,"B1,B2,CP,B3",BENIGN,
mix-00114,clean,,6405,False,False,CAUTION,"B1,B2,CP,B3",BENIGN,
mix-00114,clean,,6345,False,False,CAUTION,"B1,B2,CP,B3",BENIGN,
mix-00114,clean,,6399,False,False,CAUTION,"B1,B2,CP,B3",BENIGN,
mix-00114,clean,,6405,False,False,CAUTION,"B1,B2,CP,B3",BENIGN,
mix-00114,clean,,6345,False,False,CAUTION,"B1,B2,CP,B3",BENIGN,
mix-00114,clean,,6399,False,False,CAUTION,"B1,B2,CP,B3",BENIGN,
mix-00114,clean,,6405,False,False,CAUTION,"B1,B2,CP,B3",BENIGN,
mix-00114,clean,,6345,False,False,CAUTION,"B1,B2,CP,B3",BENIGN,
mix-00114,clean,,6399,False,False,CAUTION,"B1,B2,CP,B3",BENIGN,
mix-00114,clean,,6405,False,False,CAUTION,"B1,B2,CP,B3",BENIGN,
mix-00114,clean,,6345,False,False,CAUTION,"B1,B2,CP,B3",BENIGN,
mix-00114,clean,,6399,False,False,CAUTION,"B1,B2,CP,B3",BENIGN,
mix-00114,clean,,6405,False,False,CAUTION,"B1,B2,CP,B3",BENIGN,
mix-00114,clean,,6345,False,False,CAUTION,"B1,B2,CP,B3",BENIGN,
mix-00114,clean,,6399,False,False,CAUTION,"B1,B2,CP,B3",BENIGN,
mix-00114,clean,,6405,False,False,CAUTION,"B1,B2,CP,B3",BENIGN,
mix-00114,clean,,6345,False,False,CAUTION,"B1,B2,CP,B3",BENIGN,
mix-00114,clean,,6399,False,False,CAUTION,"B1,B2,CP,B3",BENIGN,
mix-00114,clean,,6405,False,False,CAUTION,"B1,B2,CP,B3",BENIGN,
mix-00114,clean,,6345,False,False,CAUTION,"B1,B2,CP,B3",BENIGN,
mix-00114,clean,,6399,False,False,CAUTION,"B1,B2,CP,B3",BENIGN,
mix-00114,clean,,6405,False,False,CAUTION,"B1,B2,CP,B3",BENIGN,
mix-00114,clean,,6345,False,False,CAUTION,"B1,B2,CP,B3",BENIGN,
mix-00114,clean,,6399,False,False,CAUTION,"B1,B2,CP,B3",BENIGN,
mix-00114,clean,,6405,False,False,ACCEPT,"B1,B2,CP,B3",BENIGN,
mix-00114,clean,,6345,False,False,CAUTION,"B1,B2,CP,B3",BENIGN,
mix-00114,clean,,6399,False,False,CAUTION,"B1,B2,CP,B3",BENIGN,
mix-00114,clean,,6405,False,False,CAUTION,"B1,B2,CP,B3",BENIGN,"Speed out of bounds: 276.0 km/h (limit: [0, 180.0])"
mix-00114,clean,,6345,False,False,CAUTION,"B1,B2,CP,B3",BENIGN,
mix-00115,semantic_only,role_manipulation,8349,False,False,ACCEPT,"B1,B2,CP,B3",BENIGN,No history yet; baseline assumed valid.
mix-00115,semantic_only,role_manipulation,8361,False,False,ACCEPT,"B1,B2,CP,B3",BENIGN,No history yet; baseline assumed valid.
mix-00115,semantic_only,role_manipulation,8223,False,True,REJECT,"B1,B2,CP,B3",BENIGN,No history yet; baseline assumed valid.
mix-00115,semantic_only,role_manipulation,8349,False,False,ACCEPT,"B1,B2,CP,B3",BENIGN,
mix-00115,semantic_only,role_manipulation,8361,False,False,ACCEPT,"B1,B2,CP,B3",BENIGN,
mix-00115,semantic_only,role_manipulation,8223,False,True,REJECT,"B1,B2,CP,B3",BENIGN,"Speed out of bounds: 228.0 km/h (limit: [0, 180.0])"
mix-00115,semantic_only,role_manipulation,8349,False,False,CAUTION,"B1,B2,CP,B3",BENIGN,"Speed out of bounds: 223.0 km/h (limit: [0, 180.0])"
mix-00115,semantic_only,role_manipulation,8361,False,False,CAUTION,"B1,B2,CP,B3",BENIGN,"Speed out of bounds: 230.0 km/h (limit: [0, 180.0])"
mix-00115,semantic_only,role_manipulation,8223,False,True,CAUTION,"B1,B2,CP,B3",BENIGN,
mix-00115,semantic_only,role_manipulation,8349,False,False,ACCEPT,"B1,B2,CP,B3",BENIGN,
mix-00115,semantic_only,role_manipulation,8361,False,False,ACCEPT,"B1,B2,CP,B3",BENIGN,
mix-00115,semantic_only,role_manipulation,8223,False,True,CAUTION,"B1,B2,CP,B3",BENIGN,
mix-00115,semantic_only,role_manipulation,8349,False,False,ACCEPT,"B1,B2,CP,B3",BENIGN,
mix-00115,semantic_only,role_manipulation,8361,False,False,ACCEPT,"B1,B2,CP,B3",BENIGN,
mix-00115,semantic_only,role_manipulation,8223,False,True,CAUTION,"B1,B2,CP,B3",BENIGN,
mix-00116,mixed,hazard_suppression,8625,False,False,ACCEPT,"B1,B2,CP,B3",BENIGN,No history yet; baseline assumed valid.
mix-00116,mixed,hazard_suppression,8595,True,False,ACCEPT,"B1,B2,CP,B3",BENIGN,No history yet; baseline assumed valid.
mix-00116,mixed,hazard_suppression,8643,False,True,CAUTION,"B1,B2,CP,B3",MALICIOUS,No history yet; baseline assumed valid.
mix-00116,mixed,hazard_suppression,8625,False,False,CAUTION,"B1,B2,CP,B3",BENIGN,
mix-00116,mixed,hazard_suppression,8595,True,False,CAUTION,"B1,B2,CP,B3",BENIGN,Constant Position check: Vehicle reports movement (avg speed 48.74 km/h) but displacement is only 0.00m over 999.99s.
mix-00116,mixed,hazard_suppression,8643,False,True,CAUTION,"B1,B2,CP,B3",MALICIOUS,
mix-00116,mixed,hazard_suppression,8625,False,False,CAUTION,"B1,B2,CP,B3",BENIGN,
mix-00116,mixed,hazard_suppression,8595,True,False,CAUTION,"B1,B2,CP,B3",BENIGN,Constant Position check: Vehicle reports movement (avg speed 48.65 km/h) but displacement is only 0.00m over 2000.00s.
mix-00116,mixed,hazard_suppression,8643,False,True,CAUTION,"B1,B2,CP,B3",MALICIOUS,
mix-00116,mixed,hazard_suppression,8625,False,False,CAUTION,"B1,B2,CP,B3",BENIGN,
mix-00116,mixed,hazard_suppression,8595,True,False,CAUTION,"B1,B2,CP,B3",BENIGN,Constant Position check: Vehicle reports movement (avg speed 48.59 km/h) but displacement is only 0.00m over 2999.99s.
mix-00116,mixed,hazard_suppression,8643,False,True,CAUTION,"B1,B2,CP,B3",MALICIOUS,
mix-00116,mixed,hazard_suppression,8625,False,False,CAUTION,"B1,B2,CP,B3",BENIGN,
mix-00116,mixed,hazard_suppression,8595,True,False,CAUTION,"B1,B2,CP,B3",BENIGN,Constant Position check: Vehicle reports movement (avg speed 48.61 km/h) but displacement is only 0.00m over 4000.00s.
mix-00116,mixed,hazard_suppression,8643,False,True,CAUTION,"B1,B2,CP,B3",MALICIOUS,
mix-00116,mixed,hazard_suppression,8625,False,False,CAUTION,"B1,B2,CP,B3",BENIGN,
mix-00116,mixed,hazard_suppression,8595,True,False,CAUTION,"B1,B2,CP,B3",BENIGN,Constant Position check: Vehicle reports movement (avg speed 48.60 km/h) but displacement is only 0.00m over 4999.99s.
mix-00116,mixed,hazard_suppression,8643,False,True,CAUTION,"B1,B2,CP,B3",MALICIOUS,
mix-00116,mixed,hazard_suppression,8625,False,False,CAUTION,"B1,B2,CP,B3",BENIGN,
mix-00116,mixed,hazard_suppression,8595,True,False,CAUTION,"B1,B2,CP,B3",BENIGN,Constant Position check: Vehicle reports movement (avg speed 48.61 km/h) but displacement is only 0.00m over 5000.01s.
mix-00116,mixed,hazard_suppression,8643,False,True,CAUTION,"B1,B2,CP,B3",MALICIOUS,
mix-00116,mixed,hazard_suppression,8625,False,False,CAUTION,"B1,B2,CP,B3",BENIGN,
mix-00116,mixed,hazard_suppression,8595,True,False,CAUTION,"B1,B2,CP,B3",BENIGN,Constant Position check: Vehicle reports movement (avg speed 48.61 km/h) but displacement is only 0.00m over 4999.99s.
mix-00116,mixed,hazard_suppression,8643,False,True,CAUTION,"B1,B2,CP,B3",MALICIOUS,
mix-00116,mixed,hazard_suppression,8625,False,False,CAUTION,"B1,B2,CP,B3",BENIGN,
mix-00116,mixed,hazard_suppression,8595,True,False,CAUTION,"B1,B2,CP,B3",BENIGN,Constant Position check: Vehicle reports movement (avg speed 47.25 km/h) but displacement is only 0.00m over 5000.00s.
mix-00116,mixed,hazard_suppression,8643,False,True,CAUTION,"B1,B2,CP,B3",MALICIOUS,
mix-00116,mixed,hazard_suppression,8625,False,False,CAUTION,"B1,B2,CP,B3",BENIGN,
mix-00116,mixed,hazard_suppression,8595,True,False,CAUTION,"B1,B2,CP,B3",BENIGN,Constant Position check: Vehicle reports movement (avg speed 45.56 km/h) but displacement is only 0.00m over 5000.00s.
mix-00116,mixed,hazard_suppression,8643,False,True,CAUTION,"B1,B2,CP,B3",MALICIOUS,
mix-00116,mixed,hazard_suppression,8625,False,False,CAUTION,"B1,B2,CP,B3",BENIGN,
mix-00116,mixed,hazard_suppression,8595,True,False,CAUTION,"B1,B2,CP,B3",BENIGN,Constant Position check: Vehicle reports movement (avg speed 44.27 km/h) but displacement is only 0.00m over 5000.00s.
mix-00116,mixed,hazard_suppression,8643,False,True,CAUTION,"B1,B2,CP,B3",MALICIOUS,
mix-00116,mixed,hazard_suppression,8625,False,False,CAUTION,"B1,B2,CP,B3",BENIGN,
mix-00116,mixed,hazard_suppression,8595,True,False,CAUTION,"B1,B2,CP,B3",BENIGN,Constant Position check: Vehicle reports movement (avg speed 43.21 km/h) but displacement is only 0.00m over 5000.00s.
mix-00116,mixed,hazard_suppression,8643,False,True,CAUTION,"B1,B2,CP,B3",MALICIOUS,
mix-00116,mixed,hazard_suppression,8625,False,False,CAUTION,"B1,B2,CP,B3",BENIGN,
mix-00116,mixed,hazard_suppression,8595,True,False,CAUTION,"B1,B2,CP,B3",BENIGN,Constant Position check: Vehicle reports movement (avg speed 42.46 km/h) but displacement is only 0.00m over 5000.00s.
mix-00116,mixed,hazard_suppression,8643,False,True,CAUTION,"B1,B2,CP,B3",MALICIOUS,
mix-00116,mixed,hazard_suppression,8625,False,False,CAUTION,"B1,B2,CP,B3",BENIGN,
mix-00116,mixed,hazard_suppression,8595,True,False,CAUTION,"B1,B2,CP,B3",BENIGN,Constant Position check: Vehicle reports movement (avg speed 43.23 km/h) but displacement is only 0.00m over 5000.00s.
mix-00116,mixed,hazard_suppression,8643,False,True,CAUTION,"B1,B2,CP,B3",MALICIOUS,
mix-00116,mixed,hazard_suppression,8625,False,False,CAUTION,"B1,B2,CP,B3",BENIGN,
mix-00116,mixed,hazard_suppression,8595,True,False,CAUTION,"B1,B2,CP,B3",BENIGN,Constant Position check: Vehicle reports movement (avg speed 44.44 km/h) but displacement is only 0.00m over 5000.00s.
mix-00116,mixed,hazard_suppression,8643,False,True,CAUTION,"B1,B2,CP,B3",MALICIOUS,
mix-00116,mixed,hazard_suppression,8625,False,False,CAUTION,"B1,B2,CP,B3",BENIGN,
mix-00116,mixed,hazard_suppression,8595,True,False,CAUTION,"B1,B2,CP,B3",BENIGN,Constant Position check: Vehicle reports movement (avg speed 45.34 km/h) but displacement is only 0.00m over 5000.00s.
mix-00116,mixed,hazard_suppression,8643,False,True,CAUTION,"B1,B2,CP,B3",MALICIOUS,
mix-00116,mixed,hazard_suppression,8625,False,False,CAUTION,"B1,B2,CP,B3",BENIGN,
mix-00116,mixed,hazard_suppression,8595,True,False,CAUTION,"B1,B2,CP,B3",BENIGN,Constant Position check: Vehicle reports movement (avg speed 45.05 km/h) but displacement is only 0.00m over 5000.00s.
mix-00116,mixed,hazard_suppression,8643,False,True,CAUTION,"B1,B2,CP,B3",MALICIOUS,
mix-00117,semantic_only,infrastructure_semantic_manipulation,8403,False,False,ACCEPT,"B1,B2,CP,B3",BENIGN,No history yet; baseline assumed valid.
mix-00117,semantic_only,infrastructure_semantic_manipulation,8367,False,True,CAUTION,"B1,B2,CP,B3",MALICIOUS,No history yet; baseline assumed valid.
mix-00117,semantic_only,infrastructure_semantic_manipulation,8397,False,False,ACCEPT,"B1,B2,CP,B3",BENIGN,No history yet; baseline assumed valid.
mix-00117,semantic_only,infrastructure_semantic_manipulation,8403,False,False,ACCEPT,"B1,B2,CP,B3",BENIGN,
mix-00117,semantic_only,infrastructure_semantic_manipulation,8367,False,True,CAUTION,"B1,B2,CP,B3",MALICIOUS,
mix-00117,semantic_only,infrastructure_semantic_manipulation,8397,False,False,ACCEPT,"B1,B2,CP,B3",BENIGN,
mix-00117,semantic_only,infrastructure_semantic_manipulation,8403,False,False,ACCEPT,"B1,B2,CP,B3",BENIGN,
mix-00117,semantic_only,infrastructure_semantic_manipulation,8367,False,True,CAUTION,"B1,B2,CP,B3",MALICIOUS,
mix-00117,semantic_only,infrastructure_semantic_manipulation,8397,False,False,CAUTION,"B1,B2,CP,B3",BENIGN,"Speed out of bounds: 234.0 km/h (limit: [0, 180.0])"
mix-00117,semantic_only,infrastructure_semantic_manipulation,8403,False,False,CAUTION,"B1,B2,CP,B3",BENIGN,"Speed out of bounds: 229.0 km/h (limit: [0, 180.0])"
mix-00117,semantic_only,infrastructure_semantic_manipulation,8367,False,True,CAUTION,"B1,B2,CP,B3",MALICIOUS,
mix-00117,semantic_only,infrastructure_semantic_manipulation,8397,False,False,ACCEPT,"B1,B2,CP,B3",BENIGN,
mix-00117,semantic_only,infrastructure_semantic_manipulation,8403,False,False,ACCEPT,"B1,B2,CP,B3",BENIGN,
mix-00117,semantic_only,infrastructure_semantic_manipulation,8367,False,True,CAUTION,"B1,B2,CP,B3",MALICIOUS,
mix-00117,semantic_only,infrastructure_semantic_manipulation,8397,False,False,ACCEPT,"B1,B2,CP,B3",BENIGN,
mix-00117,semantic_only,infrastructure_semantic_manipulation,8403,False,False,ACCEPT,"B1,B2,CP,B3",BENIGN,
mix-00117,semantic_only,infrastructure_semantic_manipulation,8367,False,True,CAUTION,"B1,B2,CP,B3",MALICIOUS,
mix-00117,semantic_only,infrastructure_semantic_manipulation,8397,False,False,ACCEPT,"B1,B2,CP,B3",BENIGN,
mix-00117,semantic_only,infrastructure_semantic_manipulation,8403,False,False,ACCEPT,"B1,B2,CP,B3",BENIGN,
mix-00117,semantic_only,infrastructure_semantic_manipulation,8367,False,True,CAUTION,"B1,B2,CP,B3",MALICIOUS,
mix-00117,semantic_only,infrastructure_semantic_manipulation,8397,False,False,ACCEPT,"B1,B2,CP,B3",BENIGN,
mix-00117,semantic_only,infrastructure_semantic_manipulation,8403,False,False,ACCEPT,"B1,B2,CP,B3",BENIGN,
mix-00117,semantic_only,infrastructure_semantic_manipulation,8367,False,True,CAUTION,"B1,B2,CP,B3",MALICIOUS,
mix-00117,semantic_only,infrastructure_semantic_manipulation,8397,False,False,CAUTION,"B1,B2,CP,B3",BENIGN,
mix-00117,semantic_only,infrastructure_semantic_manipulation,8403,False,False,CAUTION,"B1,B2,CP,B3",BENIGN,
mix-00117,semantic_only,infrastructure_semantic_manipulation,8367,False,True,CAUTION,"B1,B2,CP,B3",MALICIOUS,
mix-00117,semantic_only,infrastructure_semantic_manipulation,8397,False,False,CAUTION,"B1,B2,CP,B3",BENIGN,
mix-00117,semantic_only,infrastructure_semantic_manipulation,8403,False,False,CAUTION,"B1,B2,CP,B3",BENIGN,
mix-00117,semantic_only,infrastructure_semantic_manipulation,8367,False,True,CAUTION,"B1,B2,CP,B3",MALICIOUS,
mix-00117,semantic_only,infrastructure_semantic_manipulation,8397,False,False,CAUTION,"B1,B2,CP,B3",BENIGN,
mix-00117,semantic_only,infrastructure_semantic_manipulation,8403,False,False,ACCEPT,"B1,B2,CP,B3",BENIGN,
mix-00117,semantic_only,infrastructure_semantic_manipulation,8367,False,True,CAUTION,"B1,B2,CP,B3",MALICIOUS,
mix-00117,semantic_only,infrastructure_semantic_manipulation,8397,False,False,CAUTION,"B1,B2,CP,B3",BENIGN,
mix-00117,semantic_only,infrastructure_semantic_manipulation,8403,False,False,ACCEPT,"B1,B2,CP,B3",BENIGN,
mix-00117,semantic_only,infrastructure_semantic_manipulation,8367,False,True,CAUTION,"B1,B2,CP,B3",MALICIOUS,
mix-00117,semantic_only,infrastructure_semantic_manipulation,8397,False,False,CAUTION,"B1,B2,CP,B3",BENIGN,
mix-00117,semantic_only,infrastructure_semantic_manipulation,8403,False,False,CAUTION,"B1,B2,CP,B3",BENIGN,
mix-00117,semantic_only,infrastructure_semantic_manipulation,8367,False,True,REJECT,"B1,B2,CP,B3",MALICIOUS,Constant Position check: Vehicle reports movement (avg speed 29.80 km/h) but displacement is only 0.38m over 5000.00s.
mix-00117,semantic_only,infrastructure_semantic_manipulation,8397,False,False,CAUTION,"B1,B2,CP,B3",BENIGN,
mix-00117,semantic_only,infrastructure_semantic_manipulation,8403,False,False,CAUTION,"B1,B2,CP,B3",BENIGN,
mix-00117,semantic_only,infrastructure_semantic_manipulation,8367,False,True,CAUTION,"B1,B2,CP,B3",MALICIOUS,
mix-00117,semantic_only,infrastructure_semantic_manipulation,8397,False,False,CAUTION,"B1,B2,CP,B3",BENIGN,
mix-00117,semantic_only,infrastructure_semantic_manipulation,8403,False,False,CAUTION,"B1,B2,CP,B3",BENIGN,
mix-00117,semantic_only,infrastructure_semantic_manipulation,8367,False,True,CAUTION,"B1,B2,CP,B3",MALICIOUS,
mix-00117,semantic_only,infrastructure_semantic_manipulation,8397,False,False,CAUTION,"B1,B2,CP,B3",BENIGN,
mix-00117,semantic_only,infrastructure_semantic_manipulation,8403,False,False,CAUTION,"B1,B2,CP,B3",BENIGN,
mix-00117,semantic_only,infrastructure_semantic_manipulation,8367,False,True,CAUTION,"B1,B2,CP,B3",MALICIOUS,
mix-00117,semantic_only,infrastructure_semantic_manipulation,8397,False,False,CAUTION,"B1,B2,CP,B3",BENIGN,
mix-00117,semantic_only,infrastructure_semantic_manipulation,8403,False,False,CAUTION,"B1,B2,CP,B3",BENIGN,
mix-00117,semantic_only,infrastructure_semantic_manipulation,8367,False,True,CAUTION,"B1,B2,CP,B3",MALICIOUS,
mix-00117,semantic_only,infrastructure_semantic_manipulation,8397,False,False,CAUTION,"B1,B2,CP,B3",BENIGN,
mix-00118,mixed,mixed_semantic_attacks,8517,False,False,ACCEPT,"B1,B2,CP,B3",BENIGN,No history yet; baseline assumed valid.
mix-00118,mixed,mixed_semantic_attacks,8523,False,False,ACCEPT,"B1,B2,CP,B3",BENIGN,No history yet; baseline assumed valid.
mix-00118,mixed,mixed_semantic_attacks,8505,False,False,ACCEPT,"B1,B2,CP,B3",BENIGN,No history yet; baseline assumed valid.
mix-00118,mixed,mixed_semantic_attacks,8529,False,False,ACCEPT,"B1,B2,CP,B3",BENIGN,No history yet; baseline assumed valid.
mix-00118,mixed,mixed_semantic_attacks,8451,True,False,ACCEPT,"B1,B2,CP,B3",BENIGN,No history yet; baseline assumed valid.
mix-00118,mixed,mixed_semantic_attacks,8499,False,True,ACCEPT,"B1,B2,CP,B3",BENIGN,No history yet; baseline assumed valid.
mix-00118,mixed,mixed_semantic_attacks,8541,False,False,ACCEPT,"B1,B2,CP,B3",BENIGN,No history yet; baseline assumed valid.
mix-00118,mixed,mixed_semantic_attacks,8517,False,False,CAUTION,"B1,B2,CP,B3",BENIGN,
mix-00118,mixed,mixed_semantic_attacks,8523,False,False,CAUTION,"B1,B2,CP,B3",BENIGN,
mix-00118,mixed,mixed_semantic_attacks,8505,False,False,CAUTION,"B1,B2,CP,B3",BENIGN,
mix-00118,mixed,mixed_semantic_attacks,8529,False,False,CAUTION,"B1,B2,CP,B3",BENIGN,
mix-00118,mixed,mixed_semantic_attacks,8451,True,False,CAUTION,"B1,B2,CP,B3",BENIGN,Constant Position check: Vehicle reports movement (avg speed 49.68 km/h) but displacement is only 0.00m over 1000.00s.
mix-00118,mixed,mixed_semantic_attacks,8499,False,True,CAUTION,"B1,B2,CP,B3",BENIGN,
mix-00118,mixed,mixed_semantic_attacks,8541,False,False,CAUTION,"B1,B2,CP,B3",BENIGN,
mix-00119,semantic_only,false_clearance,6723,False,True,CAUTION,"B1,B2,CP,B3",BENIGN,No history yet; baseline assumed valid.
mix-00119,semantic_only,false_clearance,6543,False,False,ACCEPT,"B1,B2,CP,B3",BENIGN,No history yet; baseline assumed valid.
mix-00119,semantic_only,false_clearance,6537,False,False,ACCEPT,"B1,B2,CP,B3",BENIGN,No history yet; baseline assumed valid.
mix-00119,semantic_only,false_clearance,6723,False,True,CAUTION,"B1,B2,CP,B3",MALICIOUS,
mix-00119,semantic_only,false_clearance,6543,False,False,CAUTION,"B1,B2,CP,B3",BENIGN,
mix-00119,semantic_only,false_clearance,6537,False,False,CAUTION,"B1,B2,CP,B3",BENIGN,
mix-00119,semantic_only,false_clearance,6723,False,True,CAUTION,"B1,B2,CP,B3",MALICIOUS,
mix-00119,semantic_only,false_clearance,6543,False,False,CAUTION,"B1,B2,CP,B3",BENIGN,
mix-00119,semantic_only,false_clearance,6537,False,False,CAUTION,"B1,B2,CP,B3",BENIGN,
mix-00119,semantic_only,false_clearance,6723,False,True,CAUTION,"B1,B2,CP,B3",MALICIOUS,
mix-00119,semantic_only,false_clearance,6543,False,False,CAUTION,"B1,B2,CP,B3",BENIGN,
mix-00119,semantic_only,false_clearance,6537,False,False,CAUTION,"B1,B2,CP,B3",BENIGN,
mix-00119,semantic_only,false_clearance,6723,False,True,CAUTION,"B1,B2,CP,B3",MALICIOUS,
mix-00119,semantic_only,false_clearance,6543,False,False,CAUTION,"B1,B2,CP,B3",BENIGN,
mix-00119,semantic_only,false_clearance,6537,False,False,CAUTION,"B1,B2,CP,B3",BENIGN,
mix-00119,semantic_only,false_clearance,6723,False,True,CAUTION,"B1,B2,CP,B3",MALICIOUS,
mix-00119,semantic_only,false_clearance,6543,False,False,ACCEPT,"B1,B2,CP,B3",BENIGN,
mix-00119,semantic_only,false_clearance,6537,False,False,ACCEPT,"B1,B2,CP,B3",BENIGN,
mix-00119,semantic_only,false_clearance,6723,False,True,CAUTION,"B1,B2,CP,B3",MALICIOUS,
mix-00119,semantic_only,false_clearance,6543,False,False,ACCEPT,"B1,B2,CP,B3",BENIGN,
mix-00119,semantic_only,false_clearance,6537,False,False,ACCEPT,"B1,B2,CP,B3",BENIGN,
mix-00119,semantic_only,false_clearance,6723,False,True,CAUTION,"B1,B2,CP,B3",MALICIOUS,
mix-00119,semantic_only,false_clearance,6543,False,False,CAUTION,"B1,B2,CP,B3",BENIGN,
mix-00119,semantic_only,false_clearance,6537,False,False,CAUTION,"B1,B2,CP,B3",BENIGN,
