{
  "y_true": [
    1,
    1,
    1,
    1,
    1,
    1,
    1,
    1,
    1,
    1,
    1,
    1,
    1,
    1,
    1,
    1,
    1,
    1,
    1,
    1,
    1,
    1,
    1,
    1,
    1,
    1,
    1,
    1,
    1,
    1,
    1,
    1,
    1,
    1,
    1,
    1,
    1,
    1,
    1,
    1,
    1,
    1,
    1,
    1,
    1,
    1,
    1,
    1,
    1,
    1,
    1,
    1,
    1,
    1,
    1,
    1,
    1,
    1,
    1,
    1,
    1,
    1,
    1,
    1,
    1,
    1,
    1,
    1,
    1,
    1,
    1,
    1,
    1,
    1,
    1,
    1,
    1,
    1,
    1,
    1,
    1,
    1,
    1,
    1,
    1,
    1,
    1,
    1,
    1,
    1,
    1,
    1,
    1,
    1,
    1,
    1,
    1,
    1,
    1,
    1,
    1,
    1,
    1,
    1,
    1,
    1,
    1,
    1,
    1,
    1,
    1,
    1,
    1,
    1,
    1,
    1,
    1,
    1,
    1,
    1,
    0,
    0,
    0,
    0
  ],
  "score": [
    0.9944500000000001,
    0.790195,
    0.790195,
    0.790195,
    0.90367,
    0.90367,
    0.90367,
    0.90367,
    0.90367,
    0.90367,
    0.90367,
    0.90367,
    0.90367,
    0.90367,
    0.90367,
    0.90367,
    0.90367,
    0.90367,
    0.90367,
    0.90367,
    0.80606,
    0.90367,
    0.80606,
    0.90367,
    0.80606,
    0.90367,
    0.80606,
    0.80606,
    0.80606,
    0.80606,
    0.80606,
    0.80606,
    0.80606,
    0.80606,
    0.80606,
    0.80606,
    0.80606,
    0.80606,
    0.80606,
    0.80606,
    0.7844199999999999,
    0.90367,
    0.90367,
    0.90367,
    0.7844199999999999,
    0.7844199999999999,
    0.7844199999999999,
    0.7844199999999999,
    0.7844199999999999,
    0.7844199999999999,
    0.7844199999999999,
    0.7844199999999999,
    0.7844199999999999,
    0.7844199999999999,
    0.7844199999999999,
    0.7844199999999999,
    0.7844199999999999,
    0.7844199999999999,
    0.7844199999999999,
    0.7844199999999999,
    0.76278,
    0.90367,
    0.8833619246419979,
    0.8650410801069396,
    0.76278,
    0.76278,
    0.76278,
    0.76278,
    0.76278,
    0.76278,
    0.76278,
    0.76278,
    0.76278,
    0.76278,
    0.76278,
    0.76278,
    0.76278,
    0.76278,
    0.76278,
    0.76278,
    0.74114,
    0.76278,
    0.74114,
    0.7249099999999999,
    0.74114,
    0.74114,
    0.74114,
    0.74114,
    0.74114,
    0.74114,
    0.74114,
    0.74114,
    0.74114,
    0.74114,
    0.74114,
    0.74114,
    0.74114,
    0.74114,
    0.74114,
    0.74114,
    0.90367,
    0.90367,
    0.912748,
    0.912748,
    0.912748,
    0.912748,
    0.912748,
    0.912748,
    0.912748,
    0.912748,
    0.912748,
    0.912748,
    0.912748,
    0.912748,
    0.912748,
    0.912748,
    0.912748,
    0.912748,
    0.912748,
    0.912748,
    0.23633074142531063,
    0.23633074142531063,
    0.23633074142531063,
    0.12270000000000014
  ]
}